--------------------------------------------------------
--  파일이 생성됨 - 월요일-11월-08-2021   
--------------------------------------------------------
--------------------------------------------------------
--  DDL for Table ANSWER
--------------------------------------------------------

  CREATE TABLE "STAYWITH"."ANSWER" 
   (	"A_NO" NUMBER, 
	"Q_NO" NUMBER, 
	"A_CONTENT" VARCHAR2(1000 BYTE), 
	"A_DATE" CHAR(8 BYTE)
   ) SEGMENT CREATION IMMEDIATE 
  PCTFREE 10 PCTUSED 40 INITRANS 1 MAXTRANS 255 NOCOMPRESS LOGGING
  STORAGE(INITIAL 65536 NEXT 1048576 MINEXTENTS 1 MAXEXTENTS 2147483645
  PCTINCREASE 0 FREELISTS 1 FREELIST GROUPS 1 BUFFER_POOL DEFAULT FLASH_CACHE DEFAULT CELL_FLASH_CACHE DEFAULT)
  TABLESPACE "SYSTEM" ;
--------------------------------------------------------
--  DDL for Table DINING
--------------------------------------------------------

  CREATE TABLE "STAYWITH"."DINING" 
   (	"DINING_NO" NUMBER, 
	"DINING_TYPE" NUMBER, 
	"DINING_NAME" VARCHAR2(50 BYTE), 
	"DINING_INFO" VARCHAR2(200 BYTE), 
	"DINING_LOC" VARCHAR2(50 BYTE), 
	"DINING_INTRO" VARCHAR2(300 BYTE), 
	"SEAT_CNT" NUMBER, 
	"ROOM_CNT" NUMBER, 
	"THUMBNAIL_IMG" VARCHAR2(100 BYTE), 
	"DETAILED_IMG" VARCHAR2(100 BYTE), 
	"TEL" VARCHAR2(20 BYTE)
   ) SEGMENT CREATION IMMEDIATE 
  PCTFREE 10 PCTUSED 40 INITRANS 1 MAXTRANS 255 NOCOMPRESS LOGGING
  STORAGE(INITIAL 65536 NEXT 1048576 MINEXTENTS 1 MAXEXTENTS 2147483645
  PCTINCREASE 0 FREELISTS 1 FREELIST GROUPS 1 BUFFER_POOL DEFAULT FLASH_CACHE DEFAULT CELL_FLASH_CACHE DEFAULT)
  TABLESPACE "SYSTEM" ;
--------------------------------------------------------
--  DDL for Table DINING_RES
--------------------------------------------------------

  CREATE TABLE "STAYWITH"."DINING_RES" 
   (	"RES_NO" VARCHAR2(20 BYTE), 
	"DINING_NO" NUMBER, 
	"MEMBER_ID" VARCHAR2(30 BYTE), 
	"GUESTS_ADT_CNT" NUMBER, 
	"GUESTS_KID_CNT" NUMBER, 
	"RES_DATE" DATE, 
	"RES_TIME" VARCHAR2(5 BYTE), 
	"TIME_TYPE" NUMBER, 
	"SEAT_TYPE" NUMBER, 
	"RES_STATUS" NUMBER
   ) SEGMENT CREATION IMMEDIATE 
  PCTFREE 10 PCTUSED 40 INITRANS 1 MAXTRANS 255 NOCOMPRESS LOGGING
  STORAGE(INITIAL 65536 NEXT 1048576 MINEXTENTS 1 MAXEXTENTS 2147483645
  PCTINCREASE 0 FREELISTS 1 FREELIST GROUPS 1 BUFFER_POOL DEFAULT FLASH_CACHE DEFAULT CELL_FLASH_CACHE DEFAULT)
  TABLESPACE "SYSTEM" ;
--------------------------------------------------------
--  DDL for Table DINING_REVIEW
--------------------------------------------------------

  CREATE TABLE "STAYWITH"."DINING_REVIEW" 
   (	"D_R_NO" NUMBER, 
	"REVIEW_WRITER" VARCHAR2(30 BYTE), 
	"REVIEW_CONTENT" VARCHAR2(800 BYTE), 
	"REVIEW_DATE" CHAR(10 BYTE), 
	"STAR" NUMBER DEFAULT 0, 
	"RES_NO" VARCHAR2(20 BYTE), 
	"DINING_NO" NUMBER, 
	"DINING_NAME" VARCHAR2(40 BYTE), 
	"RES_DATE" CHAR(10 BYTE), 
	"DINING_IMG" VARCHAR2(500 BYTE)
   ) SEGMENT CREATION IMMEDIATE 
  PCTFREE 10 PCTUSED 40 INITRANS 1 MAXTRANS 255 NOCOMPRESS LOGGING
  STORAGE(INITIAL 65536 NEXT 1048576 MINEXTENTS 1 MAXEXTENTS 2147483645
  PCTINCREASE 0 FREELISTS 1 FREELIST GROUPS 1 BUFFER_POOL DEFAULT FLASH_CACHE DEFAULT CELL_FLASH_CACHE DEFAULT)
  TABLESPACE "SYSTEM" ;

   COMMENT ON COLUMN "STAYWITH"."DINING_REVIEW"."D_R_NO" IS '리뷰번호';
   COMMENT ON COLUMN "STAYWITH"."DINING_REVIEW"."REVIEW_WRITER" IS '작성자';
   COMMENT ON COLUMN "STAYWITH"."DINING_REVIEW"."REVIEW_CONTENT" IS '리뷰 내용';
   COMMENT ON COLUMN "STAYWITH"."DINING_REVIEW"."REVIEW_DATE" IS '리뷰 작성일';
   COMMENT ON COLUMN "STAYWITH"."DINING_REVIEW"."STAR" IS '별점';
   COMMENT ON COLUMN "STAYWITH"."DINING_REVIEW"."RES_NO" IS '다이닝 예약번호';
   COMMENT ON COLUMN "STAYWITH"."DINING_REVIEW"."DINING_NO" IS '다이닝 고유 식별 번호';
--------------------------------------------------------
--  DDL for Table DINING_TIME
--------------------------------------------------------

  CREATE TABLE "STAYWITH"."DINING_TIME" 
   (	"TIME_NO" NUMBER, 
	"DINING_NO" NUMBER, 
	"TIME_TYPE" NUMBER, 
	"TIME_OPEN" CHAR(5 BYTE), 
	"TIME_CLOSE" CHAR(5 BYTE)
   ) SEGMENT CREATION IMMEDIATE 
  PCTFREE 10 PCTUSED 40 INITRANS 1 MAXTRANS 255 NOCOMPRESS LOGGING
  STORAGE(INITIAL 65536 NEXT 1048576 MINEXTENTS 1 MAXEXTENTS 2147483645
  PCTINCREASE 0 FREELISTS 1 FREELIST GROUPS 1 BUFFER_POOL DEFAULT FLASH_CACHE DEFAULT CELL_FLASH_CACHE DEFAULT)
  TABLESPACE "SYSTEM" ;
--------------------------------------------------------
--  DDL for Table FAQ
--------------------------------------------------------

  CREATE TABLE "STAYWITH"."FAQ" 
   (	"FAQ_NO" NUMBER, 
	"FAQ_TITLE" VARCHAR2(300 BYTE), 
	"FAQ_CONTENT" VARCHAR2(3000 BYTE), 
	"FAQ_SORT" NUMBER
   ) SEGMENT CREATION IMMEDIATE 
  PCTFREE 10 PCTUSED 40 INITRANS 1 MAXTRANS 255 NOCOMPRESS LOGGING
  STORAGE(INITIAL 65536 NEXT 1048576 MINEXTENTS 1 MAXEXTENTS 2147483645
  PCTINCREASE 0 FREELISTS 1 FREELIST GROUPS 1 BUFFER_POOL DEFAULT FLASH_CACHE DEFAULT CELL_FLASH_CACHE DEFAULT)
  TABLESPACE "SYSTEM" ;
--------------------------------------------------------
--  DDL for Table LF_RES
--------------------------------------------------------

  CREATE TABLE "STAYWITH"."LF_RES" 
   (	"RES_NO" VARCHAR2(20 BYTE), 
	"LF_NO" NUMBER, 
	"MEMBER_ID" VARCHAR2(30 BYTE), 
	"RES_PEOPLE" NUMBER, 
	"RES_DATE" DATE DEFAULT SYSDATE, 
	"RES_TIME" CHAR(5 BYTE), 
	"STATUS" NUMBER, 
	"PRICE" NUMBER
   ) SEGMENT CREATION IMMEDIATE 
  PCTFREE 10 PCTUSED 40 INITRANS 1 MAXTRANS 255 NOCOMPRESS LOGGING
  STORAGE(INITIAL 65536 NEXT 1048576 MINEXTENTS 1 MAXEXTENTS 2147483645
  PCTINCREASE 0 FREELISTS 1 FREELIST GROUPS 1 BUFFER_POOL DEFAULT FLASH_CACHE DEFAULT CELL_FLASH_CACHE DEFAULT)
  TABLESPACE "SYSTEM" ;

   COMMENT ON COLUMN "STAYWITH"."LF_RES"."RES_NO" IS '예약번호';
   COMMENT ON COLUMN "STAYWITH"."LF_RES"."LF_NO" IS '라이프스타일 고유 번호';
   COMMENT ON COLUMN "STAYWITH"."LF_RES"."MEMBER_ID" IS '회원아이디';
   COMMENT ON COLUMN "STAYWITH"."LF_RES"."RES_PEOPLE" IS '예약 명수';
   COMMENT ON COLUMN "STAYWITH"."LF_RES"."RES_DATE" IS '예약 날짜';
   COMMENT ON COLUMN "STAYWITH"."LF_RES"."RES_TIME" IS '방문 시간';
   COMMENT ON COLUMN "STAYWITH"."LF_RES"."STATUS" IS '1.예약완료/2.이용완료/3.예약취소신청/4.취소완료';
   COMMENT ON COLUMN "STAYWITH"."LF_RES"."PRICE" IS '총 가격';
--------------------------------------------------------
--  DDL for Table LIFESTYLE
--------------------------------------------------------

  CREATE TABLE "STAYWITH"."LIFESTYLE" 
   (	"LF_NO" NUMBER, 
	"LF_CATEGORY" VARCHAR2(20 BYTE), 
	"LF_TITLE" VARCHAR2(30 BYTE), 
	"LF_CONTENT" VARCHAR2(4000 BYTE), 
	"LF_STATUS" NUMBER, 
	"FILEPATH" VARCHAR2(500 BYTE), 
	"FILENAME" VARCHAR2(500 BYTE), 
	"THUMBNAIL" VARCHAR2(100 BYTE)
   ) SEGMENT CREATION IMMEDIATE 
  PCTFREE 10 PCTUSED 40 INITRANS 1 MAXTRANS 255 NOCOMPRESS LOGGING
  STORAGE(INITIAL 65536 NEXT 1048576 MINEXTENTS 1 MAXEXTENTS 2147483645
  PCTINCREASE 0 FREELISTS 1 FREELIST GROUPS 1 BUFFER_POOL DEFAULT FLASH_CACHE DEFAULT CELL_FLASH_CACHE DEFAULT)
  TABLESPACE "SYSTEM" ;

   COMMENT ON COLUMN "STAYWITH"."LIFESTYLE"."LF_NO" IS '라이프스타일 고유 번호';
   COMMENT ON COLUMN "STAYWITH"."LIFESTYLE"."LF_CATEGORY" IS '카테고리';
   COMMENT ON COLUMN "STAYWITH"."LIFESTYLE"."LF_TITLE" IS '제목';
   COMMENT ON COLUMN "STAYWITH"."LIFESTYLE"."LF_CONTENT" IS '내용';
   COMMENT ON COLUMN "STAYWITH"."LIFESTYLE"."LF_STATUS" IS '상태(1.예약가능/2.마감)';
   COMMENT ON COLUMN "STAYWITH"."LIFESTYLE"."FILEPATH" IS '';
   COMMENT ON COLUMN "STAYWITH"."LIFESTYLE"."THUMBNAIL" IS '썸네일 내용';
--------------------------------------------------------
--  DDL for Table LIFE_REVIEW
--------------------------------------------------------

  CREATE TABLE "STAYWITH"."LIFE_REVIEW" 
   (	"LF_R_NO" NUMBER, 
	"REVIEW_WRITER" VARCHAR2(30 BYTE), 
	"REVIEW_CONTENT" VARCHAR2(800 BYTE), 
	"REVIEW_DATE" CHAR(10 BYTE), 
	"STAR" NUMBER DEFAULT 0, 
	"RES_NO" VARCHAR2(20 BYTE), 
	"LF_NO" NUMBER, 
	"LIFE_NAME" VARCHAR2(40 BYTE), 
	"RES_DATE" CHAR(10 BYTE), 
	"LIFE_IMG" VARCHAR2(500 BYTE)
   ) SEGMENT CREATION IMMEDIATE 
  PCTFREE 10 PCTUSED 40 INITRANS 1 MAXTRANS 255 NOCOMPRESS LOGGING
  STORAGE(INITIAL 65536 NEXT 1048576 MINEXTENTS 1 MAXEXTENTS 2147483645
  PCTINCREASE 0 FREELISTS 1 FREELIST GROUPS 1 BUFFER_POOL DEFAULT FLASH_CACHE DEFAULT CELL_FLASH_CACHE DEFAULT)
  TABLESPACE "SYSTEM" ;

   COMMENT ON COLUMN "STAYWITH"."LIFE_REVIEW"."LF_R_NO" IS '리뷰번호';
   COMMENT ON COLUMN "STAYWITH"."LIFE_REVIEW"."REVIEW_WRITER" IS '작성자';
   COMMENT ON COLUMN "STAYWITH"."LIFE_REVIEW"."REVIEW_CONTENT" IS '리뷰 내용';
   COMMENT ON COLUMN "STAYWITH"."LIFE_REVIEW"."REVIEW_DATE" IS '리뷰 작성일';
   COMMENT ON COLUMN "STAYWITH"."LIFE_REVIEW"."STAR" IS '별점';
   COMMENT ON COLUMN "STAYWITH"."LIFE_REVIEW"."RES_NO" IS '예약번호';
   COMMENT ON COLUMN "STAYWITH"."LIFE_REVIEW"."LF_NO" IS '라이프스타일 고유 번호';
--------------------------------------------------------
--  DDL for Table MEMBER
--------------------------------------------------------

  CREATE TABLE "STAYWITH"."MEMBER" 
   (	"MEMBER_NO" NUMBER, 
	"MEMBER_ID" VARCHAR2(30 BYTE), 
	"MEMBER_PW" VARCHAR2(30 BYTE), 
	"MEMBER_KNAME" VARCHAR2(40 BYTE), 
	"MEMBER_LNAME" VARCHAR2(20 BYTE), 
	"MEMBER_FNAME" VARCHAR2(20 BYTE), 
	"MEMBER_LEVEL" NUMBER, 
	"PHONE" CHAR(13 BYTE), 
	"BIRTH" NUMBER, 
	"EMAIL" VARCHAR2(50 BYTE), 
	"POINT" NUMBER DEFAULT 0, 
	"ENROLL_DATE" CHAR(10 BYTE)
   ) SEGMENT CREATION IMMEDIATE 
  PCTFREE 10 PCTUSED 40 INITRANS 1 MAXTRANS 255 NOCOMPRESS LOGGING
  STORAGE(INITIAL 65536 NEXT 1048576 MINEXTENTS 1 MAXEXTENTS 2147483645
  PCTINCREASE 0 FREELISTS 1 FREELIST GROUPS 1 BUFFER_POOL DEFAULT FLASH_CACHE DEFAULT CELL_FLASH_CACHE DEFAULT)
  TABLESPACE "SYSTEM" ;

   COMMENT ON COLUMN "STAYWITH"."MEMBER"."MEMBER_NO" IS '회원 고유 식별 번호';
   COMMENT ON COLUMN "STAYWITH"."MEMBER"."MEMBER_ID" IS '회원 아이디, 유니크 설정필요';
   COMMENT ON COLUMN "STAYWITH"."MEMBER"."MEMBER_PW" IS '회원 비밀번호';
   COMMENT ON COLUMN "STAYWITH"."MEMBER"."MEMBER_KNAME" IS '회원 한글이름';
   COMMENT ON COLUMN "STAYWITH"."MEMBER"."MEMBER_LNAME" IS '회원 영문이름(성)';
   COMMENT ON COLUMN "STAYWITH"."MEMBER"."MEMBER_FNAME" IS '회원 영문이름(이름)';
   COMMENT ON COLUMN "STAYWITH"."MEMBER"."MEMBER_LEVEL" IS '회원 등급(관리자 -1  / 브라운-2 /  실버 -3 / 골드 -4 / 다이아몬드 -5)';
   COMMENT ON COLUMN "STAYWITH"."MEMBER"."PHONE" IS '전화번호';
   COMMENT ON COLUMN "STAYWITH"."MEMBER"."BIRTH" IS '생년월일';
   COMMENT ON COLUMN "STAYWITH"."MEMBER"."EMAIL" IS '이메일';
   COMMENT ON COLUMN "STAYWITH"."MEMBER"."POINT" IS '포인트';
   COMMENT ON COLUMN "STAYWITH"."MEMBER"."ENROLL_DATE" IS '가입일(YYYY-MM-DD)';
--------------------------------------------------------
--  DDL for Table NOTICE
--------------------------------------------------------

  CREATE TABLE "STAYWITH"."NOTICE" 
   (	"NOTICE_NO" NUMBER, 
	"NOTICE_TITLE" VARCHAR2(300 BYTE), 
	"NOTICE_CONTENT" VARCHAR2(4000 BYTE), 
	"NOTICE_WRITER" VARCHAR2(30 BYTE), 
	"REG_DATE" CHAR(10 BYTE), 
	"FILENAME" VARCHAR2(100 BYTE), 
	"FILEPATH" VARCHAR2(100 BYTE)
   ) SEGMENT CREATION IMMEDIATE 
  PCTFREE 10 PCTUSED 40 INITRANS 1 MAXTRANS 255 NOCOMPRESS LOGGING
  STORAGE(INITIAL 65536 NEXT 1048576 MINEXTENTS 1 MAXEXTENTS 2147483645
  PCTINCREASE 0 FREELISTS 1 FREELIST GROUPS 1 BUFFER_POOL DEFAULT FLASH_CACHE DEFAULT CELL_FLASH_CACHE DEFAULT)
  TABLESPACE "SYSTEM" ;
--------------------------------------------------------
--  DDL for Table QUESTION
--------------------------------------------------------

  CREATE TABLE "STAYWITH"."QUESTION" 
   (	"Q_NO" NUMBER, 
	"Q_CATEGORY" VARCHAR2(20 BYTE) DEFAULT 'Stay With호텔', 
	"Q_TYPE" VARCHAR2(20 BYTE), 
	"Q_ABOUT" VARCHAR2(30 BYTE), 
	"Q_TITLE" VARCHAR2(30 BYTE), 
	"RES_NO" VARCHAR2(20 BYTE), 
	"FILEPATH" VARCHAR2(100 BYTE), 
	"USED_DATE" CHAR(10 BYTE), 
	"Q_CONTENT" VARCHAR2(500 BYTE), 
	"Q_NAME" VARCHAR2(20 BYTE), 
	"EMAIL" VARCHAR2(50 BYTE), 
	"PHONE" CHAR(13 BYTE), 
	"HOME" CHAR(13 BYTE), 
	"Q_AUTO" VARCHAR2(20 BYTE), 
	"FILENAME" VARCHAR2(100 BYTE)
   ) SEGMENT CREATION IMMEDIATE 
  PCTFREE 10 PCTUSED 40 INITRANS 1 MAXTRANS 255 NOCOMPRESS LOGGING
  STORAGE(INITIAL 65536 NEXT 1048576 MINEXTENTS 1 MAXEXTENTS 2147483645
  PCTINCREASE 0 FREELISTS 1 FREELIST GROUPS 1 BUFFER_POOL DEFAULT FLASH_CACHE DEFAULT CELL_FLASH_CACHE DEFAULT)
  TABLESPACE "SYSTEM" ;

   COMMENT ON COLUMN "STAYWITH"."QUESTION"."Q_NO" IS '문의 번호';
   COMMENT ON COLUMN "STAYWITH"."QUESTION"."Q_CATEGORY" IS '문의 구분';
   COMMENT ON COLUMN "STAYWITH"."QUESTION"."Q_TYPE" IS '의견/ 문의';
   COMMENT ON COLUMN "STAYWITH"."QUESTION"."Q_ABOUT" IS '관련문의(문의ONLY)';
   COMMENT ON COLUMN "STAYWITH"."QUESTION"."Q_TITLE" IS '문의 제목(문의ONLY)';
   COMMENT ON COLUMN "STAYWITH"."QUESTION"."RES_NO" IS '예약번호(문의ONLY)';
   COMMENT ON COLUMN "STAYWITH"."QUESTION"."FILEPATH" IS '파일첨부(의견ONLY)';
   COMMENT ON COLUMN "STAYWITH"."QUESTION"."USED_DATE" IS '이용한 날짜(의견ONLY)';
   COMMENT ON COLUMN "STAYWITH"."QUESTION"."Q_CONTENT" IS '문의 내용';
   COMMENT ON COLUMN "STAYWITH"."QUESTION"."Q_NAME" IS '문의자 이름';
   COMMENT ON COLUMN "STAYWITH"."QUESTION"."EMAIL" IS '문의자 이메일';
   COMMENT ON COLUMN "STAYWITH"."QUESTION"."PHONE" IS '문의자 전화번호';
   COMMENT ON COLUMN "STAYWITH"."QUESTION"."HOME" IS '문의자 자택번호';
   COMMENT ON COLUMN "STAYWITH"."QUESTION"."Q_AUTO" IS '자동입력방지';
   COMMENT ON COLUMN "STAYWITH"."QUESTION"."FILENAME" IS '파일첨부(문의only)';
--------------------------------------------------------
--  DDL for Table ROOM
--------------------------------------------------------

  CREATE TABLE "STAYWITH"."ROOM" 
   (	"ROOM_NO" NUMBER, 
	"ROOM_TYPE" VARCHAR2(20 BYTE), 
	"ROOM_NAME" VARCHAR2(30 BYTE), 
	"ROOM_DETAIL" VARCHAR2(200 BYTE), 
	"ROOM_LOC" VARCHAR2(10 BYTE), 
	"ROOM_SIZE" VARCHAR2(20 BYTE), 
	"BED" VARCHAR2(10 BYTE), 
	"ROOM_FORM" VARCHAR2(50 BYTE), 
	"ROOM_VIEW" VARCHAR2(20 BYTE), 
	"MAX_NUM" NUMBER, 
	"ROOM_PRICE" NUMBER, 
	"ROOM_IMG" VARCHAR2(500 BYTE), 
	"ROOM_INFO" VARCHAR2(500 BYTE), 
	"ROOM_STATUS" NUMBER DEFAULT 1
   ) SEGMENT CREATION IMMEDIATE 
  PCTFREE 10 PCTUSED 40 INITRANS 1 MAXTRANS 255 NOCOMPRESS LOGGING
  STORAGE(INITIAL 65536 NEXT 1048576 MINEXTENTS 1 MAXEXTENTS 2147483645
  PCTINCREASE 0 FREELISTS 1 FREELIST GROUPS 1 BUFFER_POOL DEFAULT FLASH_CACHE DEFAULT CELL_FLASH_CACHE DEFAULT)
  TABLESPACE "SYSTEM" ;
--------------------------------------------------------
--  DDL for Table ROOM_RES
--------------------------------------------------------

  CREATE TABLE "STAYWITH"."ROOM_RES" 
   (	"RES_NUM" VARCHAR2(20 BYTE), 
	"ROOM_NO" NUMBER, 
	"MEMBER_ID" VARCHAR2(30 BYTE), 
	"MEMBER_KNAME" VARCHAR2(40 BYTE), 
	"ROOM_TYPE" VARCHAR2(20 BYTE), 
	"ROOM_NAME" VARCHAR2(30 BYTE), 
	"CHECKIN" DATE DEFAULT SYSDATE, 
	"CHECKOUT" DATE DEFAULT SYSDATE+1, 
	"ROOM_PRICE" NUMBER, 
	"PAY_STATUS" NUMBER, 
	"ADULT" NUMBER DEFAULT 1, 
	"KID" NUMBER DEFAULT 0
   ) SEGMENT CREATION IMMEDIATE 
  PCTFREE 10 PCTUSED 40 INITRANS 1 MAXTRANS 255 NOCOMPRESS LOGGING
  STORAGE(INITIAL 65536 NEXT 1048576 MINEXTENTS 1 MAXEXTENTS 2147483645
  PCTINCREASE 0 FREELISTS 1 FREELIST GROUPS 1 BUFFER_POOL DEFAULT FLASH_CACHE DEFAULT CELL_FLASH_CACHE DEFAULT)
  TABLESPACE "SYSTEM" ;
--------------------------------------------------------
--  DDL for Table ROOM_RES_MAIN
--------------------------------------------------------

  CREATE TABLE "STAYWITH"."ROOM_RES_MAIN" 
   (	"MEMBER_ID" VARCHAR2(30 BYTE), 
	"CHECKIN" DATE DEFAULT SYSDATE, 
	"CHECKOUT" DATE DEFAULT SYSDATE+1, 
	"ADULT" NUMBER DEFAULT 1, 
	"KID" NUMBER DEFAULT 0
   ) SEGMENT CREATION IMMEDIATE 
  PCTFREE 10 PCTUSED 40 INITRANS 1 MAXTRANS 255 NOCOMPRESS LOGGING
  STORAGE(INITIAL 65536 NEXT 1048576 MINEXTENTS 1 MAXEXTENTS 2147483645
  PCTINCREASE 0 FREELISTS 1 FREELIST GROUPS 1 BUFFER_POOL DEFAULT FLASH_CACHE DEFAULT CELL_FLASH_CACHE DEFAULT)
  TABLESPACE "SYSTEM" ;
--------------------------------------------------------
--  DDL for Table ROOM_RES_MAIN2
--------------------------------------------------------

  CREATE TABLE "STAYWITH"."ROOM_RES_MAIN2" 
   (	"main_NO" NUMBER, 
	"CHECKIN" DATE DEFAULT SYSDATE, 
	"CHECKOUT" DATE DEFAULT SYSDATE+1, 
	"ADULT" NUMBER DEFAULT 1, 
	"KID" NUMBER DEFAULT 0
   ) SEGMENT CREATION IMMEDIATE 
  PCTFREE 10 PCTUSED 40 INITRANS 1 MAXTRANS 255 NOCOMPRESS LOGGING
  STORAGE(INITIAL 65536 NEXT 1048576 MINEXTENTS 1 MAXEXTENTS 2147483645
  PCTINCREASE 0 FREELISTS 1 FREELIST GROUPS 1 BUFFER_POOL DEFAULT FLASH_CACHE DEFAULT CELL_FLASH_CACHE DEFAULT)
  TABLESPACE "SYSTEM" ;
--------------------------------------------------------
--  DDL for Table ROOM_RES_MAIN3
--------------------------------------------------------

  CREATE TABLE "STAYWITH"."ROOM_RES_MAIN3" 
   (	"CHECKIN" DATE DEFAULT SYSDATE, 
	"CHECKOUT" DATE DEFAULT SYSDATE+1, 
	"ADULT" NUMBER DEFAULT 1, 
	"KID" NUMBER DEFAULT 0
   ) SEGMENT CREATION IMMEDIATE 
  PCTFREE 10 PCTUSED 40 INITRANS 1 MAXTRANS 255 NOCOMPRESS LOGGING
  STORAGE(INITIAL 65536 NEXT 1048576 MINEXTENTS 1 MAXEXTENTS 2147483645
  PCTINCREASE 0 FREELISTS 1 FREELIST GROUPS 1 BUFFER_POOL DEFAULT FLASH_CACHE DEFAULT CELL_FLASH_CACHE DEFAULT)
  TABLESPACE "SYSTEM" ;
--------------------------------------------------------
--  DDL for Table ROOM_REVIEW
--------------------------------------------------------

  CREATE TABLE "STAYWITH"."ROOM_REVIEW" 
   (	"R_R_NO" NUMBER, 
	"REVIEW_WRITER" VARCHAR2(30 BYTE), 
	"REVIEW_CONTENT" VARCHAR2(800 BYTE), 
	"REVIEW_DATE" CHAR(10 BYTE), 
	"STAR" NUMBER DEFAULT 0, 
	"RES_NUM" VARCHAR2(20 BYTE), 
	"ROOM_NO" NUMBER, 
	"ROOM_NAME" VARCHAR2(40 BYTE), 
	"CHECKIN_DATE" CHAR(10 BYTE), 
	"CHECKOUT_DATE" CHAR(10 BYTE), 
	"ROOM_IMG" VARCHAR2(500 BYTE)
   ) SEGMENT CREATION IMMEDIATE 
  PCTFREE 10 PCTUSED 40 INITRANS 1 MAXTRANS 255 NOCOMPRESS LOGGING
  STORAGE(INITIAL 65536 NEXT 1048576 MINEXTENTS 1 MAXEXTENTS 2147483645
  PCTINCREASE 0 FREELISTS 1 FREELIST GROUPS 1 BUFFER_POOL DEFAULT FLASH_CACHE DEFAULT CELL_FLASH_CACHE DEFAULT)
  TABLESPACE "SYSTEM" ;

   COMMENT ON COLUMN "STAYWITH"."ROOM_REVIEW"."R_R_NO" IS '리뷰번호';
   COMMENT ON COLUMN "STAYWITH"."ROOM_REVIEW"."REVIEW_WRITER" IS '작성자';
   COMMENT ON COLUMN "STAYWITH"."ROOM_REVIEW"."REVIEW_CONTENT" IS '리뷰 내용';
   COMMENT ON COLUMN "STAYWITH"."ROOM_REVIEW"."REVIEW_DATE" IS '리뷰 작성일';
   COMMENT ON COLUMN "STAYWITH"."ROOM_REVIEW"."STAR" IS '별점';
   COMMENT ON COLUMN "STAYWITH"."ROOM_REVIEW"."RES_NUM" IS '예약번호';
   COMMENT ON COLUMN "STAYWITH"."ROOM_REVIEW"."ROOM_NO" IS '객실고유식별번호';
--------------------------------------------------------
--  DDL for Table TOURGUIDE
--------------------------------------------------------

  CREATE TABLE "STAYWITH"."TOURGUIDE" 
   (	"TG_NO" NUMBER, 
	"TG_TITLE" VARCHAR2(300 BYTE), 
	"TG_CONTENT" VARCHAR2(1000 BYTE), 
	"TG_LOCATION" VARCHAR2(200 BYTE), 
	"TG_PHONE" CHAR(13 BYTE), 
	"FILEPATH" VARCHAR2(100 BYTE), 
	"TG_SORT" NUMBER
   ) SEGMENT CREATION IMMEDIATE 
  PCTFREE 10 PCTUSED 40 INITRANS 1 MAXTRANS 255 NOCOMPRESS LOGGING
  STORAGE(INITIAL 65536 NEXT 1048576 MINEXTENTS 1 MAXEXTENTS 2147483645
  PCTINCREASE 0 FREELISTS 1 FREELIST GROUPS 1 BUFFER_POOL DEFAULT FLASH_CACHE DEFAULT CELL_FLASH_CACHE DEFAULT)
  TABLESPACE "SYSTEM" ;
--------------------------------------------------------
--  DDL for Sequence ADMIN_TEST_SEQ
--------------------------------------------------------

   CREATE SEQUENCE  "STAYWITH"."ADMIN_TEST_SEQ"  MINVALUE 1 MAXVALUE 9999999999999999999999999999 INCREMENT BY 1 START WITH 41 CACHE 20 NOORDER  NOCYCLE ;
--------------------------------------------------------
--  DDL for Sequence A_SEQ
--------------------------------------------------------

   CREATE SEQUENCE  "STAYWITH"."A_SEQ"  MINVALUE 1 MAXVALUE 9999999999999999999999999999 INCREMENT BY 1 START WITH 41 CACHE 20 NOORDER  NOCYCLE ;
--------------------------------------------------------
--  DDL for Sequence DINING_RES_SEQ
--------------------------------------------------------

   CREATE SEQUENCE  "STAYWITH"."DINING_RES_SEQ"  MINVALUE 1 MAXVALUE 9999999999999999999999999999 INCREMENT BY 1 START WITH 121 CACHE 20 NOORDER  NOCYCLE ;
--------------------------------------------------------
--  DDL for Sequence DINING_SEQ
--------------------------------------------------------

   CREATE SEQUENCE  "STAYWITH"."DINING_SEQ"  MINVALUE 1 MAXVALUE 9999999999999999999999999999 INCREMENT BY 1 START WITH 141 CACHE 20 NOORDER  NOCYCLE ;
--------------------------------------------------------
--  DDL for Sequence DINING_TIME_SEQ
--------------------------------------------------------

   CREATE SEQUENCE  "STAYWITH"."DINING_TIME_SEQ"  MINVALUE 1 MAXVALUE 9999999999999999999999999999 INCREMENT BY 1 START WITH 81 CACHE 20 NOORDER  NOCYCLE ;
--------------------------------------------------------
--  DDL for Sequence DR_SEQ
--------------------------------------------------------

   CREATE SEQUENCE  "STAYWITH"."DR_SEQ"  MINVALUE 1 MAXVALUE 9999999999999999999999999999 INCREMENT BY 1 START WITH 81 CACHE 20 NOORDER  NOCYCLE ;
--------------------------------------------------------
--  DDL for Sequence FAQ_SEQ
--------------------------------------------------------

   CREATE SEQUENCE  "STAYWITH"."FAQ_SEQ"  MINVALUE 1 MAXVALUE 9999999999999999999999999999 INCREMENT BY 1 START WITH 101 CACHE 20 NOORDER  NOCYCLE ;
--------------------------------------------------------
--  DDL for Sequence FR_SEQ
--------------------------------------------------------

   CREATE SEQUENCE  "STAYWITH"."FR_SEQ"  MINVALUE 1 MAXVALUE 9999999999999999999999999999 INCREMENT BY 1 START WITH 61 CACHE 20 NOORDER  NOCYCLE ;
--------------------------------------------------------
--  DDL for Sequence LF_RES_SEQ
--------------------------------------------------------

   CREATE SEQUENCE  "STAYWITH"."LF_RES_SEQ"  MINVALUE 1 MAXVALUE 9999999999999999999999999999 INCREMENT BY 1 START WITH 81 CACHE 20 NOORDER  NOCYCLE ;
--------------------------------------------------------
--  DDL for Sequence LF_SEQ
--------------------------------------------------------

   CREATE SEQUENCE  "STAYWITH"."LF_SEQ"  MINVALUE 1 MAXVALUE 9999999999999999999999999999 INCREMENT BY 1 START WITH 61 CACHE 20 NOORDER  NOCYCLE ;
--------------------------------------------------------
--  DDL for Sequence MAIN_SEQ
--------------------------------------------------------

   CREATE SEQUENCE  "STAYWITH"."MAIN_SEQ"  MINVALUE 1 MAXVALUE 9999999999999999999999999999 INCREMENT BY 1 START WITH 21 CACHE 20 NOORDER  NOCYCLE ;
--------------------------------------------------------
--  DDL for Sequence M_SEQ
--------------------------------------------------------

   CREATE SEQUENCE  "STAYWITH"."M_SEQ"  MINVALUE 1 MAXVALUE 9999999999999999999999999999 INCREMENT BY 1 START WITH 81 CACHE 20 NOORDER  NOCYCLE ;
--------------------------------------------------------
--  DDL for Sequence NOTICE_SEQ
--------------------------------------------------------

   CREATE SEQUENCE  "STAYWITH"."NOTICE_SEQ"  MINVALUE 1 MAXVALUE 9999999999999999999999999999 INCREMENT BY 1 START WITH 61 CACHE 20 NOORDER  NOCYCLE ;
--------------------------------------------------------
--  DDL for Sequence Q_SEQ
--------------------------------------------------------

   CREATE SEQUENCE  "STAYWITH"."Q_SEQ"  MINVALUE 1 MAXVALUE 9999999999999999999999999999 INCREMENT BY 1 START WITH 161 CACHE 20 NOORDER  NOCYCLE ;
--------------------------------------------------------
--  DDL for Sequence ROOM_SEQ
--------------------------------------------------------

   CREATE SEQUENCE  "STAYWITH"."ROOM_SEQ"  MINVALUE 1 MAXVALUE 9999999999999999999999999999 INCREMENT BY 1 START WITH 41 CACHE 20 NOORDER  NOCYCLE ;
--------------------------------------------------------
--  DDL for Sequence RRES_SEQ
--------------------------------------------------------

   CREATE SEQUENCE  "STAYWITH"."RRES_SEQ"  MINVALUE 1 MAXVALUE 9999999999999999999999999999 INCREMENT BY 1 START WITH 41 CACHE 20 NOORDER  NOCYCLE ;
--------------------------------------------------------
--  DDL for Sequence RR_SEQ
--------------------------------------------------------

   CREATE SEQUENCE  "STAYWITH"."RR_SEQ"  MINVALUE 1 MAXVALUE 9999999999999999999999999999 INCREMENT BY 1 START WITH 61 CACHE 20 NOORDER  NOCYCLE ;
--------------------------------------------------------
--  DDL for Sequence TG_SEQ
--------------------------------------------------------

   CREATE SEQUENCE  "STAYWITH"."TG_SEQ"  MINVALUE 1 MAXVALUE 9999999999999999999999999999 INCREMENT BY 1 START WITH 61 CACHE 20 NOORDER  NOCYCLE ;
REM INSERTING into STAYWITH.ANSWER
SET DEFINE OFF;
Insert into STAYWITH.ANSWER (A_NO,Q_NO,A_CONTENT,A_DATE) values (39,143,'테스트 답변입니다.','21/11/05');
Insert into STAYWITH.ANSWER (A_NO,Q_NO,A_CONTENT,A_DATE) values (40,144,'테스트 답변입니다.','21/11/05');
Insert into STAYWITH.ANSWER (A_NO,Q_NO,A_CONTENT,A_DATE) values (37,141,'죄송합니다.
개선하겠습니다.','21/11/05');
Insert into STAYWITH.ANSWER (A_NO,Q_NO,A_CONTENT,A_DATE) values (38,142,'테스트 답변입니다.','21/11/05');
REM INSERTING into STAYWITH.DINING
SET DEFINE OFF;
Insert into STAYWITH.DINING (DINING_NO,DINING_TYPE,DINING_NAME,DINING_INFO,DINING_LOC,DINING_INTRO,SEAT_CNT,ROOM_CNT,THUMBNAIL_IMG,DETAILED_IMG,TEL) values (101,3,'패스트리 부티크','미적 감각이 돋보이는 베이커리','STAYWITH호텔 1층','품격 있는 명품 쥬얼리 부티크를 연상시키는 디스플레이와 전문 파티시에의 손길에서 태어난 정성이 담긴 명품 패스트리와 베이커리를 만나보실 수 있습니다.',null,null,'R0000000GBNV_KR.jpg','R0000000083V_KR.jpg','02-2230-3377');
Insert into STAYWITH.DINING (DINING_NO,DINING_TYPE,DINING_NAME,DINING_INFO,DINING_LOC,DINING_INTRO,SEAT_CNT,ROOM_CNT,THUMBNAIL_IMG,DETAILED_IMG,TEL) values (42,1,'라연','전통과 품격의 한식 레스토랑','STAYWITH호텔 23층','전통의 맛을 세심하고 세련되게 표현한 한식당, 세계 최초로 미쉐린 3스타 레스토랑으로 선정된 라연만의 정통 한식을 경험해보시기 바랍니다.',50,2,'R0000000GBME_KR.jpg','R00000001HRF_KR.jpg','02-2230-3369');
Insert into STAYWITH.DINING (DINING_NO,DINING_TYPE,DINING_NAME,DINING_INFO,DINING_LOC,DINING_INTRO,SEAT_CNT,ROOM_CNT,THUMBNAIL_IMG,DETAILED_IMG,TEL) values (43,1,'아리아께','五感을 만족시키는 정통 일식당','STAYWITH호텔 2층','모던함이 느껴지는 현대적 감각의 레스토랑으로 청정해의 해산물과 직접 엄선한 최고급 식재료로 정통 일식의 진수를 선보입니다.',93,5,'R0000000GBL5_KR.jpg','R000000006TK_KR.jpg','02-2230-3356');
Insert into STAYWITH.DINING (DINING_NO,DINING_TYPE,DINING_NAME,DINING_INFO,DINING_LOC,DINING_INTRO,SEAT_CNT,ROOM_CNT,THUMBNAIL_IMG,DETAILED_IMG,TEL) values (121,3,'냠냠 쩝쩝 베이커리','냠냠냠 쩝쩝쩝<*^ㅁ^*>','용산구','<*^ㅁ^*><*^ㅁ^*><*^ㅁ^*><*^ㅁ^*><*^ㅁ^*><*^ㅁ^*><*^ㅁ^*><*^ㅁ^*><*^ㅁ^*><*^ㅁ^*><*^ㅁ^*><*^ㅁ^*><*^ㅁ^*><*^ㅁ^*>',null,null,'img10.jpg','img101.jpg','02-333-3333');
Insert into STAYWITH.DINING (DINING_NO,DINING_TYPE,DINING_NAME,DINING_INFO,DINING_LOC,DINING_INTRO,SEAT_CNT,ROOM_CNT,THUMBNAIL_IMG,DETAILED_IMG,TEL) values (36,1,'콘티넨탈','정통 프렌치 레스토랑','STAYWITH호텔 23층','우아한 실내장식과 부드러운 조명, 전문적이고 세심한 직원 서비스 또한 소중한 사람과의 특별한 만남을 더욱 빛나게 합니다.',56,5,'R0000001CDNL_KR.jpg','R00000019XU4_KR.jpg','02-2230-3369');
Insert into STAYWITH.DINING (DINING_NO,DINING_TYPE,DINING_NAME,DINING_INFO,DINING_LOC,DINING_INTRO,SEAT_CNT,ROOM_CNT,THUMBNAIL_IMG,DETAILED_IMG,TEL) values (37,2,'더 라이브러리','신개념의 고품격 사교 공간 라운지&바','STAYWITH호텔 1층','세계적인 인테리어 디자이너 피터 라미디오스가 디자인한 더 라이브러리는 고객의 라이프스타일과 취향에 따라 다양하게 이용하실 수 있는 컨템포러리 라운지&바입니다.',143,4,'R0000000GBNF_KR.jpg','R00000003O98_KR.jpg','02-2230-3388');
Insert into STAYWITH.DINING (DINING_NO,DINING_TYPE,DINING_NAME,DINING_INFO,DINING_LOC,DINING_INTRO,SEAT_CNT,ROOM_CNT,THUMBNAIL_IMG,DETAILED_IMG,TEL) values (39,2,'더 이그제큐티브 라운지','어디에서도 찾을 수 없는 최고 수준의 라운지','STAYWITH호텔 23층','고급스러운 펜트하우스의 응접실을 콘셉트로 구현한 비즈니스 공간입니다. 도시의 전경이 그림처럼 펼쳐지는 더 이그제큐티브 라운지에서 특별한 다이닝 경험을 체험해보시기 바랍니다.',200,10,'R000000025TF_KR.jpg','R000000025TP_KR.jpg','02-2230-3310');
Insert into STAYWITH.DINING (DINING_NO,DINING_TYPE,DINING_NAME,DINING_INFO,DINING_LOC,DINING_INTRO,SEAT_CNT,ROOM_CNT,THUMBNAIL_IMG,DETAILED_IMG,TEL) values (41,1,'팔선','중식 명가의 품격','STAYWITH호텔 2층','동양적인 감성과 현대적인 느낌이 고급스럽게 어우러진 실내 인테리어는 편안하고 품격 있는 분위기를 연출하여 들어서는 입구부터 고객의 마음을 사로잡습니다.',156,10,'R0000000GBKP_KR.jpg','R000000006S1_KR.jpg','02-2230-3366');
REM INSERTING into STAYWITH.DINING_RES
SET DEFINE OFF;
Insert into STAYWITH.DINING_RES (RES_NO,DINING_NO,MEMBER_ID,GUESTS_ADT_CNT,GUESTS_KID_CNT,RES_DATE,RES_TIME,TIME_TYPE,SEAT_TYPE,RES_STATUS) values ('D3',42,'admin',2,3,to_date('21/10/28','RR/MM/DD'),'12:00',1,2,2);
Insert into STAYWITH.DINING_RES (RES_NO,DINING_NO,MEMBER_ID,GUESTS_ADT_CNT,GUESTS_KID_CNT,RES_DATE,RES_TIME,TIME_TYPE,SEAT_TYPE,RES_STATUS) values ('D4',42,'testda',2,3,to_date('21/10/29','RR/MM/DD'),'12:00',1,2,2);
Insert into STAYWITH.DINING_RES (RES_NO,DINING_NO,MEMBER_ID,GUESTS_ADT_CNT,GUESTS_KID_CNT,RES_DATE,RES_TIME,TIME_TYPE,SEAT_TYPE,RES_STATUS) values ('D5',42,'testda',3,1,to_date('21/10/21','RR/MM/DD'),'13:00',1,1,4);
Insert into STAYWITH.DINING_RES (RES_NO,DINING_NO,MEMBER_ID,GUESTS_ADT_CNT,GUESTS_KID_CNT,RES_DATE,RES_TIME,TIME_TYPE,SEAT_TYPE,RES_STATUS) values ('D6',42,'testda',3,1,to_date('21/10/29','RR/MM/DD'),'13:00',1,1,2);
Insert into STAYWITH.DINING_RES (RES_NO,DINING_NO,MEMBER_ID,GUESTS_ADT_CNT,GUESTS_KID_CNT,RES_DATE,RES_TIME,TIME_TYPE,SEAT_TYPE,RES_STATUS) values ('D7',42,'testda',3,1,to_date('21/10/29','RR/MM/DD'),'13:00',1,1,2);
Insert into STAYWITH.DINING_RES (RES_NO,DINING_NO,MEMBER_ID,GUESTS_ADT_CNT,GUESTS_KID_CNT,RES_DATE,RES_TIME,TIME_TYPE,SEAT_TYPE,RES_STATUS) values ('D8',42,'testda',3,1,to_date('21/11/29','RR/MM/DD'),'18:00',2,1,3);
Insert into STAYWITH.DINING_RES (RES_NO,DINING_NO,MEMBER_ID,GUESTS_ADT_CNT,GUESTS_KID_CNT,RES_DATE,RES_TIME,TIME_TYPE,SEAT_TYPE,RES_STATUS) values ('D9',42,'testda',3,1,to_date('21/10/29','RR/MM/DD'),'18:00',2,1,2);
Insert into STAYWITH.DINING_RES (RES_NO,DINING_NO,MEMBER_ID,GUESTS_ADT_CNT,GUESTS_KID_CNT,RES_DATE,RES_TIME,TIME_TYPE,SEAT_TYPE,RES_STATUS) values ('D10',42,'admin',3,2,to_date('21/11/13','RR/MM/DD'),'20:00',1,2,1);
Insert into STAYWITH.DINING_RES (RES_NO,DINING_NO,MEMBER_ID,GUESTS_ADT_CNT,GUESTS_KID_CNT,RES_DATE,RES_TIME,TIME_TYPE,SEAT_TYPE,RES_STATUS) values ('D11',42,'testda',3,1,to_date('21/12/27','RR/MM/DD'),'18:00',1,1,1);
Insert into STAYWITH.DINING_RES (RES_NO,DINING_NO,MEMBER_ID,GUESTS_ADT_CNT,GUESTS_KID_CNT,RES_DATE,RES_TIME,TIME_TYPE,SEAT_TYPE,RES_STATUS) values ('D13',42,'testda',3,1,to_date('21/10/30','RR/MM/DD'),'20:00',2,1,2);
Insert into STAYWITH.DINING_RES (RES_NO,DINING_NO,MEMBER_ID,GUESTS_ADT_CNT,GUESTS_KID_CNT,RES_DATE,RES_TIME,TIME_TYPE,SEAT_TYPE,RES_STATUS) values ('D14',42,'testda',3,1,to_date('21/10/30','RR/MM/DD'),'20:00',2,1,2);
Insert into STAYWITH.DINING_RES (RES_NO,DINING_NO,MEMBER_ID,GUESTS_ADT_CNT,GUESTS_KID_CNT,RES_DATE,RES_TIME,TIME_TYPE,SEAT_TYPE,RES_STATUS) values ('D15',42,'testda',3,1,to_date('21/10/30','RR/MM/DD'),'20:00',2,1,2);
Insert into STAYWITH.DINING_RES (RES_NO,DINING_NO,MEMBER_ID,GUESTS_ADT_CNT,GUESTS_KID_CNT,RES_DATE,RES_TIME,TIME_TYPE,SEAT_TYPE,RES_STATUS) values ('D16',42,'testda',3,1,to_date('21/10/30','RR/MM/DD'),'20:00',2,1,2);
Insert into STAYWITH.DINING_RES (RES_NO,DINING_NO,MEMBER_ID,GUESTS_ADT_CNT,GUESTS_KID_CNT,RES_DATE,RES_TIME,TIME_TYPE,SEAT_TYPE,RES_STATUS) values ('D17',42,'testda',3,1,to_date('21/10/30','RR/MM/DD'),'20:00',2,1,2);
Insert into STAYWITH.DINING_RES (RES_NO,DINING_NO,MEMBER_ID,GUESTS_ADT_CNT,GUESTS_KID_CNT,RES_DATE,RES_TIME,TIME_TYPE,SEAT_TYPE,RES_STATUS) values ('D18',42,'testda',3,1,to_date('21/10/30','RR/MM/DD'),'20:00',1,1,2);
Insert into STAYWITH.DINING_RES (RES_NO,DINING_NO,MEMBER_ID,GUESTS_ADT_CNT,GUESTS_KID_CNT,RES_DATE,RES_TIME,TIME_TYPE,SEAT_TYPE,RES_STATUS) values ('D19',42,'testda',3,1,to_date('21/10/30','RR/MM/DD'),'20:00',1,1,2);
Insert into STAYWITH.DINING_RES (RES_NO,DINING_NO,MEMBER_ID,GUESTS_ADT_CNT,GUESTS_KID_CNT,RES_DATE,RES_TIME,TIME_TYPE,SEAT_TYPE,RES_STATUS) values ('D20',42,'testda',3,1,to_date('21/10/30','RR/MM/DD'),'20:00',1,1,2);
Insert into STAYWITH.DINING_RES (RES_NO,DINING_NO,MEMBER_ID,GUESTS_ADT_CNT,GUESTS_KID_CNT,RES_DATE,RES_TIME,TIME_TYPE,SEAT_TYPE,RES_STATUS) values ('D21',42,'testda',3,1,to_date('21/10/30','RR/MM/DD'),'20:00',1,1,2);
Insert into STAYWITH.DINING_RES (RES_NO,DINING_NO,MEMBER_ID,GUESTS_ADT_CNT,GUESTS_KID_CNT,RES_DATE,RES_TIME,TIME_TYPE,SEAT_TYPE,RES_STATUS) values ('D22',42,'testda',3,1,to_date('21/10/30','RR/MM/DD'),'20:00',1,1,2);
Insert into STAYWITH.DINING_RES (RES_NO,DINING_NO,MEMBER_ID,GUESTS_ADT_CNT,GUESTS_KID_CNT,RES_DATE,RES_TIME,TIME_TYPE,SEAT_TYPE,RES_STATUS) values ('D23',42,'testda',3,1,to_date('21/11/13','RR/MM/DD'),'20:00',1,1,2);
Insert into STAYWITH.DINING_RES (RES_NO,DINING_NO,MEMBER_ID,GUESTS_ADT_CNT,GUESTS_KID_CNT,RES_DATE,RES_TIME,TIME_TYPE,SEAT_TYPE,RES_STATUS) values ('D24',42,'testda',3,1,to_date('21/11/13','RR/MM/DD'),'20:00',1,1,2);
Insert into STAYWITH.DINING_RES (RES_NO,DINING_NO,MEMBER_ID,GUESTS_ADT_CNT,GUESTS_KID_CNT,RES_DATE,RES_TIME,TIME_TYPE,SEAT_TYPE,RES_STATUS) values ('D25',42,'testda',3,1,to_date('21/11/13','RR/MM/DD'),'20:00',1,1,2);
Insert into STAYWITH.DINING_RES (RES_NO,DINING_NO,MEMBER_ID,GUESTS_ADT_CNT,GUESTS_KID_CNT,RES_DATE,RES_TIME,TIME_TYPE,SEAT_TYPE,RES_STATUS) values ('D26',42,'testda',3,1,to_date('21/11/13','RR/MM/DD'),'20:00',1,1,2);
Insert into STAYWITH.DINING_RES (RES_NO,DINING_NO,MEMBER_ID,GUESTS_ADT_CNT,GUESTS_KID_CNT,RES_DATE,RES_TIME,TIME_TYPE,SEAT_TYPE,RES_STATUS) values ('D27',42,'testda',3,1,to_date('21/11/29','RR/MM/DD'),'20:00',2,1,2);
Insert into STAYWITH.DINING_RES (RES_NO,DINING_NO,MEMBER_ID,GUESTS_ADT_CNT,GUESTS_KID_CNT,RES_DATE,RES_TIME,TIME_TYPE,SEAT_TYPE,RES_STATUS) values ('D28',42,'testda',3,1,to_date('21/11/29','RR/MM/DD'),'20:00',2,1,2);
Insert into STAYWITH.DINING_RES (RES_NO,DINING_NO,MEMBER_ID,GUESTS_ADT_CNT,GUESTS_KID_CNT,RES_DATE,RES_TIME,TIME_TYPE,SEAT_TYPE,RES_STATUS) values ('D29',42,'testda',3,1,to_date('21/11/29','RR/MM/DD'),'20:00',2,1,2);
Insert into STAYWITH.DINING_RES (RES_NO,DINING_NO,MEMBER_ID,GUESTS_ADT_CNT,GUESTS_KID_CNT,RES_DATE,RES_TIME,TIME_TYPE,SEAT_TYPE,RES_STATUS) values ('D30',42,'testda',3,1,to_date('21/11/29','RR/MM/DD'),'20:00',2,1,2);
Insert into STAYWITH.DINING_RES (RES_NO,DINING_NO,MEMBER_ID,GUESTS_ADT_CNT,GUESTS_KID_CNT,RES_DATE,RES_TIME,TIME_TYPE,SEAT_TYPE,RES_STATUS) values ('D31',41,'testda',3,1,to_date('21/10/31','RR/MM/DD'),'20:00',2,1,2);
Insert into STAYWITH.DINING_RES (RES_NO,DINING_NO,MEMBER_ID,GUESTS_ADT_CNT,GUESTS_KID_CNT,RES_DATE,RES_TIME,TIME_TYPE,SEAT_TYPE,RES_STATUS) values ('D32',41,'testda',3,1,to_date('21/10/31','RR/MM/DD'),'20:00',2,1,2);
Insert into STAYWITH.DINING_RES (RES_NO,DINING_NO,MEMBER_ID,GUESTS_ADT_CNT,GUESTS_KID_CNT,RES_DATE,RES_TIME,TIME_TYPE,SEAT_TYPE,RES_STATUS) values ('D33',41,'testda',3,1,to_date('21/10/31','RR/MM/DD'),'20:00',2,1,2);
Insert into STAYWITH.DINING_RES (RES_NO,DINING_NO,MEMBER_ID,GUESTS_ADT_CNT,GUESTS_KID_CNT,RES_DATE,RES_TIME,TIME_TYPE,SEAT_TYPE,RES_STATUS) values ('D34',41,'testda',3,1,to_date('21/10/31','RR/MM/DD'),'20:00',2,1,2);
Insert into STAYWITH.DINING_RES (RES_NO,DINING_NO,MEMBER_ID,GUESTS_ADT_CNT,GUESTS_KID_CNT,RES_DATE,RES_TIME,TIME_TYPE,SEAT_TYPE,RES_STATUS) values ('D35',41,'testda',3,1,to_date('21/10/31','RR/MM/DD'),'20:00',2,1,2);
Insert into STAYWITH.DINING_RES (RES_NO,DINING_NO,MEMBER_ID,GUESTS_ADT_CNT,GUESTS_KID_CNT,RES_DATE,RES_TIME,TIME_TYPE,SEAT_TYPE,RES_STATUS) values ('D36',41,'testda',3,1,to_date('21/10/31','RR/MM/DD'),'20:00',1,1,2);
Insert into STAYWITH.DINING_RES (RES_NO,DINING_NO,MEMBER_ID,GUESTS_ADT_CNT,GUESTS_KID_CNT,RES_DATE,RES_TIME,TIME_TYPE,SEAT_TYPE,RES_STATUS) values ('D37',41,'testda',3,1,to_date('21/10/31','RR/MM/DD'),'20:00',1,1,2);
Insert into STAYWITH.DINING_RES (RES_NO,DINING_NO,MEMBER_ID,GUESTS_ADT_CNT,GUESTS_KID_CNT,RES_DATE,RES_TIME,TIME_TYPE,SEAT_TYPE,RES_STATUS) values ('D38',41,'testda',3,1,to_date('21/10/31','RR/MM/DD'),'20:00',1,1,2);
Insert into STAYWITH.DINING_RES (RES_NO,DINING_NO,MEMBER_ID,GUESTS_ADT_CNT,GUESTS_KID_CNT,RES_DATE,RES_TIME,TIME_TYPE,SEAT_TYPE,RES_STATUS) values ('D39',41,'testda',3,1,to_date('21/10/31','RR/MM/DD'),'20:00',1,1,2);
Insert into STAYWITH.DINING_RES (RES_NO,DINING_NO,MEMBER_ID,GUESTS_ADT_CNT,GUESTS_KID_CNT,RES_DATE,RES_TIME,TIME_TYPE,SEAT_TYPE,RES_STATUS) values ('D40',41,'testda',3,1,to_date('21/10/31','RR/MM/DD'),'20:00',1,1,2);
Insert into STAYWITH.DINING_RES (RES_NO,DINING_NO,MEMBER_ID,GUESTS_ADT_CNT,GUESTS_KID_CNT,RES_DATE,RES_TIME,TIME_TYPE,SEAT_TYPE,RES_STATUS) values ('D41',41,'testda',3,1,to_date('21/11/10','RR/MM/DD'),'20:00',1,1,4);
Insert into STAYWITH.DINING_RES (RES_NO,DINING_NO,MEMBER_ID,GUESTS_ADT_CNT,GUESTS_KID_CNT,RES_DATE,RES_TIME,TIME_TYPE,SEAT_TYPE,RES_STATUS) values ('D42',41,'testda',3,1,to_date('21/11/10','RR/MM/DD'),'20:00',1,1,2);
Insert into STAYWITH.DINING_RES (RES_NO,DINING_NO,MEMBER_ID,GUESTS_ADT_CNT,GUESTS_KID_CNT,RES_DATE,RES_TIME,TIME_TYPE,SEAT_TYPE,RES_STATUS) values ('D43',41,'testda',2,0,to_date('21/11/05','RR/MM/DD'),'12:00',1,2,2);
Insert into STAYWITH.DINING_RES (RES_NO,DINING_NO,MEMBER_ID,GUESTS_ADT_CNT,GUESTS_KID_CNT,RES_DATE,RES_TIME,TIME_TYPE,SEAT_TYPE,RES_STATUS) values ('D44',41,'testda',3,1,to_date('21/11/10','RR/MM/DD'),'20:00',1,1,2);
Insert into STAYWITH.DINING_RES (RES_NO,DINING_NO,MEMBER_ID,GUESTS_ADT_CNT,GUESTS_KID_CNT,RES_DATE,RES_TIME,TIME_TYPE,SEAT_TYPE,RES_STATUS) values ('D45',41,'testda',3,1,to_date('21/11/10','RR/MM/DD'),'20:00',1,1,2);
Insert into STAYWITH.DINING_RES (RES_NO,DINING_NO,MEMBER_ID,GUESTS_ADT_CNT,GUESTS_KID_CNT,RES_DATE,RES_TIME,TIME_TYPE,SEAT_TYPE,RES_STATUS) values ('D46',36,'testda',1,0,to_date('21/10/30','RR/MM/DD'),'12:30',1,1,2);
Insert into STAYWITH.DINING_RES (RES_NO,DINING_NO,MEMBER_ID,GUESTS_ADT_CNT,GUESTS_KID_CNT,RES_DATE,RES_TIME,TIME_TYPE,SEAT_TYPE,RES_STATUS) values ('D47',41,'testda',1,1,to_date('21/11/10','RR/MM/DD'),'18:00',2,2,4);
Insert into STAYWITH.DINING_RES (RES_NO,DINING_NO,MEMBER_ID,GUESTS_ADT_CNT,GUESTS_KID_CNT,RES_DATE,RES_TIME,TIME_TYPE,SEAT_TYPE,RES_STATUS) values ('D61',42,'testda',3,1,to_date('21/11/05','RR/MM/DD'),'13:00',1,1,2);
Insert into STAYWITH.DINING_RES (RES_NO,DINING_NO,MEMBER_ID,GUESTS_ADT_CNT,GUESTS_KID_CNT,RES_DATE,RES_TIME,TIME_TYPE,SEAT_TYPE,RES_STATUS) values ('D62',42,'testda',3,1,to_date('21/11/05','RR/MM/DD'),'13:00',1,1,2);
Insert into STAYWITH.DINING_RES (RES_NO,DINING_NO,MEMBER_ID,GUESTS_ADT_CNT,GUESTS_KID_CNT,RES_DATE,RES_TIME,TIME_TYPE,SEAT_TYPE,RES_STATUS) values ('D63',42,'testda',3,1,to_date('21/11/05','RR/MM/DD'),'13:00',1,1,2);
Insert into STAYWITH.DINING_RES (RES_NO,DINING_NO,MEMBER_ID,GUESTS_ADT_CNT,GUESTS_KID_CNT,RES_DATE,RES_TIME,TIME_TYPE,SEAT_TYPE,RES_STATUS) values ('D64',42,'testda',3,1,to_date('21/11/05','RR/MM/DD'),'13:00',1,1,2);
Insert into STAYWITH.DINING_RES (RES_NO,DINING_NO,MEMBER_ID,GUESTS_ADT_CNT,GUESTS_KID_CNT,RES_DATE,RES_TIME,TIME_TYPE,SEAT_TYPE,RES_STATUS) values ('D65',42,'testda',3,1,to_date('21/11/05','RR/MM/DD'),'13:00',1,1,2);
Insert into STAYWITH.DINING_RES (RES_NO,DINING_NO,MEMBER_ID,GUESTS_ADT_CNT,GUESTS_KID_CNT,RES_DATE,RES_TIME,TIME_TYPE,SEAT_TYPE,RES_STATUS) values ('D66',42,'testda',3,1,to_date('21/11/05','RR/MM/DD'),'19:00',2,1,2);
Insert into STAYWITH.DINING_RES (RES_NO,DINING_NO,MEMBER_ID,GUESTS_ADT_CNT,GUESTS_KID_CNT,RES_DATE,RES_TIME,TIME_TYPE,SEAT_TYPE,RES_STATUS) values ('D67',42,'testda',3,1,to_date('21/11/05','RR/MM/DD'),'19:00',2,1,2);
Insert into STAYWITH.DINING_RES (RES_NO,DINING_NO,MEMBER_ID,GUESTS_ADT_CNT,GUESTS_KID_CNT,RES_DATE,RES_TIME,TIME_TYPE,SEAT_TYPE,RES_STATUS) values ('D68',42,'testda',3,1,to_date('21/11/05','RR/MM/DD'),'19:00',2,1,2);
Insert into STAYWITH.DINING_RES (RES_NO,DINING_NO,MEMBER_ID,GUESTS_ADT_CNT,GUESTS_KID_CNT,RES_DATE,RES_TIME,TIME_TYPE,SEAT_TYPE,RES_STATUS) values ('D69',42,'testda',2,0,to_date('21/11/05','RR/MM/DD'),'20:00',2,2,4);
Insert into STAYWITH.DINING_RES (RES_NO,DINING_NO,MEMBER_ID,GUESTS_ADT_CNT,GUESTS_KID_CNT,RES_DATE,RES_TIME,TIME_TYPE,SEAT_TYPE,RES_STATUS) values ('D70',42,'testda',2,0,to_date('21/11/26','RR/MM/DD'),'12:30',1,1,4);
Insert into STAYWITH.DINING_RES (RES_NO,DINING_NO,MEMBER_ID,GUESTS_ADT_CNT,GUESTS_KID_CNT,RES_DATE,RES_TIME,TIME_TYPE,SEAT_TYPE,RES_STATUS) values ('D71',42,'testda',3,1,to_date('21/11/13','RR/MM/DD'),'13:00',1,2,1);
Insert into STAYWITH.DINING_RES (RES_NO,DINING_NO,MEMBER_ID,GUESTS_ADT_CNT,GUESTS_KID_CNT,RES_DATE,RES_TIME,TIME_TYPE,SEAT_TYPE,RES_STATUS) values ('D72',42,'testda',3,1,to_date('21/11/13','RR/MM/DD'),'13:00',1,2,1);
Insert into STAYWITH.DINING_RES (RES_NO,DINING_NO,MEMBER_ID,GUESTS_ADT_CNT,GUESTS_KID_CNT,RES_DATE,RES_TIME,TIME_TYPE,SEAT_TYPE,RES_STATUS) values ('D73',42,'testda',3,1,to_date('21/11/13','RR/MM/DD'),'13:00',1,2,4);
Insert into STAYWITH.DINING_RES (RES_NO,DINING_NO,MEMBER_ID,GUESTS_ADT_CNT,GUESTS_KID_CNT,RES_DATE,RES_TIME,TIME_TYPE,SEAT_TYPE,RES_STATUS) values ('D74',42,'testda',3,1,to_date('21/11/13','RR/MM/DD'),'13:00',1,2,1);
Insert into STAYWITH.DINING_RES (RES_NO,DINING_NO,MEMBER_ID,GUESTS_ADT_CNT,GUESTS_KID_CNT,RES_DATE,RES_TIME,TIME_TYPE,SEAT_TYPE,RES_STATUS) values ('D75',42,null,2,3,to_date('21/11/02','RR/MM/DD'),'12:00',1,2,2);
Insert into STAYWITH.DINING_RES (RES_NO,DINING_NO,MEMBER_ID,GUESTS_ADT_CNT,GUESTS_KID_CNT,RES_DATE,RES_TIME,TIME_TYPE,SEAT_TYPE,RES_STATUS) values ('D76',42,'testda',2,0,to_date('21/11/22','RR/MM/DD'),'13:30',1,2,1);
Insert into STAYWITH.DINING_RES (RES_NO,DINING_NO,MEMBER_ID,GUESTS_ADT_CNT,GUESTS_KID_CNT,RES_DATE,RES_TIME,TIME_TYPE,SEAT_TYPE,RES_STATUS) values ('D77',42,'testda',1,2,to_date('21/11/05','RR/MM/DD'),'19:00',2,2,2);
Insert into STAYWITH.DINING_RES (RES_NO,DINING_NO,MEMBER_ID,GUESTS_ADT_CNT,GUESTS_KID_CNT,RES_DATE,RES_TIME,TIME_TYPE,SEAT_TYPE,RES_STATUS) values ('D78',42,'testda',2,0,to_date('21/11/18','RR/MM/DD'),'13:30',1,2,1);
Insert into STAYWITH.DINING_RES (RES_NO,DINING_NO,MEMBER_ID,GUESTS_ADT_CNT,GUESTS_KID_CNT,RES_DATE,RES_TIME,TIME_TYPE,SEAT_TYPE,RES_STATUS) values ('D79',42,'testda',1,1,to_date('21/11/05','RR/MM/DD'),'19:00',2,2,2);
Insert into STAYWITH.DINING_RES (RES_NO,DINING_NO,MEMBER_ID,GUESTS_ADT_CNT,GUESTS_KID_CNT,RES_DATE,RES_TIME,TIME_TYPE,SEAT_TYPE,RES_STATUS) values ('D80',42,'testda',2,0,to_date('21/11/11','RR/MM/DD'),'12:30',1,1,1);
Insert into STAYWITH.DINING_RES (RES_NO,DINING_NO,MEMBER_ID,GUESTS_ADT_CNT,GUESTS_KID_CNT,RES_DATE,RES_TIME,TIME_TYPE,SEAT_TYPE,RES_STATUS) values ('D81',42,'testda',2,0,to_date('21/11/11','RR/MM/DD'),'12:30',1,1,1);
Insert into STAYWITH.DINING_RES (RES_NO,DINING_NO,MEMBER_ID,GUESTS_ADT_CNT,GUESTS_KID_CNT,RES_DATE,RES_TIME,TIME_TYPE,SEAT_TYPE,RES_STATUS) values ('D82',43,'testda',2,0,to_date('21/11/20','RR/MM/DD'),'12:00',1,1,1);
Insert into STAYWITH.DINING_RES (RES_NO,DINING_NO,MEMBER_ID,GUESTS_ADT_CNT,GUESTS_KID_CNT,RES_DATE,RES_TIME,TIME_TYPE,SEAT_TYPE,RES_STATUS) values ('D83',36,'testda',2,0,to_date('21/11/10','RR/MM/DD'),'11:30',1,1,1);
Insert into STAYWITH.DINING_RES (RES_NO,DINING_NO,MEMBER_ID,GUESTS_ADT_CNT,GUESTS_KID_CNT,RES_DATE,RES_TIME,TIME_TYPE,SEAT_TYPE,RES_STATUS) values ('D84',36,'testda',2,0,to_date('21/11/16','RR/MM/DD'),'19:00',2,1,1);
Insert into STAYWITH.DINING_RES (RES_NO,DINING_NO,MEMBER_ID,GUESTS_ADT_CNT,GUESTS_KID_CNT,RES_DATE,RES_TIME,TIME_TYPE,SEAT_TYPE,RES_STATUS) values ('D101',36,'admin',2,2,to_date('21/11/12','RR/MM/DD'),'17:30',2,1,1);
Insert into STAYWITH.DINING_RES (RES_NO,DINING_NO,MEMBER_ID,GUESTS_ADT_CNT,GUESTS_KID_CNT,RES_DATE,RES_TIME,TIME_TYPE,SEAT_TYPE,RES_STATUS) values ('D102',36,'testda',1,0,to_date('21/11/06','RR/MM/DD'),'12:00',1,1,1);
Insert into STAYWITH.DINING_RES (RES_NO,DINING_NO,MEMBER_ID,GUESTS_ADT_CNT,GUESTS_KID_CNT,RES_DATE,RES_TIME,TIME_TYPE,SEAT_TYPE,RES_STATUS) values ('D103',36,'testda',2,0,to_date('21/11/06','RR/MM/DD'),'11:30',1,1,1);
Insert into STAYWITH.DINING_RES (RES_NO,DINING_NO,MEMBER_ID,GUESTS_ADT_CNT,GUESTS_KID_CNT,RES_DATE,RES_TIME,TIME_TYPE,SEAT_TYPE,RES_STATUS) values ('D104',36,'testda',1,0,to_date('21/11/06','RR/MM/DD'),'12:00',1,1,1);
Insert into STAYWITH.DINING_RES (RES_NO,DINING_NO,MEMBER_ID,GUESTS_ADT_CNT,GUESTS_KID_CNT,RES_DATE,RES_TIME,TIME_TYPE,SEAT_TYPE,RES_STATUS) values ('D105',36,'testda',2,0,to_date('21/11/06','RR/MM/DD'),'11:30',1,2,1);
Insert into STAYWITH.DINING_RES (RES_NO,DINING_NO,MEMBER_ID,GUESTS_ADT_CNT,GUESTS_KID_CNT,RES_DATE,RES_TIME,TIME_TYPE,SEAT_TYPE,RES_STATUS) values ('D106',36,'testda',2,0,to_date('21/11/06','RR/MM/DD'),'11:00',1,1,1);
Insert into STAYWITH.DINING_RES (RES_NO,DINING_NO,MEMBER_ID,GUESTS_ADT_CNT,GUESTS_KID_CNT,RES_DATE,RES_TIME,TIME_TYPE,SEAT_TYPE,RES_STATUS) values ('D107',36,'testda',2,0,to_date('21/11/06','RR/MM/DD'),'17:30',2,1,1);
Insert into STAYWITH.DINING_RES (RES_NO,DINING_NO,MEMBER_ID,GUESTS_ADT_CNT,GUESTS_KID_CNT,RES_DATE,RES_TIME,TIME_TYPE,SEAT_TYPE,RES_STATUS) values ('D108',36,'testda',2,0,to_date('21/11/06','RR/MM/DD'),'17:30',2,2,1);
Insert into STAYWITH.DINING_RES (RES_NO,DINING_NO,MEMBER_ID,GUESTS_ADT_CNT,GUESTS_KID_CNT,RES_DATE,RES_TIME,TIME_TYPE,SEAT_TYPE,RES_STATUS) values ('D109',36,'testda',2,0,to_date('21/11/06','RR/MM/DD'),'17:30',2,2,1);
Insert into STAYWITH.DINING_RES (RES_NO,DINING_NO,MEMBER_ID,GUESTS_ADT_CNT,GUESTS_KID_CNT,RES_DATE,RES_TIME,TIME_TYPE,SEAT_TYPE,RES_STATUS) values ('D110',36,'testda',2,0,to_date('21/11/06','RR/MM/DD'),'17:30',2,1,1);
Insert into STAYWITH.DINING_RES (RES_NO,DINING_NO,MEMBER_ID,GUESTS_ADT_CNT,GUESTS_KID_CNT,RES_DATE,RES_TIME,TIME_TYPE,SEAT_TYPE,RES_STATUS) values ('D111',36,'testda',2,0,to_date('21/11/06','RR/MM/DD'),'18:00',2,2,1);
REM INSERTING into STAYWITH.DINING_REVIEW
SET DEFINE OFF;
Insert into STAYWITH.DINING_REVIEW (D_R_NO,REVIEW_WRITER,REVIEW_CONTENT,REVIEW_DATE,STAR,RES_NO,DINING_NO,DINING_NAME,RES_DATE,DINING_IMG) values (49,'testda','스테이크 살살 녹아용','2021-11-05',4,'D46',36,'콘티넨탈','2021/10/30','R0000001CDNL_KR.jpg');
Insert into STAYWITH.DINING_REVIEW (D_R_NO,REVIEW_WRITER,REVIEW_CONTENT,REVIEW_DATE,STAR,RES_NO,DINING_NO,DINING_NAME,RES_DATE,DINING_IMG) values (50,'testda','불도장 미쳤습니다 ㅠㅠ','2021-11-05',5,'D43',41,'팔선','2021/11/05','R0000000GBKP_KR.jpg');
Insert into STAYWITH.DINING_REVIEW (D_R_NO,REVIEW_WRITER,REVIEW_CONTENT,REVIEW_DATE,STAR,RES_NO,DINING_NO,DINING_NAME,RES_DATE,DINING_IMG) values (51,'testda','가격은 비싸지만 너무 맛났어요!','2021-11-05',5,'D34',41,'팔선','2021/10/31','R0000000GBKP_KR.jpg');
Insert into STAYWITH.DINING_REVIEW (D_R_NO,REVIEW_WRITER,REVIEW_CONTENT,REVIEW_DATE,STAR,RES_NO,DINING_NO,DINING_NAME,RES_DATE,DINING_IMG) values (44,'testda','처음으로 먹었던 한정식 너무 맛있었어요!!','2021-11-05',4,'D30',42,'라연','2021/11/29','R0000000GBME_KR.jpg');
Insert into STAYWITH.DINING_REVIEW (D_R_NO,REVIEW_WRITER,REVIEW_CONTENT,REVIEW_DATE,STAR,RES_NO,DINING_NO,DINING_NAME,RES_DATE,DINING_IMG) values (52,'testda','굳굳','2021-11-05',3,'D42',41,'팔선','2021/11/10','R0000000GBKP_KR.jpg');
Insert into STAYWITH.DINING_REVIEW (D_R_NO,REVIEW_WRITER,REVIEW_CONTENT,REVIEW_DATE,STAR,RES_NO,DINING_NO,DINING_NAME,RES_DATE,DINING_IMG) values (53,'testda','코스 다 좋았는데 마지막 식사 면 식감이 조금 별로 였어요 ㅠ_ㅠ','2021-11-05',3,'D45',41,'팔선','2021/11/10','R0000000GBKP_KR.jpg');
Insert into STAYWITH.DINING_REVIEW (D_R_NO,REVIEW_WRITER,REVIEW_CONTENT,REVIEW_DATE,STAR,RES_NO,DINING_NO,DINING_NAME,RES_DATE,DINING_IMG) values (61,'admin','good','2021-11-05',5,'D3',42,'라연','2021/10/28','R0000000GBME_KR.jpg');
REM INSERTING into STAYWITH.DINING_TIME
SET DEFINE OFF;
Insert into STAYWITH.DINING_TIME (TIME_NO,DINING_NO,TIME_TYPE,TIME_OPEN,TIME_CLOSE) values (1,36,1,'11:00','14:00');
Insert into STAYWITH.DINING_TIME (TIME_NO,DINING_NO,TIME_TYPE,TIME_OPEN,TIME_CLOSE) values (2,36,2,'17:00','21:00');
Insert into STAYWITH.DINING_TIME (TIME_NO,DINING_NO,TIME_TYPE,TIME_OPEN,TIME_CLOSE) values (3,37,3,'10:00','13:00');
Insert into STAYWITH.DINING_TIME (TIME_NO,DINING_NO,TIME_TYPE,TIME_OPEN,TIME_CLOSE) values (4,37,4,'11:30','17:30');
Insert into STAYWITH.DINING_TIME (TIME_NO,DINING_NO,TIME_TYPE,TIME_OPEN,TIME_CLOSE) values (5,37,5,'8:00 ','20:00');
Insert into STAYWITH.DINING_TIME (TIME_NO,DINING_NO,TIME_TYPE,TIME_OPEN,TIME_CLOSE) values (61,121,5,'11:00','20:00');
Insert into STAYWITH.DINING_TIME (TIME_NO,DINING_NO,TIME_TYPE,TIME_OPEN,TIME_CLOSE) values (7,39,3,'10:00','13:00');
Insert into STAYWITH.DINING_TIME (TIME_NO,DINING_NO,TIME_TYPE,TIME_OPEN,TIME_CLOSE) values (8,39,4,'12:30','17:30');
Insert into STAYWITH.DINING_TIME (TIME_NO,DINING_NO,TIME_TYPE,TIME_OPEN,TIME_CLOSE) values (9,39,5,'8:00 ','20:00');
Insert into STAYWITH.DINING_TIME (TIME_NO,DINING_NO,TIME_TYPE,TIME_OPEN,TIME_CLOSE) values (41,101,5,'8:00 ','22:00');
Insert into STAYWITH.DINING_TIME (TIME_NO,DINING_NO,TIME_TYPE,TIME_OPEN,TIME_CLOSE) values (11,41,1,'12:00','15:00');
Insert into STAYWITH.DINING_TIME (TIME_NO,DINING_NO,TIME_TYPE,TIME_OPEN,TIME_CLOSE) values (12,41,2,'17:00','22:00');
Insert into STAYWITH.DINING_TIME (TIME_NO,DINING_NO,TIME_TYPE,TIME_OPEN,TIME_CLOSE) values (13,42,1,'12:00','14:30');
Insert into STAYWITH.DINING_TIME (TIME_NO,DINING_NO,TIME_TYPE,TIME_OPEN,TIME_CLOSE) values (14,42,2,'17:30','21:30');
Insert into STAYWITH.DINING_TIME (TIME_NO,DINING_NO,TIME_TYPE,TIME_OPEN,TIME_CLOSE) values (15,43,1,'11:00','14:00');
Insert into STAYWITH.DINING_TIME (TIME_NO,DINING_NO,TIME_TYPE,TIME_OPEN,TIME_CLOSE) values (16,43,2,'17:00','21:00');
REM INSERTING into STAYWITH.FAQ
SET DEFINE OFF;
Insert into STAYWITH.FAQ (FAQ_NO,FAQ_TITLE,FAQ_CONTENT,FAQ_SORT) values (2,'스테이위드호텔 리워즈 회원 등급 및 포인트 확인은 어디서 하나요?.','스테이위드호텔 리워즈 회원 등급 및 포인트 적립, 사용 내역은 스테이위드호텔 홈페이지 혹은 모바일 어플리케이션 로그인 후 마이페이지->나의 멤버십 정보에서 확인 가능합니다..',1);
Insert into STAYWITH.FAQ (FAQ_NO,FAQ_TITLE,FAQ_CONTENT,FAQ_SORT) values (3,'플라스틱 카드가 필요한가요? 카드를 분실했는데 재발급 가능한가요?','스테이위드호텔 홈페이지 혹은 모바일 어플리케이션 다운로드 후 로그인 하시면 모바일 카드를 이용 하실 수 있으며, 카드 이미지 저장 후 사용 가능합니다. (로그인>내계정>바코드 클릭>카드이미지 저장)호텔에서 이용 시 고객님의 멤버십 정보로 포인트 사용이 가능하여 꼭 플라스틱카드를 소지 하지 않으셔도 됩니다.',2);
Insert into STAYWITH.FAQ (FAQ_NO,FAQ_TITLE,FAQ_CONTENT,FAQ_SORT) values (5,'포인트는 어디에서 사용할 수 있나요?','적립된 포인트는 호텔 투숙 및 객실 업그레이드 등 객실 및 식음업장 결제 시 포인트로 차감하여 결제 가능하며, 10,000포인트 이상 보유 시 국내 스테이위드면세점에서 사용하실 수 있습니다.(일부 브랜드 및 품목 한정, 인터넷 면세점 제외)면세점 사용처의 경우 면세점 사정에 의하여 수시로 변경되며, 포인트/바우처 사용을 원하시는 매장에 직접 문의 바랍니다.',4);
Insert into STAYWITH.FAQ (FAQ_NO,FAQ_TITLE,FAQ_CONTENT,FAQ_SORT) values (6,'바우처 신청은 어디서 하나요? 바우처가 바로 발급 되나요?','스테이위드호텔 홈페이지 혹은 모바일 어플리케이션의 마이페이지 > 스테이위드호텔 리워즈 바우처 신청에서 10$, 50$, 100$ 본인 사용 신청 및 선물하기가 가능하며,신청 후 즉시 발급 된 바우처를 인쇄 하시거나 캡쳐 화면으로 사용 가능합니다. (별도 바우처 발송 되지 않습니다.)',5);
Insert into STAYWITH.FAQ (FAQ_NO,FAQ_TITLE,FAQ_CONTENT,FAQ_SORT) values (14,'로그인이 되지 않습니다.','오프라인에서 회원 가입하신 고객님은 아이디 및 비밀번호 설정(온라인 회원 인증)이 필요합니다.
하단의 온라인 회원 인증 후 로그인 부탁드리겠습니다.',0);
Insert into STAYWITH.FAQ (FAQ_NO,FAQ_TITLE,FAQ_CONTENT,FAQ_SORT) values (21,'등급은 언제까지 유지되나요?','회원 등급은 당해 년도 12월 31일까지 유지됩니다.',1);
Insert into STAYWITH.FAQ (FAQ_NO,FAQ_TITLE,FAQ_CONTENT,FAQ_SORT) values (15,'온라인 인증이 계속 실패합니다.','스테이위드호텔 리워즈 번호는 총 7자리이며, 번호 첫번째 자리가 알파벳일 경우 대문자로 사용해주시면 됩니다.
멤버십에 등록된 성함으로 작성해 주시되, 띄어쓰기도 문자로 구분하오니 참고해주시기 바랍니다.',0);
Insert into STAYWITH.FAQ (FAQ_NO,FAQ_TITLE,FAQ_CONTENT,FAQ_SORT) values (17,'스테이위드호텔 리워즈 멤버십 번호를 모르겠습니다.','스테이위드호텔 리워즈 번호찾기 페이지를 통해 정보 입력 후 조회 가능 합니다.',0);
Insert into STAYWITH.FAQ (FAQ_NO,FAQ_TITLE,FAQ_CONTENT,FAQ_SORT) values (18,'기존 스테이위드호텔 리워즈 회원인데 조회가 되지 않아서 재가입 했습니다.','스테이위드호텔 리워즈 멤버십은 1인 1계정으로 이용 가능하여,
번거로우시겠지만 알고계시는 멤버십 번호와 고객정보(영문명, 연락처) 메일로 보내주시면 확인 후 계정 합산 처리 도와드리겠습니다.
',0);
Insert into STAYWITH.FAQ (FAQ_NO,FAQ_TITLE,FAQ_CONTENT,FAQ_SORT) values (19,'고객정보를 잘못 입려하였는데 수정 될까요?','"마이페이지 > 회원정보 수정"에서 변경이 가능하며, 변경이 불가능한 내역 (아이디, 영문명, 이메일, 생년월일, 성별)은 스테이위드호텔 리워즈 전용 이메일로 보내주시면 수정 도와드리겠습니다',0);
Insert into STAYWITH.FAQ (FAQ_NO,FAQ_TITLE,FAQ_CONTENT,FAQ_SORT) values (20,'멤버십 등급은 어떻게 산정 되나요?','회원 등급은 Classic, Silver, Gold, Platinum 총 4단계로 분류 하며, 회원 가입과 동시에 Classic 회원 자격이 부여됩니다.
멤버십 등급평가 및 조정은 전 년도 1월 1일부터 12월 31일까지(체크아웃 기준) 1년 동안의 이용실적을 기반으로 매년 1월 첫째 주에 반영합니다.',1);
Insert into STAYWITH.FAQ (FAQ_NO,FAQ_TITLE,FAQ_CONTENT,FAQ_SORT) values (22,'멤버십 등급 승격 기준은 어떻게 되나요?','회원이 1년간 이용한 포인트가 적용된 객실 투숙일 수, 투숙 횟수, 객실 결제 금액을 미화로 환산한 금액 기준으로 산출하여 아래와 같이 회원 등급을 조정하며, 3가지 조건 중 1가지 이상 충족시 적용됩니다.
(Classic 등급 투숙 횟수 : 0 투숙일 수 : 0 객실결제 금액 : 0 / Silver 등급 투숙 횟수 : 3 투숙일 수 : 7 객실결제 금액 : $2,000 / Gold 등급 투숙 횟수 : 10 투숙일 수 : 25 객실결제 금액 : $7,000 / Platinum 등급 투숙 횟수 : 20 투숙일 수 : 50 객실결제 금액 : $15,000)',1);
Insert into STAYWITH.FAQ (FAQ_NO,FAQ_TITLE,FAQ_CONTENT,FAQ_SORT) values (23,'등급 조정일 전에 멤버십 등급 조건을 충족했는데 승격이 왜 안되나요?','조정일 이 전에 별도 등급 조정은 불가하며, 멤버십 등급평가 및 조정은 전 년도 1월 1일부터 12월 31일까지(체크아웃 기준) 1년 동안의 이용실적을 기반으로 매년 1월 첫째 주에 반영됩니다.',1);
Insert into STAYWITH.FAQ (FAQ_NO,FAQ_TITLE,FAQ_CONTENT,FAQ_SORT) values (24,'포인트는 투숙하면 바로 적립 되나요?','포인트는 체크아웃 익일에 적립됩니다.
단, \호텔긴시초에서 결제한 금액에 대해서는 체크아웃일로부터 영업일 10일 이내에 적립됩니다.',3);
Insert into STAYWITH.FAQ (FAQ_NO,FAQ_TITLE,FAQ_CONTENT,FAQ_SORT) values (25,'적립된 포인트는 어디에서 확인 가능한가요?','스테이위드호텔 홈페이지 및 어플리케이션 로그인 후 마이페이지에서 적립/사용 내역 확인 가능합니다.
(호텔에서 가입하신 경우 온라인 인증을 통해 비밀번호 설정 후 로그인 가능합니다.)
또한 이메일 발송 시, 상단에 보유 포인트 내역을 포함하여 이메일을 발송하고 있습니다. (마케팅 수신동의 고객 한정 )',3);
Insert into STAYWITH.FAQ (FAQ_NO,FAQ_TITLE,FAQ_CONTENT,FAQ_SORT) values (27,'포인트 적립 가능한 최대 객실 수가 몇 개인가요?','회원 본인이 투숙한 경우, 같은 날 최대 3개의 객실까지 투숙 비용에 대해서 포인트를 적립할 수 있습니다. 단, 전 객실이 회원 명의로 예약되고 회원이 객실에 투숙하여 퇴실 시 전 객실 금액을 지불할 경우에 한합니다. 등급 산정에는 본인이 이용한 하나의 객실에 대한 투숙일수와 이용횟수 그리고 객실 결제 금액이 적용됩니다.',3);
Insert into STAYWITH.FAQ (FAQ_NO,FAQ_TITLE,FAQ_CONTENT,FAQ_SORT) values (28,'식음업장이나 연회장 이용시에도 포인트가 적립되나요?','직접 투숙 후 호텔에 지불하신 객실비용과
객실로 부과한 식음료 금액에 한해 포인트가 적립되며, 연회장 이용의 경우 포인트 적립 대상에서 제외 됩니다.',3);
Insert into STAYWITH.FAQ (FAQ_NO,FAQ_TITLE,FAQ_CONTENT,FAQ_SORT) values (29,'포인트 사후 적립 가능한가요?','회원 가입일 이후의 내역에 대하여 투숙 후 6개월 이내로 신청하시면 사후 적립 가능합니다.
스테이위드호텔 홈페이지 및 모바일 어플리케이션 마이페이지의 Point inquiry에서 신청 가능합니다.',3);
Insert into STAYWITH.FAQ (FAQ_NO,FAQ_TITLE,FAQ_CONTENT,FAQ_SORT) values (30,'제 포인트를 다른 회원에게 양도할 수 있나요?','회원 본인에 한하여 포인트 적립이 가능하며, 명의자가 다른 회원 번호의 포인트로 양도 및 교환 할 수 없습니다. 제공된 포인트는 교환이나 이전 판매가 불가합니다.',3);
Insert into STAYWITH.FAQ (FAQ_NO,FAQ_TITLE,FAQ_CONTENT,FAQ_SORT) values (31,'스테이위드호텔 리워즈 멤버십 포인트와 항공사 마일리지가 동시 적립 가능한가요?','포인트는 항공사 마일리지와 중복 적립이 불가합니다. (선택 적립)',3);
Insert into STAYWITH.FAQ (FAQ_NO,FAQ_TITLE,FAQ_CONTENT,FAQ_SORT) values (32,'포인트에 유효기간이 있나요?','호텔 리워즈 포인트는 적립 년도로부터 3년의 유효기간으로 사용 가능합니다.
예) 2015년 투숙 시 적립 된 포인트는 2018년 12월 31일자로 소멸 됩니다.',3);
Insert into STAYWITH.FAQ (FAQ_NO,FAQ_TITLE,FAQ_CONTENT,FAQ_SORT) values (33,'포인트는 직계가족이 사용 가능한가요?','포인트는 본인에 한하여 사용 가능하며, 다른 분이 사용을 원하실 경우 마이페이지 >  리워즈 바우처 신청 > 선물하기 로 사용자 성함(여권명)지정 발급 후 인쇄 혹은 캡쳐 화면으로 사용 가능합니다. 바우처 선물 시 받는분의 이름은 최대 5명까지 등록 가능하며, 한 번 삭제한 이름의 경우 동일 이름으로 재등록 할 수 없습니다.',4);
Insert into STAYWITH.FAQ (FAQ_NO,FAQ_TITLE,FAQ_CONTENT,FAQ_SORT) values (34,'포인트로 투숙 희망시, 호텔별 필요한 포인트는 얼마입니까?','최소 1,000포인트(USD10)부터 체크아웃 시 포인트로 차감 사용 가능합니다.',4);
Insert into STAYWITH.FAQ (FAQ_NO,FAQ_TITLE,FAQ_CONTENT,FAQ_SORT) values (35,'면세점에서 포인트 사용 하려고 하는데 회원조회가 되지 않습니다.','롯데면세점에서 포인트 사용을 원하실 경우 롯데면세점으로의 정보제공 동의가 있어야 하며, 멤버십에 등록 되어있는 영문 명과 여권명이 일치 하여야 합니다.
홈페이지 및 모바일 어플리케이션 마이페이지에서 정보 동의 수정 후 이용해주시면 됩니다.
영문 명 변경은 이메일로 요청하시면 변경 가능합니다.',4);
Insert into STAYWITH.FAQ (FAQ_NO,FAQ_TITLE,FAQ_CONTENT,FAQ_SORT) values (36,'레스토랑에서 포인트 사용이 가능한가요?','호텔앤리조트 직영 식음업장에서 포인트 및 바우처 사용 가능합니다. (비 투숙시에도 가능)',4);
Insert into STAYWITH.FAQ (FAQ_NO,FAQ_TITLE,FAQ_CONTENT,FAQ_SORT) values (37,'포인트를 사용하지 않았는데 사용처리가 되어있습니다.','등급 특전으로 제공되는 eVoucher 및 무료숙박권 발급 시 1포인트가 차감되고있습니다. 홈페이지 혹은 모바일 어플리케이션에서 표시되는 -1은 차감 된 포인트를 의미합니다.',4);
Insert into STAYWITH.FAQ (FAQ_NO,FAQ_TITLE,FAQ_CONTENT,FAQ_SORT) values (38,'신청한 바우처 취소하고 싶습니다.','기 발행하신 바우처는 포인트로 반환이 불가합니다.',5);
Insert into STAYWITH.FAQ (FAQ_NO,FAQ_TITLE,FAQ_CONTENT,FAQ_SORT) values (39,'바우처 유효기간은 어떻게 되나요?','바우처는 발행일로 부터 1년동안 이용 가능하며 유효기간이 지난 모든 바우처 및 무료숙박권은 복구가 불가하며, 회원 탈회시 바우처 사용이 불가합니다.',5);
Insert into STAYWITH.FAQ (FAQ_NO,FAQ_TITLE,FAQ_CONTENT,FAQ_SORT) values (40,'갖고있는 바우처 금액보다 적은 금액만 사용하고 싶습니다. 잔액은 환불 가능한가요?','호텔 리워즈 바우처를 사용한 후 발생하는 잔액은 환불 또는 포인트 환원이 불가합니다.',5);
Insert into STAYWITH.FAQ (FAQ_NO,FAQ_TITLE,FAQ_CONTENT,FAQ_SORT) values (41,'면세점에서 물품을 구입하려면 꼭 바우처를 발급받아야 하나요?','최소 10,000포인트(USD100)부터 한국 내 롯데면세점에서 현금처럼 사용 가능합니다. 포인트로 차감시 롯데호텔 리워즈 조회하여 회원명과 출국자명 동일한 경우 포인트 차감하여 사용하실 수 있고, 바우처 발급시 (선물하기) 출국자명이 사전 등록되어 있는 경우에만 사용 가능합니다.
(E-CERTI 선택하여 바코드 번호 입력 후 조회)',5);
REM INSERTING into STAYWITH.LF_RES
SET DEFINE OFF;
Insert into STAYWITH.LF_RES (RES_NO,LF_NO,MEMBER_ID,RES_PEOPLE,RES_DATE,RES_TIME,STATUS,PRICE) values ('LF1',15,'testda',4,to_date('21/10/31','RR/MM/DD'),'21:00',4,30000);
Insert into STAYWITH.LF_RES (RES_NO,LF_NO,MEMBER_ID,RES_PEOPLE,RES_DATE,RES_TIME,STATUS,PRICE) values ('LF21',15,'testda',3,to_date('21/10/29','RR/MM/DD'),'12:00',2,30000);
Insert into STAYWITH.LF_RES (RES_NO,LF_NO,MEMBER_ID,RES_PEOPLE,RES_DATE,RES_TIME,STATUS,PRICE) values ('LF22',15,'testda',3,to_date('21/10/29','RR/MM/DD'),'12:00',2,30000);
Insert into STAYWITH.LF_RES (RES_NO,LF_NO,MEMBER_ID,RES_PEOPLE,RES_DATE,RES_TIME,STATUS,PRICE) values ('LF23',15,'testda',3,to_date('21/10/29','RR/MM/DD'),'12:00',2,30000);
Insert into STAYWITH.LF_RES (RES_NO,LF_NO,MEMBER_ID,RES_PEOPLE,RES_DATE,RES_TIME,STATUS,PRICE) values ('LF24',15,'testda',3,to_date('21/10/29','RR/MM/DD'),'12:00',2,30000);
Insert into STAYWITH.LF_RES (RES_NO,LF_NO,MEMBER_ID,RES_PEOPLE,RES_DATE,RES_TIME,STATUS,PRICE) values ('LF43',20,'testda',4,to_date('21/11/02','RR/MM/DD'),'13:00',2,40000);
Insert into STAYWITH.LF_RES (RES_NO,LF_NO,MEMBER_ID,RES_PEOPLE,RES_DATE,RES_TIME,STATUS,PRICE) values ('LF44',20,'testda',2,to_date('21/11/02','RR/MM/DD'),'13:00',2,20000);
Insert into STAYWITH.LF_RES (RES_NO,LF_NO,MEMBER_ID,RES_PEOPLE,RES_DATE,RES_TIME,STATUS,PRICE) values ('LF45',24,'testda',2,to_date('21/11/16','RR/MM/DD'),'17:00',3,20000);
Insert into STAYWITH.LF_RES (RES_NO,LF_NO,MEMBER_ID,RES_PEOPLE,RES_DATE,RES_TIME,STATUS,PRICE) values ('LF46',17,'testda',5,to_date('21/11/03','RR/MM/DD'),'15:00',2,50000);
Insert into STAYWITH.LF_RES (RES_NO,LF_NO,MEMBER_ID,RES_PEOPLE,RES_DATE,RES_TIME,STATUS,PRICE) values ('LF47',17,'testda',30,to_date('21/11/02','RR/MM/DD'),'18:00',2,20000);
Insert into STAYWITH.LF_RES (RES_NO,LF_NO,MEMBER_ID,RES_PEOPLE,RES_DATE,RES_TIME,STATUS,PRICE) values ('LF48',24,'testda',2,to_date('21/11/03','RR/MM/DD'),'15:00',2,20000);
Insert into STAYWITH.LF_RES (RES_NO,LF_NO,MEMBER_ID,RES_PEOPLE,RES_DATE,RES_TIME,STATUS,PRICE) values ('LF49',17,'testda',30,to_date('21/12/25','RR/MM/DD'),'10:00',2,20000);
Insert into STAYWITH.LF_RES (RES_NO,LF_NO,MEMBER_ID,RES_PEOPLE,RES_DATE,RES_TIME,STATUS,PRICE) values ('LF50',25,'testda',1,to_date('21/11/09','RR/MM/DD'),'10:00',4,100);
Insert into STAYWITH.LF_RES (RES_NO,LF_NO,MEMBER_ID,RES_PEOPLE,RES_DATE,RES_TIME,STATUS,PRICE) values ('LF51',25,'testda',30,to_date('21/11/25','RR/MM/DD'),'10:00',4,80000);
Insert into STAYWITH.LF_RES (RES_NO,LF_NO,MEMBER_ID,RES_PEOPLE,RES_DATE,RES_TIME,STATUS,PRICE) values ('LF52',25,'testda',2,to_date('21/11/03','RR/MM/DD'),'19:00',2,100);
Insert into STAYWITH.LF_RES (RES_NO,LF_NO,MEMBER_ID,RES_PEOPLE,RES_DATE,RES_TIME,STATUS,PRICE) values ('LF53',17,'testda',30,to_date('21/11/29','RR/MM/DD'),'10:00',3,100);
Insert into STAYWITH.LF_RES (RES_NO,LF_NO,MEMBER_ID,RES_PEOPLE,RES_DATE,RES_TIME,STATUS,PRICE) values ('LF54',17,'testda',0,to_date('21/11/03','RR/MM/DD'),'10:00',2,100);
Insert into STAYWITH.LF_RES (RES_NO,LF_NO,MEMBER_ID,RES_PEOPLE,RES_DATE,RES_TIME,STATUS,PRICE) values ('LF55',20,'testda',2,to_date('21/11/11','RR/MM/DD'),'13:00',3,100);
Insert into STAYWITH.LF_RES (RES_NO,LF_NO,MEMBER_ID,RES_PEOPLE,RES_DATE,RES_TIME,STATUS,PRICE) values ('LF56',20,'testda',2,to_date('21/11/10','RR/MM/DD'),'19:00',4,100);
Insert into STAYWITH.LF_RES (RES_NO,LF_NO,MEMBER_ID,RES_PEOPLE,RES_DATE,RES_TIME,STATUS,PRICE) values ('LF57',17,'testda',30,to_date('21/11/03','RR/MM/DD'),'10:00',2,100);
Insert into STAYWITH.LF_RES (RES_NO,LF_NO,MEMBER_ID,RES_PEOPLE,RES_DATE,RES_TIME,STATUS,PRICE) values ('LF58',17,'testda',30,to_date('21/11/25','RR/MM/DD'),'10:00',3,100);
Insert into STAYWITH.LF_RES (RES_NO,LF_NO,MEMBER_ID,RES_PEOPLE,RES_DATE,RES_TIME,STATUS,PRICE) values ('LF59',17,'testda',2,to_date('21/11/17','RR/MM/DD'),'10:00',3,100);
Insert into STAYWITH.LF_RES (RES_NO,LF_NO,MEMBER_ID,RES_PEOPLE,RES_DATE,RES_TIME,STATUS,PRICE) values ('LF60',17,'testda',3,to_date('21/11/10','RR/MM/DD'),'10:00',4,100);
Insert into STAYWITH.LF_RES (RES_NO,LF_NO,MEMBER_ID,RES_PEOPLE,RES_DATE,RES_TIME,STATUS,PRICE) values ('LF61',17,'testda',1,to_date('21/11/17','RR/MM/DD'),'10:00',3,100);
Insert into STAYWITH.LF_RES (RES_NO,LF_NO,MEMBER_ID,RES_PEOPLE,RES_DATE,RES_TIME,STATUS,PRICE) values ('LF62',17,'testda',2,to_date('21/11/11','RR/MM/DD'),'13:00',3,100);
Insert into STAYWITH.LF_RES (RES_NO,LF_NO,MEMBER_ID,RES_PEOPLE,RES_DATE,RES_TIME,STATUS,PRICE) values ('LF63',25,'eve1224',1,to_date('21/12/24','RR/MM/DD'),'16:00',1,100);
REM INSERTING into STAYWITH.LIFESTYLE
SET DEFINE OFF;
Insert into STAYWITH.LIFESTYLE (LF_NO,LF_CATEGORY,LF_TITLE,LF_CONTENT,LF_STATUS,FILEPATH,FILENAME,THUMBNAIL) values (17,'피트니스','실내 사우나','<p><b>실내 사우나</b></p><p><img src="/upload/editor/R00000009MJU_KR1.jpg" style="width: 866px;"><b><br></b></p><p><b>프라이버시와 취향을 고려해 디자인한 여유로운 공간의 실내 사우나입니다.</b></p><p><b>고급스러운 시설과 서비스로 여유로운 휴식을 즐기실 수 있습니다.</b></p><p>개인 샤워 부스 및 세신실 등 프라이버시가 보장된 시설을 갖추고 있으며,</p><p>취향에 따라 선택할 수 있는 다양한 온도와 크기의 사우나 및 탕을 구비하고있습니다.</p><p><font color="#295218"><span style="font-family: " comic="" sans="" ms";"=""><u>문의전화 02-333-0000</u></span></font></p><h6>위치<span style="font-weight: 400;"> StayWith호텔 3층&nbsp; &nbsp; &nbsp;|&nbsp; &nbsp; </span>&nbsp;운영시간<span style="font-weight: 400;"> 05:30~22:30&nbsp; &nbsp; &nbsp;|&nbsp; &nbsp; &nbsp;</span>연중무휴&nbsp; &nbsp;|&nbsp; &nbsp;하루 최대 인원 : <span style="font-weight: normal;">30명</span></h6><h5><span style="font-weight: normal;">-사우나는 만 13세 이상 고객에 한해 입장 가능합니다.</span></h5><h5><span style="font-weight: normal;">-고객 여러분의 안전을 위하여 음주 후 체육관, 사우나, 실내 수영장들의 피트니스 시설 이용은 제한될 수 있습니다.</span></h5><h5><span style="font-weight: normal;">-건강상 문제나 피부질환, 문신 등의 이유로 피트니스 시러 이용이 제한될 수 있습니다.</span></h5>',1,'retreatIndexFitImg52.jpg','retreatIndexFitImg5.jpg','여유로운 공간의 실내 사우나');
Insert into STAYWITH.LIFESTYLE (LF_NO,LF_CATEGORY,LF_TITLE,LF_CONTENT,LF_STATUS,FILEPATH,FILENAME,THUMBNAIL) values (20,'피트니스','실내 수영장','<p><b>실내 수영장</b></p><p><img src="/upload/editor/R00000009M89_KR2.jpg" style="width: 866px;"><b><br></b></p><p><b>Stay With의 실내 수영장은 피트니스 회원만을 위한 공간으로</b></p><p><b>사계절 내내 쾌적하고 여유로운 수영을 즐길 수 있습니다.</b></p><p>''자연과 하나되는 공간''</p><p>유리돔을 통해 보이는 전경을 만끽하며 수영과 휴식을 함께 즐길 수 있는 공간입니다.</p><p>건식 사우나와 실내 및 자쿠지를 갖추고 있습니다.</p><p>회원들을 위해 별도의 락커룸을 제공합니다.</p><h6>?위치 <span style="font-weight: normal;">StayWith호텔 3층? ? |? ? </span>운영시간 06:00~22:00? ? |? ? 연중무휴? ?|? ?하루 최대 인원 : <span style="font-weight: normal;">30명</span></h6><h5><span style="font-weight: normal;">- 실내 수영장과 릭렉세이션 존(실내 자쿠지, 야외 자쿠지, 건식 사우나)은 성인 고객 전용 시설로서, 안전을 위해 만 13세 이상인 고객에 한해 이용 가능합니다.</span></h5><h5><span style="font-weight: 400;">- 수영장에서 다이빙은 금지되어있습니다.</span></h5><h5><span style="font-weight: 400;">- 샤워실 및 탈의실 이용 시 만 4세 이상 어린이는 혼성 입장이 불가합니다.</span></h5><h5><span style="font-weight: 400;">- 적정 인원 초과 시 이용을 위해 대기하실 수 있습니다.</span></h5><h5><span style="font-weight: 400;">- 고객 여러분의 안전을 위하여 음주 후 체육관, 사우나, 실내 수영장 등의 피트니스 시설 이용은 제한될 수 있습니다.</span></h5><h5><span style="font-weight: 400;">-목 튜뷰를 포함한 모든 종류의 튜브,스토클 장비, 오리발, 수중 프로펠러 등은 사용하실 수 없습니다.</span></h5><h5><span style="font-weight: 400;">-수영복 착용 시에만 사용가능하며 풀 내에서의 체육복 및 평상복 착용은 불가합니다.</span></h5><h5><span style="font-weight: 400;">-실내 수영장과 어번 아일랜드는 별도로 운영되고 있습니다.</span></h5><h5><br></h5><h5><span style="font-weight: 400;"><br></span></h5><p><br></p>',1,'retreatIndexFitImg15.jpg','retreatIndexFitImg1.jpg','수영과 휴식을 한번에');
Insert into STAYWITH.LIFESTYLE (LF_NO,LF_CATEGORY,LF_TITLE,LF_CONTENT,LF_STATUS,FILEPATH,FILENAME,THUMBNAIL) values (22,'산책로','산책로','<p><b>산책로</b></p><p><img src="/upload/editor/R00000009MP2_KR2.jpg" style="width: 866px;"><b><br></b></p><p><b>고풍스러운 성곽길</b></p><p>아름ㄷ가운 경관과 맑은 공기가 가득한 여유롭고 평온한 휴식 장소로서</p><p>4만 제곱미터의 녹지대를 따라 조성된 1.6km의 산책실을 따라 굽이굽이 펼쳐지는 서울성곽길을 걸어가 보면 옛 숨결도 느끼실 수 있습니다.</p><h6>위치 <span style="font-weight: normal;">StayWith호텔 야외&nbsp; &nbsp;|&nbsp; &nbsp;</span>운영시간 <span style="font-weight: normal;">06:00~22:00</span>&nbsp;</h6>',1,'retreatIndexImg41.jpg','retreatIndexImg4.jpg','아름다운 경관과 맑은 공기가 가득한 휴식 장소');
Insert into STAYWITH.LIFESTYLE (LF_NO,LF_CATEGORY,LF_TITLE,LF_CONTENT,LF_STATUS,FILEPATH,FILENAME,THUMBNAIL) values (23,'쇼핑','면세점','<p><b>면세점</b></p><p><img src="/upload/editor/dutyFree5.jpg" style="width: 866px;"><b><br></b></p><p><b>"최고의 아름다움","최상의 서비스","품격 있는 쇼핑"을 위한 당신의 선택,</b></p><p><b>신라면세점이 최고의 면세 쇼핑 서비스를 제공하고 있습니다.</b></p><p>화장품, 향수 등 뷰티 브랜드와 루이비통, 샤넬, 에르메스, 구찌 등 글로벌 명품 브랜드에서부터 트랜디한 패션상품 및</p><p>각종 주류까지 총 1,300여 종의 다채로운 브랜드들을 만나보실 수 있습니다. 또한 세계 유일의 아시아 3대 국제공항 동시&nbsp;</p><p>압점 면세점 입니다.</p><h6>연중 무휴</h6><h6><br></h6>',1,'retreatIndexImg61.jpg','retreatIndexImg6.jpg','최고의 면세쇼핑 서비스를 제공하고 있습니다.');
Insert into STAYWITH.LIFESTYLE (LF_NO,LF_CATEGORY,LF_TITLE,LF_CONTENT,LF_STATUS,FILEPATH,FILENAME,THUMBNAIL) values (24,'피트니스','조깅코스','<p><b>조깅코스</b></p><p><img src="/upload/editor/R00000009MNA_KR2.jpg" style="width: 866px;"><b><br></b></p><p>정문을 출발하여 싱그러운 나무를 지나 산으로 이어지는 계단으로 2가지 코스가 마련되어 있습니다.</p><p><b>A코스 : 2.4km? ? ? ? ? ? ? ? ? ? ? ? ? ? ? ? ? ? ? ? ? ? ? ? ? ? ? ? ? ? ? ? ? ? ? ? ? ? ? ? ?B코스 : 3.8km</b></p><p><img src="/upload/editor/조깅코스A.jpg" style="width: 417px;">? ? ? ? ? ?<img src="/upload/editor/조깅코스B1.jpg" style="width: 417px;"><b><br></b></p><h4><span style="font-weight: 400;">정문시작 -> 호텔정문->공원 앞->극장->시작점? ? ? ? ? ? ? ? ? ? ? ? ? ? ? ? ? ? 산책로에서 시작-> 트리 정문->극장->조깅 시작점</span></h4><h4><span style="font-weight: 400;">-약 30~40분 조깅 코스입니다.? ? ? ? ? ? ? ? ? ? ? ? ? ? ? ? ? ? ? ? ? ? ? ? ? ? ? ? ? ?- 약 1시간 조깅 코스 입니다.</span></h4>',1,'retreatIndexFitImg4.jpg','retreatIndexFitImg4.jpg','남산과 함께하는 코스');
Insert into STAYWITH.LIFESTYLE (LF_NO,LF_CATEGORY,LF_TITLE,LF_CONTENT,LF_STATUS,FILEPATH,FILENAME,THUMBNAIL) values (16,'야외수영장','카바나','<h5><b>카바나</b></h5><p><img src="/upload/editor/R0000000NQQ2_KR.jpg" style="width: 866px;"><b><br></b></p><p><b>프라이빗하고 여유로운 휴식과 함께 낭만적인 시간을 만들어드립니다.</b></p><p>어번 아일랜드에서 더욱 여유로운 시간을 즐길 수 있는 다양한 스타일의 카바나를 제안합니다.</p><p>소중한 사람들과 함께하는 여유로운 휴식, 그리고 낭만적인 순간을 경험해 보십시오.</p><h6>위치&nbsp; <span style="font-weight: 400;">Stay With호텔 3층</span></h6><h5>이용안내</h5><h5><span style="font-weight: normal;">- 카바나를 포함한 어번 아일랜드의 모든 지역에서는 외부 식음료의 반입을 금지하고 있습니다.</span></h5><h5><span style="font-weight: 400;">- 카바나 이용 시 제공되는 식음 혜택의 구성은 호텔 사정에 따라 변경될 수 있습니다.</span></h5><p><b><br></b></p>',1,'retreatIndexMainImg21.jpg','retreatIndexMainImg2.jpg','프라이빗하고 여유로운 휴식과 낭만적인 시간을 위한 장소');
Insert into STAYWITH.LIFESTYLE (LF_NO,LF_CATEGORY,LF_TITLE,LF_CONTENT,LF_STATUS,FILEPATH,FILENAME,THUMBNAIL) values (25,'피트니스','실내 골프장','<p><b>실내 골프장</b></p><p><img src="/upload/editor/R00000009MHT_KR.jpg" style="width: 866px;"><b><br></b></p><p><b>최고의 가치를 제공하기 위해 Stay With호텔에서만 누릴 수 있는 다양한 전문 프로그램을 마련했습니다.</b></p><p>골프 경기력 향상을 위한 다양한 디지털 장비를 마련해 드라이빙, 퍼탕, 자세교정, 클럽 피팅 등 One-stop Solution을 제공합니다.</p><p>국내 최로로 드라이빙 레인저 전 타석에 골프샷 분석시스탬인 트랙맨을 설치해 더욱 과학적인 골프 연습을 경험하실 수 있습니다.</p><p><span style="font-size: 10.72px; font-weight: 700;">위치</span><span style="font-size: 10.72px;">?StayWith호텔 6층? ? ?|? ??</span><span style="font-size: 10.72px; font-weight: 700;">?운영시간</span><span style="font-size: 10.72px;">?06:30~22:00? ? ?|? ? ?</span><span style="font-size: 10.72px; font-weight: 700;">연중무휴? ?|? ?</span><span style="font-size: 10.72px;"><b>대여품목 </b>골프클럽(무료)? ?|</span><span style="font-size: 10.72px; font-weight: 700;">? 하루 최대 인원 :?</span><span style="font-size: 10.72px;">30명</span></p><h5><span style="font-size: 10.72px; font-weight: normal;">- 실내 골프장은 만 13세 이상 고객에 한해 입장 가능합니다.</span></h5><h5><span style="font-size: 10.72px; font-weight: normal;">- 고객 여러분의 안전을 위하여 음주 후 체육관, 사우나, 실내 수영장 등의 피트니스 시설 이용은 제한될 수 있습니다.</span></h5><h4>트랙맨</h4><p>짧은 골프 연습장 비거리 보완 및 스윙데이터를 관리하는 최고의 분석장비 시스템입니다.</p><p>PGA,LPGA의 많은 프로 골프선수들이 사용하고 있습니다.</p><p><b>스윙타석</b></p><p>전 타석 자동 티업기를 설치, 연습시 편의를 제공하며 실제 잔디와 유사한 타격 감을 주는 양질의 타석을 설치 하였습니다.</p><h4><b>퍼팅장</b></h4><h4><span style="font-weight: normal;">야외 퍼팅 연습장으로 휴식공간과 연습이 가능합니다.</span></h4>',1,'retreatIndexFitImg3.jpg','retreatIndexFitImg3.jpg','실전 라운딩과 같은 공간');
Insert into STAYWITH.LIFESTYLE (LF_NO,LF_CATEGORY,LF_TITLE,LF_CONTENT,LF_STATUS,FILEPATH,FILENAME,THUMBNAIL) values (41,'피트니스','실내 체육관','<p><b>실내 체육관</b></p><p><img src="/upload/editor/R00000009MES_KR2.jpg" style="width: 865px;"><b><br></b></p><p>체계적인 체력 관리를 위한 기능별 공간관 최상의 휴식을 위한 공간으로 조성되어</p><p>운동과 휴식을 조화롭게 즐기실 수 있는 실내 체육관입니다.</p><p><span style="font-size: 10.72px; font-weight: 700;">위치</span><span style="font-size: 10.72px;">?StayWith호텔 5층? ? ?|? ??</span><span style="font-size: 10.72px; font-weight: 700;">?운영시간</span><span style="font-size: 10.72px;">?05:30~22:30? ? ?|? ? ?</span><span style="font-size: 10.72px; font-weight: 700;">연중무휴? ? |? ? 대여 품목 </span><span style="font-size: 10.72px;">트레이닝복(무료), 양말(무료)</span><span style="font-size: 10.72px; font-weight: 700;">? ?하루 최대 인원 :?</span><span style="font-size: 10.72px;">30명</span></p><h5><span style="font-size: 10.72px; font-weight: normal;">- 체육관은 만 16세 이상 고객에 한해 입장 가능합니다.</span></h5><h5><span style="font-size: 10.72px; font-weight: normal;">- 고객 여러분의 안전을 위하여 음주 후 체육관, 사우나, 실내 수영장 등의 피트니스 시설 이용은 제한될 수 있습니다.</span></h5><h5><span style="font-size: 10.72px; font-weight: normal;">- 실내 체육관 입장 시 반드시 운동복과 실내용 운동화를 착용해 주시기 바랍니다.</span></h5><h4>G.X(그룹 엑서사이즈)</h4><p><img src="/upload/editor/R00000009MEE_KR.gif" style="width: 865px;"></p><h4><span style="font-weight: 400;">평생 회원제의 특성에 맞게 개인의 취향과 운동 적성을 고려한 다양한 프로그램을 운영합니다.</span></h4><h4><span style="font-weight: 400;">윌빙 라이프를 위한 그룹 엑서사이즈와 힐링을 위한 스페셜 운동 프로그램으로 구성되어 있습니다.</span></h4><h5><span style="font-weight: 400;">-힐링 운동 프로그램 : 요가, 매트 필라테스, 바디아트, 코어 스트레칭을 진행합니다.</span></h5><h5><span style="font-weight: 400;">-리드믹 운동 프로그램 : 율동적 요소와 즐거운을 위한 댄스 위주의 수업으로 전 세계적으로 유명한 줌바 댄스와 에어로빅 믹스를 진행합니다.</span></h5><h5><span style="font-weight: 400;">-체력강화 운동 프로그램 : 보다 역동적이고 파워풀한 체력 육성과 무한의 도전을 위한 동기부여 운동으로 크로스핏, 마실아트 등을 진행합니다.</span></h5>',1,'retreatIndexFitImg21.jpg','retreatIndexFitImg2.jpg','체력관리를 위한 공간');
Insert into STAYWITH.LIFESTYLE (LF_NO,LF_CATEGORY,LF_TITLE,LF_CONTENT,LF_STATUS,FILEPATH,FILENAME,THUMBNAIL) values (15,'야외수영장','어번 아일랜드','<p><b>어번아일랜드</b></p><p><img style="width: 866px;" src="/upload/editor/R0000000MA1O_KR.jpg"><b><br></b></p><p><span style="font-weight: bolder;">격이 다른 아웃도어 라이프스타일 경험을 제공하는 어번 아일랜드</span></p><p>어번 아일랜드는 ''도심 속 휴식의 섬'' 컨셉의 야외 수영장입니다,</p><p>특급 호텔 최초 온수풀, 자쿠지, 루프탑, 카바나 등 차원이 다른 아웃도어 라이프 스타일을 즐기실 수 있습니다.</p><p>어번 아일랜드는 계절마다 색다른 테마로 방문하실 때마다 새로운 경험을 제공합니다.</p><h6>위치&nbsp;StayWith호텔 3층&nbsp;</h6><h5>운영 방침 :&nbsp;</h5><h5><span style="font-weight: normal;">- 어번 아일랜드는 Stay With 클럽 회원과 투숙객 전용 시설입니다.</span></h5><h5><span style="font-weight: normal;">- 어번 아일랜드는 사전 예약이 불가합니다.</span></h5><h5><span style="font-weight: normal;">- 어번 아일랜드와 실내 수영장은 별도로 운영되고 있습니다.</span></h5><h5><span style="font-weight: normal;">- 선베드는 선착순으로 배정 되며, 객실당 2개씩 제공됩니다.</span></h5><h5><span style="font-weight: normal;">- 어번 아일랜드의 모든 지역은 금연 구역입니다.</span></h5><h5><span style="font-weight: normal;">- 어번 아일랜드 내 유모차 반입을 불가합니다.</span></h5><h5>안전 :&nbsp;</h5><h5><span style="font-weight: 400;">- 신장 140cm 미만인 고객은 성인 보호자의 보호 하에 구명조끼 착용 시 이용 가능합니다</span></h5><h5><span style="font-weight: normal;">- 다이빙은 금지되어 있습니다.</span></h5><h5><span style="font-weight: normal;">- 물에 들어가기 전 반드시 준비운동을 해주시기 바랍니다.</span></h5><h5><span style="font-weight: normal;">- 금속, 플라스틱, 유리제품 등 날카롭거나 깨질 수 있는 물건의 반입을 금합니다.</span></h5><h5><span style="font-weight: normal;">- 강우 및 태풍, 한파 등과 같은 기상 상황에 따라 어번 아일랜드 이용이 제한될 수 있습니다.</span></h5><h4>야외 수영장&nbsp; &nbsp; &nbsp; &nbsp; &nbsp; &nbsp; &nbsp; &nbsp; &nbsp; &nbsp; &nbsp; &nbsp; &nbsp; &nbsp; &nbsp; &nbsp; &nbsp; &nbsp; &nbsp; &nbsp; &nbsp; &nbsp; &nbsp; &nbsp; &nbsp; &nbsp; &nbsp; &nbsp; &nbsp; &nbsp; &nbsp; &nbsp; &nbsp; &nbsp; &nbsp; &nbsp; &nbsp; &nbsp; &nbsp; &nbsp;카바나</h4><p><img src="/upload/editor/R00000009H4E_KR2.jpg" style="width: 417px;">&nbsp; &nbsp; &nbsp;<img src="/upload/editor/R0000001CESG_KR.jpg" style="width: 417px;"></p><p><br></p><p><b>자쿠지&nbsp; &nbsp; &nbsp; &nbsp; &nbsp; &nbsp; &nbsp; &nbsp; &nbsp; &nbsp; &nbsp; &nbsp; &nbsp; &nbsp; &nbsp; &nbsp; &nbsp; &nbsp; &nbsp; &nbsp; &nbsp; &nbsp; &nbsp; &nbsp; &nbsp; &nbsp; &nbsp; &nbsp; &nbsp; &nbsp; &nbsp; &nbsp; &nbsp; &nbsp; &nbsp; &nbsp; &nbsp; &nbsp; &nbsp; &nbsp; &nbsp; &nbsp; &nbsp; 루프탑 가든</b></p><p><img src="/upload/editor/R00000009H4S_KR2.jpg" style="width: 417px;">&nbsp; &nbsp;&nbsp;<img src="/upload/editor/R00000009H4Z_KR2.jpg" style="width: 417px;"><b><br></b></p><h5><br></h5>',1,'retreatIndexMainImg122.jpg','retreatIndexMainImg1.jpg','탁 트인 전망과 편안한 휴식을 취할 수 있는 완벽한 장소');
Insert into STAYWITH.LIFESTYLE (LF_NO,LF_CATEGORY,LF_TITLE,LF_CONTENT,LF_STATUS,FILEPATH,FILENAME,THUMBNAIL) values (19,'스파','겔랑 스파','<p><b>겔랑 스파</b></p><p><img src="/upload/editor/R00000009M3W_KR2.jpg" style="width: 866px;"><b><br></b></p><p><b>프랑스 명품 코스메틱 기술과 Stay With호텔의 품격이 만나</b></p><p><b>최고의 서비를 제공하는 도심 속 데스티네이션 스파</b></p><p>겔랑 스파는 192년 전통의 파리 겔랑 본사 노하우를 전수받은 10여명의 스파 전문가들이 고객의 취향과 심신 상태를 고려하여&nbsp;</p><p>최적화 된 고객 맞춤형 프로그램을 추천, 도심 속의 진정한 휴식을 제공하는 지상 최고의 서비스를 제공합니다.</p><h6>위치 <span style="font-weight: normal;">StayWith 호 3층&nbsp; &nbsp;|&nbsp; &nbsp;</span>운영시간&nbsp; &nbsp;<span style="font-weight: normal;">09:00~21:00&nbsp; &nbsp;|&nbsp; &nbsp;</span>연중무휴</h6><h4>시설 소개</h4><p>겔랑 스파는 4계절 아름다운 남산의 전경을 볼 수 있는 지상 3층에 위치하여 자연채광을 통한 겔랑만의 향기를 제공하여 10개의 트리트먼트 룸과</p><p>5개의 족욕 라운지 등의 시설을 갖추어 도심 내 휴식을 제공하여 드립니다.<br></p><p><br></p><p><b>Treatment Room</b></p><p><img src="/upload/editor/R00000009M37_KR4.jpg" style="width: 417px;">&nbsp; &nbsp;<img src="/upload/editor/R00000009M3C_KR2.jpg" style="font-size: var(--bs-body-font-size); font-weight: var(--bs-body-font-weight); text-align: var(--bs-body-text-align); background-color: var(--bs-body-bg); width: 417px;"><span style="font-size: var(--bs-body-font-size); font-weight: var(--bs-body-font-weight); text-align: var(--bs-body-text-align); background-color: var(--bs-body-bg);">&nbsp; &nbsp; &nbsp; &nbsp; &nbsp; &nbsp; &nbsp; &nbsp; &nbsp;</span></p><h5><span style="font-size: var(--bs-body-font-size); font-weight: var(--bs-body-font-weight); text-align: var(--bs-body-text-align); background-color: var(--bs-body-bg);">&nbsp; </span><span style="font-size: var(--bs-body-font-size); text-align: var(--bs-body-text-align); background-color: var(--bs-body-bg);">족욕 라운지&nbsp; &nbsp; &nbsp; &nbsp; &nbsp; &nbsp; &nbsp; &nbsp; &nbsp; &nbsp; &nbsp; &nbsp; &nbsp; &nbsp; &nbsp; &nbsp; &nbsp; &nbsp; &nbsp; &nbsp; &nbsp; &nbsp; &nbsp; &nbsp; &nbsp; &nbsp; &nbsp; &nbsp; &nbsp; &nbsp; &nbsp; &nbsp; &nbsp; &nbsp; &nbsp; &nbsp; &nbsp; &nbsp;Make-up Bar</span></h5><h5><span style="font-size: 16px; font-weight: 400;">특수 설비를 갖춘 족욕 라운지는 모든 트리트먼트 전 15분 동안&nbsp; &nbsp; &nbsp;겔랑스파에서는 겔랑의 다양한 화장품 라인을 체험할 수 있습니다.</span></h5><h5><span style="font-size: 16px; font-weight: 400;">족욕 서비스가 이루어지는 장소로 고객의 키에 맞춰 의자가&nbsp; &nbsp; &nbsp; &nbsp; &nbsp; &nbsp;릴렉스한 트리트먼트 후 멋진 스케줄을 위해 메이크업을 하실 수&nbsp;</span></h5><h5><span style="font-size: 16px; font-weight: 400;">자동으로 조절되고 부드러운 족욕 관리가 시작되면서&nbsp; &nbsp; &nbsp; &nbsp; &nbsp; &nbsp; &nbsp; &nbsp; &nbsp; &nbsp; 있도록 화려한 색조 화장품과 향수를 구비하고 있습니다.</span></h5><h5><span style="font-size: 16px; font-weight: 400;">이어지는 트리트먼트 여정을 준비해 드립니다.</span></h5><h5><br></h5>',1,'retreatIndexImg34.jpg','retreatIndexImg3.jpg','도심 속 데스티네이션 스파');
Insert into STAYWITH.LIFESTYLE (LF_NO,LF_CATEGORY,LF_TITLE,LF_CONTENT,LF_STATUS,FILEPATH,FILENAME,THUMBNAIL) values (42,'쇼핑','아케이드','<p><b>아케이드</b></p><p><img src="/upload/editor/R0000000V56F_KR2.jpg" style="width: 866px;"><b><br></b></p><p><b>StayWith호텔에서 럭셔리 브랜드들의 최신 트렌드를 가장 가까이에서 만나보실 수 있습니다.</b></p><p>명품 아케이드는&nbsp; StayWith만의 라이프 스타일이 살아 숨쉬는 공간입니다. 고객 모두에게 만족을 드릴 최고급 쇼핑 공간으로서</p><p>엄선된 20여개의 최고급 브랜드만 입점되어 있습니다.</p><p>프라이빗한 구조의 매장 구성으로 럭셔리 브랜드들의 최신 트렌드를 가장 가까이에서 만나보실 수 있습니다.</p><h6>위치&nbsp;<span style="font-weight: 400;">&nbsp;StayWith 1층.B1층&nbsp; &nbsp;|&nbsp; &nbsp;</span>운영시간&nbsp; <span style="font-weight: normal;">10:00~19:00(월~금), 11:00 ~ 19:00(토, 일, 공휴일)</span></h6><h3><br></h3><h3><br></h3><h3><div class="contain" style="margin: 0px; padding: 55px 0px 0px; font-variant-numeric: normal; font-variant-east-asian: normal; font-weight: normal; font-stretch: normal; font-size: 12px; line-height: 19.2px; font-family: Dotum, 돋움, sans-serif; color: rgb(16, 16, 16); z-index: 10;"><div class="container" style="margin-top: 0px; margin-bottom: 100px; padding: 0px; font-variant-numeric: normal; font-variant-east-asian: normal; font-stretch: normal; line-height: 19.2px; font-family: Dotum, 돋움, sans-serif; color: rgb(16, 16, 16); width: 1200px; zoom: 1;"><br></div></div></h3>',1,'retreatIndexImg53.jpg','retreatIndexImg5.jpg','라이프스타일이 살아 숨쉬는 공간입니다.');
REM INSERTING into STAYWITH.LIFE_REVIEW
SET DEFINE OFF;
Insert into STAYWITH.LIFE_REVIEW (LF_R_NO,REVIEW_WRITER,REVIEW_CONTENT,REVIEW_DATE,STAR,RES_NO,LF_NO,LIFE_NAME,RES_DATE,LIFE_IMG) values (42,'testda','조깅코스에도 예약제로 운영해서 긴가민가 했는데, 막상 이용해보니 사람도 적당히 있고 붐비지 않아서 너무 좋았어요 !_!','2021-11-05',5,'LF48',24,'조깅코스','2021/11/03','retreatIndexFitImg42.jpg');
Insert into STAYWITH.LIFE_REVIEW (LF_R_NO,REVIEW_WRITER,REVIEW_CONTENT,REVIEW_DATE,STAR,RES_NO,LF_NO,LIFE_NAME,RES_DATE,LIFE_IMG) values (43,'testda','물 너무 깨끗하고 소독약 향도 약해서 좋았는데 단체로 다이빙하는 사람이 있어서 좀 그랬어요','2021-11-05',3,'LF43',20,'실내 수영장','2021/11/02','retreatIndexFitImg15.jpg');
Insert into STAYWITH.LIFE_REVIEW (LF_R_NO,REVIEW_WRITER,REVIEW_CONTENT,REVIEW_DATE,STAR,RES_NO,LF_NO,LIFE_NAME,RES_DATE,LIFE_IMG) values (41,'testda','사우나가 좋네요~','2021-11-03',4,'LF57',17,'실내 사우나','2021/10/03','retreatIndexFitImg5.jpg');
Insert into STAYWITH.LIFE_REVIEW (LF_R_NO,REVIEW_WRITER,REVIEW_CONTENT,REVIEW_DATE,STAR,RES_NO,LF_NO,LIFE_NAME,RES_DATE,LIFE_IMG) values (46,'testda','사장님 나이스샷 ^^','2021-11-05',5,'LF52',25,'실내 골프장','2021/11/03','retreatIndexFitImg33.jpg');
REM INSERTING into STAYWITH.MEMBER
SET DEFINE OFF;
Insert into STAYWITH.MEMBER (MEMBER_NO,MEMBER_ID,MEMBER_PW,MEMBER_KNAME,MEMBER_LNAME,MEMBER_FNAME,MEMBER_LEVEL,PHONE,BIRTH,EMAIL,POINT,ENROLL_DATE) values (24,'test_admin','1234','KNAME_','LNAME_','FNAME_',1,'010-1111-1111',19991111,'admintestEmail@gamil.com',0,'21/11/01  ');
Insert into STAYWITH.MEMBER (MEMBER_NO,MEMBER_ID,MEMBER_PW,MEMBER_KNAME,MEMBER_LNAME,MEMBER_FNAME,MEMBER_LEVEL,PHONE,BIRTH,EMAIL,POINT,ENROLL_DATE) values (2,'testda','!qwer123','테스트','ES','TE',3,'010-1234-1365',19920808,'min9288@gmail.com',0,'2021-10-26');
Insert into STAYWITH.MEMBER (MEMBER_NO,MEMBER_ID,MEMBER_PW,MEMBER_KNAME,MEMBER_LNAME,MEMBER_FNAME,MEMBER_LEVEL,PHONE,BIRTH,EMAIL,POINT,ENROLL_DATE) values (6,'admin2','!admin123','관리자(강세희)','admin','a',1,'010-0000-1111',20211026,'admin@naver.com',0,'2021-10-26');
Insert into STAYWITH.MEMBER (MEMBER_NO,MEMBER_ID,MEMBER_PW,MEMBER_KNAME,MEMBER_LNAME,MEMBER_FNAME,MEMBER_LEVEL,PHONE,BIRTH,EMAIL,POINT,ENROLL_DATE) values (7,'admin','!admin123','관리자(강세희)','admin','a',1,'010-0000-1111',20211026,'admin@naver.com',0,'2021-10-26');
Insert into STAYWITH.MEMBER (MEMBER_NO,MEMBER_ID,MEMBER_PW,MEMBER_KNAME,MEMBER_LNAME,MEMBER_FNAME,MEMBER_LEVEL,PHONE,BIRTH,EMAIL,POINT,ENROLL_DATE) values (25,'test_admin3','1234','KNAME_3','LNAME_3','FNAME_3',3,'010-1111-1111',19991111,'admintestEmail@gamil.com',0,'21/11/01  ');
Insert into STAYWITH.MEMBER (MEMBER_NO,MEMBER_ID,MEMBER_PW,MEMBER_KNAME,MEMBER_LNAME,MEMBER_FNAME,MEMBER_LEVEL,PHONE,BIRTH,EMAIL,POINT,ENROLL_DATE) values (26,'test_admin4','1234','KNAME_4','LNAME_4','FNAME_4',4,'010-1111-1111',19991111,'admintestEmail@gamil.com',0,'21/11/01  ');
Insert into STAYWITH.MEMBER (MEMBER_NO,MEMBER_ID,MEMBER_PW,MEMBER_KNAME,MEMBER_LNAME,MEMBER_FNAME,MEMBER_LEVEL,PHONE,BIRTH,EMAIL,POINT,ENROLL_DATE) values (27,'test_admin5','1234','KNAME_5','LNAME_5','FNAME_5',4,'010-1111-1111',19991111,'admintestEmail@gamil.com',0,'21/11/01  ');
Insert into STAYWITH.MEMBER (MEMBER_NO,MEMBER_ID,MEMBER_PW,MEMBER_KNAME,MEMBER_LNAME,MEMBER_FNAME,MEMBER_LEVEL,PHONE,BIRTH,EMAIL,POINT,ENROLL_DATE) values (28,'test_admin6','1234','KNAME_6','LNAME_6','FNAME_6',4,'010-1111-1111',19991111,'admintestEmail@gamil.com',0,'21/11/01  ');
Insert into STAYWITH.MEMBER (MEMBER_NO,MEMBER_ID,MEMBER_PW,MEMBER_KNAME,MEMBER_LNAME,MEMBER_FNAME,MEMBER_LEVEL,PHONE,BIRTH,EMAIL,POINT,ENROLL_DATE) values (29,'test_admin7','1234','KNAME_7','LNAME_7','FNAME_7',5,'010-1111-1111',19991111,'admintestEmail@gamil.com',0,'21/11/01  ');
Insert into STAYWITH.MEMBER (MEMBER_NO,MEMBER_ID,MEMBER_PW,MEMBER_KNAME,MEMBER_LNAME,MEMBER_FNAME,MEMBER_LEVEL,PHONE,BIRTH,EMAIL,POINT,ENROLL_DATE) values (30,'test_admin8','1234','KNAME_8','LNAME_8','FNAME_8',1,'010-1111-1111',19991111,'admintestEmail@gamil.com',0,'21/11/01  ');
Insert into STAYWITH.MEMBER (MEMBER_NO,MEMBER_ID,MEMBER_PW,MEMBER_KNAME,MEMBER_LNAME,MEMBER_FNAME,MEMBER_LEVEL,PHONE,BIRTH,EMAIL,POINT,ENROLL_DATE) values (31,'test_admin9','1234','KNAME_9','LNAME_9','FNAME_9',5,'010-1111-1111',19991111,'admintestEmail@gamil.com',0,'21/11/01  ');
Insert into STAYWITH.MEMBER (MEMBER_NO,MEMBER_ID,MEMBER_PW,MEMBER_KNAME,MEMBER_LNAME,MEMBER_FNAME,MEMBER_LEVEL,PHONE,BIRTH,EMAIL,POINT,ENROLL_DATE) values (32,'test_admin10','1234','KNAME_10','LNAME_10','FNAME_10',5,'010-1111-1111',19991111,'admintestEmail@gamil.com',0,'21/11/01  ');
Insert into STAYWITH.MEMBER (MEMBER_NO,MEMBER_ID,MEMBER_PW,MEMBER_KNAME,MEMBER_LNAME,MEMBER_FNAME,MEMBER_LEVEL,PHONE,BIRTH,EMAIL,POINT,ENROLL_DATE) values (33,'test_admin11','1234','KNAME_11','LNAME_11','FNAME_11',4,'010-1111-1111',19991111,'admintestEmail@gamil.com',0,'21/11/01  ');
Insert into STAYWITH.MEMBER (MEMBER_NO,MEMBER_ID,MEMBER_PW,MEMBER_KNAME,MEMBER_LNAME,MEMBER_FNAME,MEMBER_LEVEL,PHONE,BIRTH,EMAIL,POINT,ENROLL_DATE) values (34,'test_admin12','1234','KNAME_12','LNAME_12','FNAME_12',4,'010-1111-1111',19991111,'admintestEmail@gamil.com',0,'21/11/01  ');
Insert into STAYWITH.MEMBER (MEMBER_NO,MEMBER_ID,MEMBER_PW,MEMBER_KNAME,MEMBER_LNAME,MEMBER_FNAME,MEMBER_LEVEL,PHONE,BIRTH,EMAIL,POINT,ENROLL_DATE) values (35,'test_admin13','1234','KNAME_13','LNAME_13','FNAME_13',4,'010-1111-1111',19991111,'admintestEmail@gamil.com',0,'21/11/01  ');
Insert into STAYWITH.MEMBER (MEMBER_NO,MEMBER_ID,MEMBER_PW,MEMBER_KNAME,MEMBER_LNAME,MEMBER_FNAME,MEMBER_LEVEL,PHONE,BIRTH,EMAIL,POINT,ENROLL_DATE) values (36,'test_admin14','1234','KNAME_14','LNAME_14','FNAME_14',4,'010-1111-1111',19991111,'admintestEmail@gamil.com',0,'21/11/01  ');
Insert into STAYWITH.MEMBER (MEMBER_NO,MEMBER_ID,MEMBER_PW,MEMBER_KNAME,MEMBER_LNAME,MEMBER_FNAME,MEMBER_LEVEL,PHONE,BIRTH,EMAIL,POINT,ENROLL_DATE) values (37,'test_admin15','1234','KNAME_15','LNAME_15','FNAME_15',4,'010-1111-1111',19991111,'admintestEmail@gamil.com',0,'21/11/01  ');
Insert into STAYWITH.MEMBER (MEMBER_NO,MEMBER_ID,MEMBER_PW,MEMBER_KNAME,MEMBER_LNAME,MEMBER_FNAME,MEMBER_LEVEL,PHONE,BIRTH,EMAIL,POINT,ENROLL_DATE) values (38,'test_admin16','1234','KNAME_16','LNAME_16','FNAME_16',4,'010-1111-1111',19991111,'admintestEmail@gamil.com',0,'21/11/01  ');
Insert into STAYWITH.MEMBER (MEMBER_NO,MEMBER_ID,MEMBER_PW,MEMBER_KNAME,MEMBER_LNAME,MEMBER_FNAME,MEMBER_LEVEL,PHONE,BIRTH,EMAIL,POINT,ENROLL_DATE) values (39,'test_admin17','1234','KNAME_17','LNAME_17','FNAME_17',3,'010-1111-1111',19991111,'admintestEmail@gamil.com',0,'21/11/01  ');
Insert into STAYWITH.MEMBER (MEMBER_NO,MEMBER_ID,MEMBER_PW,MEMBER_KNAME,MEMBER_LNAME,MEMBER_FNAME,MEMBER_LEVEL,PHONE,BIRTH,EMAIL,POINT,ENROLL_DATE) values (40,'test_admin18','1234','KNAME_18','LNAME_18','FNAME_18',4,'010-1111-1111',19991111,'admintestEmail@gamil.com',0,'21/11/01  ');
Insert into STAYWITH.MEMBER (MEMBER_NO,MEMBER_ID,MEMBER_PW,MEMBER_KNAME,MEMBER_LNAME,MEMBER_FNAME,MEMBER_LEVEL,PHONE,BIRTH,EMAIL,POINT,ENROLL_DATE) values (41,'test_admin19','1234','KNAME_19','LNAME_19','FNAME_19',4,'010-1111-1111',19991111,'admintestEmail@gamil.com',0,'21/11/01  ');
Insert into STAYWITH.MEMBER (MEMBER_NO,MEMBER_ID,MEMBER_PW,MEMBER_KNAME,MEMBER_LNAME,MEMBER_FNAME,MEMBER_LEVEL,PHONE,BIRTH,EMAIL,POINT,ENROLL_DATE) values (42,'test_admin20','1234','KNAME_20','LNAME_20','FNAME_20',4,'010-1111-1111',19991111,'admintestEmail@gamil.com',0,'21/11/01  ');
Insert into STAYWITH.MEMBER (MEMBER_NO,MEMBER_ID,MEMBER_PW,MEMBER_KNAME,MEMBER_LNAME,MEMBER_FNAME,MEMBER_LEVEL,PHONE,BIRTH,EMAIL,POINT,ENROLL_DATE) values (43,'test_admin21','1234','KNAME_21','LNAME_21','FNAME_21',4,'010-1111-1111',19991111,'admintestEmail@gamil.com',0,'21/11/01  ');
Insert into STAYWITH.MEMBER (MEMBER_NO,MEMBER_ID,MEMBER_PW,MEMBER_KNAME,MEMBER_LNAME,MEMBER_FNAME,MEMBER_LEVEL,PHONE,BIRTH,EMAIL,POINT,ENROLL_DATE) values (48,'user01','11111111a!','하하하','ASDF','ASDF',2,'010-1111-2222',20000101,'test11@iei.com',0,'2021-11-05');
Insert into STAYWITH.MEMBER (MEMBER_NO,MEMBER_ID,MEMBER_PW,MEMBER_KNAME,MEMBER_LNAME,MEMBER_FNAME,MEMBER_LEVEL,PHONE,BIRTH,EMAIL,POINT,ENROLL_DATE) values (46,'eve1224','eve@1224','김이브','KIM','EVE',2,'010-2011-1224',20111224,'redsix622@naver.com',0,'2021-11-04');
Insert into STAYWITH.MEMBER (MEMBER_NO,MEMBER_ID,MEMBER_PW,MEMBER_KNAME,MEMBER_LNAME,MEMBER_FNAME,MEMBER_LEVEL,PHONE,BIRTH,EMAIL,POINT,ENROLL_DATE) values (47,'sehui1','a123456!','강세희','KANG','SEHUI',2,'010-9484-9814',19980917,'gml2302@naver.com',0,'2021-11-04');
Insert into STAYWITH.MEMBER (MEMBER_NO,MEMBER_ID,MEMBER_PW,MEMBER_KNAME,MEMBER_LNAME,MEMBER_FNAME,MEMBER_LEVEL,PHONE,BIRTH,EMAIL,POINT,ENROLL_DATE) values (49,'dbswltjd11','dbswltjd11!@','윤지성','YOON','JISUNG',2,'010-6666-4444',19930111,'thswotlrsla@naver.com',0,'2021-11-05');
Insert into STAYWITH.MEMBER (MEMBER_NO,MEMBER_ID,MEMBER_PW,MEMBER_KNAME,MEMBER_LNAME,MEMBER_FNAME,MEMBER_LEVEL,PHONE,BIRTH,EMAIL,POINT,ENROLL_DATE) values (50,'tkonly','hello*1234','유저','USER','KO',2,'010-1234-1578',19220210,'scarletredrobin@gmail.com',0,'2021-11-05');
Insert into STAYWITH.MEMBER (MEMBER_NO,MEMBER_ID,MEMBER_PW,MEMBER_KNAME,MEMBER_LNAME,MEMBER_FNAME,MEMBER_LEVEL,PHONE,BIRTH,EMAIL,POINT,ENROLL_DATE) values (51,'giwontest','dndhkd1234!','이지원','LEE','GIWON',2,'010-7787-8878',20211105,'giwontest@gmail.com',0,'2021-11-05');
Insert into STAYWITH.MEMBER (MEMBER_NO,MEMBER_ID,MEMBER_PW,MEMBER_KNAME,MEMBER_LNAME,MEMBER_FNAME,MEMBER_LEVEL,PHONE,BIRTH,EMAIL,POINT,ENROLL_DATE) values (61,'qwerty','!qwerty123','김쿼리','KIMQUERTY','KIMQWERTY',2,'010-1234-4567',19900101,'saewsw7@gmail.com',0,'2021-11-05');
REM INSERTING into STAYWITH.NOTICE
SET DEFINE OFF;
Insert into STAYWITH.NOTICE (NOTICE_NO,NOTICE_TITLE,NOTICE_CONTENT,NOTICE_WRITER,REG_DATE,FILENAME,FILEPATH) values (42,'호텔앤리조트 COVID 19 고객 정책','- 체온 측정
모든 고객 및 직원 동선에 열화상 카메라를 설치하여 지속적인 모니터링을 실시하고 있으며, 비접촉식 체온계로 호텔에 출입하는 모든 고객과 직원의 체온을 측정하고 있습니다. 또한 투숙객 체크인 시 문진표 작성을 의무화하여 체온 기록과 함께 건강이상 여부를 체크하고 있습니다.

- 마스크 착용
롯데호텔앤리조트의 모든 직원은 마스크 착용을 의무화하여 근무하고 있습니다. 고객님들의 안전을 위하여 호텔 입장 시 마스크 착용을 권고 드리며, 뷔페 레스토랑을 이용하시는 경우에는 의무적 착용을 요청 드리고 있습니다.

- 손 위생
공용 공간, 프론트 데스크, 레스토랑, 직원 전용 공간 등 호텔 전체에 손 소독제를 확대 비치하여 지속적으로 소독하실 수 있도록 하고 있습니다. 또한 안전한 뷔페 레스토랑 이용을 위하여 모든 고객님들의 손 소독과 위생 장갑 착용을 권고해 드리고 있습니다.

-클린존(CLEAN ZONE) 운영
모든 체인호텔은 주기적으로 자체 방역을 실시하여 ‘클린존(CLEAN ZONE)’으로 운영되고 있으며, 호텔 외부와 내부에 안내문을 설치하여 안내 드리고 있습니다. 투숙 예정 객실의 경우 추가적인 소독을 마친 뒤 ‘방역 안심 객실’ 문구가 새겨진 클린존(CLEAN ZONE) 스티커를 출입문에 부착하여 고객님이 안심하고 투숙하실 수 있도록 관리하고 있습니다.

- 물리적 거리두기
사람 간 접촉을 최소화할 수 있도록 프런트 데스크에서 줄을 서는 경우와 레스토랑 입장 시 안전 거리두기를 안내 드리고, 고객과 직원의 동선을 분리하여 호텔 내부의 위생 안전 수준을 높이고자 합니다. 룸서비스에는 ‘노크 앤 플레이스(Knock & Place)’ 서비스를 도입하여 비대면 딜리버리를 제공합니다. 해당 서비스를 요청하신 고객님에 한하여 룸서비스 딜리버리 카트를 객실문 앞에 둔 후, 노크하거나 벨을 눌러 문 앞까지 전달되었음을 알려드립니다.

- 청소 및 소독
레스토랑, 프론트 데스크, 피트니스 센터 등 호텔 내부의 모든 공용 공간을 주기적으로 소독하여 방역 처리를 하고 있습니다. 고객님의 손길이 자주 닿는 곳 (엘리베이터 버튼, 메뉴, 손잡이 등)은 정기 소독 이외에 추가 소독을 실시하고 있으며, 오염도 측정 테스트를 진행합니다. 객실 내 손길이 자주 닿는 물품(노트 패드, 안내 책자 등)을 제한적으로 비치하여 위험요소를 최소화하고 있습니다. 투숙 고객님을 위한 객실키는 사전에 소독처리하여 방역 완료된 상태로 제공해 드리고 있습니다. 모든 직원들은 강화된 위생교육을 통해 안전한 호텔 환경을 보장할 수 있도록 노력합니다.
','admin','2021-11-02',null,null);
Insert into STAYWITH.NOTICE (NOTICE_NO,NOTICE_TITLE,NOTICE_CONTENT,NOTICE_WRITER,REG_DATE,FILENAME,FILEPATH) values (40,'세계청결산업협회로부터 ‘GBAC STAR 인증’ 획득','40여년간 지켜온 위생 안전 뚝심 세계에서 통했다!
스테이호텔, 세계청결산업협회로부터 ‘GBAC STAR 인증’ 획득

코로나19 이후 펼쳐질 ‘브이노믹스(V-nomics)‘ 시대의 핵심 키워드는 바로 ‘안전’이다. 가성비에서 안심비로, 안전불감증을 넘어 안전과민증이라는 말이 나올 정도로 고객의 선택에 있어 안전은 최우선의 가치로 자리 잡고 있다.

호텔업계 관계자는 “코로나19 이후 위생 안전에 대한 고객의 기준은 지속적으로 높아지고 있고, 이제 ‘그것을 뛰어 넘어 얼마나 디테일한 서비스를 선제적으로 제공할 수 있는가’가 새로운 생존 기준이 되었다”고 말했다.

이러한 트렌드에 스테이호텔롯은 국내 운영 중인 모든 5성급 호텔(시그니엘 서울/부산, 롯데호텔 서울/월드/제주/울산)이 ISSA(세계청결산업협회)가 주관하는 ’GBAC STAR(Global Biorisk Advisory Council) 인증’을 획득했다고 30일 밝혔다. 지난 11월 시그니엘 서울이 한국 호텔 브랜드 최초로 인증 받은데 이어 모든 5성급 스테이호텔이 세계의 인정을 받은 셈이다.

GBAC STAR인증 제도는 호텔, 레스토랑 등을 대상으로 철저한 위생 규정과 방역 기술 등을 갖춘 시설에 부여하는 인증 시스템이다. 세계적 권위의 생물학적 위험관리 분야 전문가들로 구성된 글로벌 바이오리스크 자문 위원회(Global Biorisk Advisory Council)가 청소, 소독 및 감염병 예방 프로그램에 대한 20가지 핵심 요소를 체계적으로 평가하여 인증 심사를 진행한다.

김현식 롯데호텔 대표이사는 “스테이호텔은 지난 2015년 한국 호텔 브랜드 최초로 식품안전부문 국제 규격인 식품안전경영시스템(ISO22000) 인증을 획득한 것을 시작으로 세계적인 기준에 맞추어 철저하게 위생 안전을 관리하고 있다”며, “업계 최초 열화상 카메라 감지 시스템 구축, 드라이브 스루 서비스 도입 등을 비롯하여 앞으로도 스테이호텔은 지난 40여년 간 쌓아온 풍부한 업력과 노하우를 바탕으로 코로나19 속 호텔 서비스의 새로운 표준을 만들어 나갈 계획”이라고 밝혔다.
','admin','2021-11-02',null,null);
Insert into STAYWITH.NOTICE (NOTICE_NO,NOTICE_TITLE,NOTICE_CONTENT,NOTICE_WRITER,REG_DATE,FILENAME,FILEPATH) values (41,'COVID-19 관련 안내','항상 스테이호텔을 이용해 주시는 고객님께 감사드립니다.
코로나19 관련 14일이 경과하지 않은 해외 입국자, 자가격리 대상자, 코로나19 진단검사 대상으로 통보 받은 수검자, 유증상자의 숙박 및 호텔 시설 이용이 제한됩니다.
또한, 방역당국과 기업 등으로부터 코로나19 진단검사 권고 및 입국 전 사전 승인을 받은 격리 예외자는 음성 판정 확인 후 호텔 시설 이용이 가능합니다.
저희 스테이호텔은 고객님께 안전한 환경을 제공하는 것을 최우선으로 추구하고 있으므로, 고객님의 양해와 협조를 부탁 드리겠습니다.
[사회적 거리두기에 따른 각 체인호텔별 운영 기준 안내 10/18~10/31]

코로나19로 인해 지역별 사회적 거리두기 정책이 각각 3단계, 4단계로 연장되었습니다.
롯데호텔은 정부의 숙박시설 방역수칙을 철저하게 준수하고 있으므로, 호텔 이용 시 상세 내용을 참고하여 주시기 바랍니다.

■ 다중이용시설 중 ''숙박시설'' 방역수칙 주요 내용
[4단계]
- 객실 내 정원기준 초과 금지
- 숙박시설 주관 파티 등 행사 금지(이벤트룸, 바비큐파티 등, 홀대여 제외)

[3단계]
- 객실 내 정원기준 초과 금지
- 숙박시설 주관 파티 등 행사 금지(이벤트룸, 바비큐파티 등, 홀대여 제외)
','admin','2021-11-02',null,null);
Insert into STAYWITH.NOTICE (NOTICE_NO,NOTICE_TITLE,NOTICE_CONTENT,NOTICE_WRITER,REG_DATE,FILENAME,FILEPATH) values (36,'레스토랑 및 일부 부대시설 운영변경 안내','정부의 사회적 거리두기 지침 변경에 따라 일부 레스토랑 및 부대시설 운영이 변경 되었습니다.
고객의 안전을 위해 최선을 다하겠으며, 자세한 사항은 각 체인호텔 홈페이지를 참조 부탁드리겠습니다.

감사합니다.','admin','2021-11-02',null,null);
Insert into STAYWITH.NOTICE (NOTICE_NO,NOTICE_TITLE,NOTICE_CONTENT,NOTICE_WRITER,REG_DATE,FILENAME,FILEPATH) values (34,'호텔앤리조트 COVID 19 고객 정책','- 체온 측정
모든 고객 및 직원 동선에 열화상 카메라를 설치하여 지속적인 모니터링을 실시하고 있으며, 비접촉식 체온계로 호텔에 출입하는 모든 고객과 직원의 체온을 측정하고 있습니다. 또한 투숙객 체크인 시 문진표 작성을 의무화하여 체온 기록과 함께 건강이상 여부를 체크하고 있습니다.

- 마스크 착용
롯데호텔앤리조트의 모든 직원은 마스크 착용을 의무화하여 근무하고 있습니다. 고객님들의 안전을 위하여 호텔 입장 시 마스크 착용을 권고 드리며, 뷔페 레스토랑을 이용하시는 경우에는 의무적 착용을 요청 드리고 있습니다.

- 손 위생
공용 공간, 프론트 데스크, 레스토랑, 직원 전용 공간 등 호텔 전체에 손 소독제를 확대 비치하여 지속적으로 소독하실 수 있도록 하고 있습니다. 또한 안전한 뷔페 레스토랑 이용을 위하여 모든 고객님들의 손 소독과 위생 장갑 착용을 권고해 드리고 있습니다.

-클린존(CLEAN ZONE) 운영
모든 체인호텔은 주기적으로 자체 방역을 실시하여 ‘클린존(CLEAN ZONE)’으로 운영되고 있으며, 호텔 외부와 내부에 안내문을 설치하여 안내 드리고 있습니다. 투숙 예정 객실의 경우 추가적인 소독을 마친 뒤 ‘방역 안심 객실’ 문구가 새겨진 클린존(CLEAN ZONE) 스티커를 출입문에 부착하여 고객님이 안심하고 투숙하실 수 있도록 관리하고 있습니다.

- 물리적 거리두기
사람 간 접촉을 최소화할 수 있도록 프런트 데스크에서 줄을 서는 경우와 레스토랑 입장 시 안전 거리두기를 안내 드리고, 고객과 직원의 동선을 분리하여 호텔 내부의 위생 안전 수준을 높이고자 합니다. 룸서비스에는 ‘노크 앤 플레이스(Knock & Place)’ 서비스를 도입하여 비대면 딜리버리를 제공합니다. 해당 서비스를 요청하신 고객님에 한하여 룸서비스 딜리버리 카트를 객실문 앞에 둔 후, 노크하거나 벨을 눌러 문 앞까지 전달되었음을 알려드립니다.

- 청소 및 소독
레스토랑, 프론트 데스크, 피트니스 센터 등 호텔 내부의 모든 공용 공간을 주기적으로 소독하여 방역 처리를 하고 있습니다. 고객님의 손길이 자주 닿는 곳 (엘리베이터 버튼, 메뉴, 손잡이 등)은 정기 소독 이외에 추가 소독을 실시하고 있으며, 오염도 측정 테스트를 진행합니다. 객실 내 손길이 자주 닿는 물품(노트 패드, 안내 책자 등)을 제한적으로 비치하여 위험요소를 최소화하고 있습니다. 투숙 고객님을 위한 객실키는 사전에 소독처리하여 방역 완료된 상태로 제공해 드리고 있습니다. 모든 직원들은 강화된 위생교육을 통해 안전한 호텔 환경을 보장할 수 있도록 노력합니다.
','admin','2021-11-02','img06.jpg','img06.jpg');
Insert into STAYWITH.NOTICE (NOTICE_NO,NOTICE_TITLE,NOTICE_CONTENT,NOTICE_WRITER,REG_DATE,FILENAME,FILEPATH) values (37,'스테이호텔 개인정보처리방침 개정안내','스테이호텔 개인정보처리방침 개정안내','admin','2021-11-02','img11.jpg','img11.jpg');
Insert into STAYWITH.NOTICE (NOTICE_NO,NOTICE_TITLE,NOTICE_CONTENT,NOTICE_WRITER,REG_DATE,FILENAME,FILEPATH) values (38,'호텔앤리조트 COVID-19 위생 대응 안내','호텔앤리조트 COVID-19 위생 대응 안내','admin','2021-11-02','img08.jpg','img08.jpg');
Insert into STAYWITH.NOTICE (NOTICE_NO,NOTICE_TITLE,NOTICE_CONTENT,NOTICE_WRITER,REG_DATE,FILENAME,FILEPATH) values (35,'개인정보처리방침 개정안내','항상 스테이호텔을 이용해 주시는 고객님께 감사드립니다. 개인정보처리방침이 전면 개정되어 안내드립니다.

1. 개정사항 : 정보통신망법 제4장 개인정보의 보호에 관한 규정이 개인정보보호법 제6장 정보통신서비스 제공자 등의 개인정보 처리 등 특례로 이관되어 해당 사항 및 개인정보 처리 변경 사항 반영

1) 개인정보 수집
2) 개인정보 이용
3) 개인정보 제공 및 위탁
4) 개인정보의 파기
5) 정보주체 및 법정대리인의 권리의무 및 그 행사방법
6) 인터넷 접속파일 등 쿠키의 운영 및 활용
7) 개인정보의 안전성 확보 조치
8) 개인정보보호 책임자
9) 고지의 의무

2. 개정시기 : 2021년 04월 12일
공고시기 : 2021년 04월 12일
//  호텔 리워즈 회원 이용약관 개정 대조표
 리워즈 멤버십입니다.
 리워즈를 이용해주시는 고객님들께 진심으로 감사드리며
회원님들께, 보다 나은 서비스 제공을 위하여
2020년 6월 1일자로 리워즈 멤버십 회원 이용약관이 일부 변경되어 아래와 같이 안내드립니다.
','admin','2021-11-02',null,null);
Insert into STAYWITH.NOTICE (NOTICE_NO,NOTICE_TITLE,NOTICE_CONTENT,NOTICE_WRITER,REG_DATE,FILENAME,FILEPATH) values (39,'호텔 리워즈 회원 이용약관 개정 대조표',' 리워즈 멤버십입니다.
 리워즈를 이용해주시는 고객님들께 진심으로 감사드리며
회원님들께, 보다 나은 서비스 제공을 위하여
2020년 6월 1일자로 리워즈 멤버십 회원 이용약관이 일부 변경되어 아래와 같이 안내드립니다.
','admin','2021-11-02',null,null);
Insert into STAYWITH.NOTICE (NOTICE_NO,NOTICE_TITLE,NOTICE_CONTENT,NOTICE_WRITER,REG_DATE,FILENAME,FILEPATH) values (26,'개인정보처리방침 개정안내','항상 스테이호텔을 이용해 주시는 고객님께 감사드립니다. 개인정보처리방침이 전면 개정되어 안내드립니다.

1. 개정사항 : 정보통신망법 제4장 개인정보의 보호에 관한 규정이 개인정보보호법 제6장 정보통신서비스 제공자 등의 개인정보 처리 등 특례로 이관되어 해당 사항 및 개인정보 처리 변경 사항 반영

1) 개인정보 수집
2) 개인정보 이용
3) 개인정보 제공 및 위탁
4) 개인정보의 파기
5) 정보주체 및 법정대리인의 권리의무 및 그 행사방법
6) 인터넷 접속파일 등 쿠키의 운영 및 활용
7) 개인정보의 안전성 확보 조치
8) 개인정보보호 책임자
9) 고지의 의무

2. 개정시기 : 2021년 04월 12일
공고시기 : 2021년 04월 12일','admin','2021-11-02',null,null);
Insert into STAYWITH.NOTICE (NOTICE_NO,NOTICE_TITLE,NOTICE_CONTENT,NOTICE_WRITER,REG_DATE,FILENAME,FILEPATH) values (27,'호텔 리워즈 회원 이용약관 개정 대조표','리워즈 멤버십입니다.
 리워즈를 이용해주시는 고객님들께 진심으로 감사드리며
회원님들께, 보다 나은 서비스 제공을 위하여
2020년 6월 1일자로 리워즈 멤버십 회원 이용약관이 일부 변경되어 아래와 같이 안내드립니다.
','admin','2021-11-02',null,null);
Insert into STAYWITH.NOTICE (NOTICE_NO,NOTICE_TITLE,NOTICE_CONTENT,NOTICE_WRITER,REG_DATE,FILENAME,FILEPATH) values (28,'레스토랑 및 일부 부대시설 운영변경 안내','정부의 사회적 거리두기 지침 변경에 따라 일부 레스토랑 및 부대시설 운영이 변경 되었습니다.
고객의 안전을 위해 최선을 다하겠으며, 자세한 사항은 각 체인호텔 홈페이지를 참조 부탁드리겠습니다.

감사합니다.','admin','2021-11-02','img01.jpg','img01.jpg');
Insert into STAYWITH.NOTICE (NOTICE_NO,NOTICE_TITLE,NOTICE_CONTENT,NOTICE_WRITER,REG_DATE,FILENAME,FILEPATH) values (29,'스테이호텔 개인정보처리방침 개정안내','스테이호텔 개인정보처리방침 개정안내','admin','2021-11-02',null,null);
Insert into STAYWITH.NOTICE (NOTICE_NO,NOTICE_TITLE,NOTICE_CONTENT,NOTICE_WRITER,REG_DATE,FILENAME,FILEPATH) values (30,'호텔앤리조트 COVID-19 위생 대응 안내','호텔앤리조트 COVID-19 위생 대응 안내','admin','2021-11-02',null,null);
Insert into STAYWITH.NOTICE (NOTICE_NO,NOTICE_TITLE,NOTICE_CONTENT,NOTICE_WRITER,REG_DATE,FILENAME,FILEPATH) values (31,'호텔 리워즈 회원 이용약관 개정 대조표','호텔 리워즈 회원 이용약관 개정 대조표','admin','2021-11-02',null,null);
Insert into STAYWITH.NOTICE (NOTICE_NO,NOTICE_TITLE,NOTICE_CONTENT,NOTICE_WRITER,REG_DATE,FILENAME,FILEPATH) values (32,'세계청결산업협회로부터 ‘GBAC STAR 인증’ 획득','40여년간 지켜온 위생 안전 뚝심 세계에서 통했다!
스테이호텔, 세계청결산업협회로부터 ‘GBAC STAR 인증’ 획득

코로나19 이후 펼쳐질 ‘브이노믹스(V-nomics)‘ 시대의 핵심 키워드는 바로 ‘안전’이다. 가성비에서 안심비로, 안전불감증을 넘어 안전과민증이라는 말이 나올 정도로 고객의 선택에 있어 안전은 최우선의 가치로 자리 잡고 있다.

호텔업계 관계자는 “코로나19 이후 위생 안전에 대한 고객의 기준은 지속적으로 높아지고 있고, 이제 ‘그것을 뛰어 넘어 얼마나 디테일한 서비스를 선제적으로 제공할 수 있는가’가 새로운 생존 기준이 되었다”고 말했다.

이러한 트렌드에 스테이호텔롯은 국내 운영 중인 모든 5성급 호텔(시그니엘 서울/부산, 롯데호텔 서울/월드/제주/울산)이 ISSA(세계청결산업협회)가 주관하는 ’GBAC STAR(Global Biorisk Advisory Council) 인증’을 획득했다고 30일 밝혔다. 지난 11월 시그니엘 서울이 한국 호텔 브랜드 최초로 인증 받은데 이어 모든 5성급 스테이호텔이 세계의 인정을 받은 셈이다.

GBAC STAR인증 제도는 호텔, 레스토랑 등을 대상으로 철저한 위생 규정과 방역 기술 등을 갖춘 시설에 부여하는 인증 시스템이다. 세계적 권위의 생물학적 위험관리 분야 전문가들로 구성된 글로벌 바이오리스크 자문 위원회(Global Biorisk Advisory Council)가 청소, 소독 및 감염병 예방 프로그램에 대한 20가지 핵심 요소를 체계적으로 평가하여 인증 심사를 진행한다.

김현식 롯데호텔 대표이사는 “스테이호텔은 지난 2015년 한국 호텔 브랜드 최초로 식품안전부문 국제 규격인 식품안전경영시스템(ISO22000) 인증을 획득한 것을 시작으로 세계적인 기준에 맞추어 철저하게 위생 안전을 관리하고 있다”며, “업계 최초 열화상 카메라 감지 시스템 구축, 드라이브 스루 서비스 도입 등을 비롯하여 앞으로도 스테이호텔은 지난 40여년 간 쌓아온 풍부한 업력과 노하우를 바탕으로 코로나19 속 호텔 서비스의 새로운 표준을 만들어 나갈 계획”이라고 밝혔다.
','admin','2021-11-02',null,null);
Insert into STAYWITH.NOTICE (NOTICE_NO,NOTICE_TITLE,NOTICE_CONTENT,NOTICE_WRITER,REG_DATE,FILENAME,FILEPATH) values (33,'COVID-19 관련 안내','항상 스테이호텔을 이용해 주시는 고객님께 감사드립니다.
코로나19 관련 14일이 경과하지 않은 해외 입국자, 자가격리 대상자, 코로나19 진단검사 대상으로 통보 받은 수검자, 유증상자의 숙박 및 호텔 시설 이용이 제한됩니다.
또한, 방역당국과 기업 등으로부터 코로나19 진단검사 권고 및 입국 전 사전 승인을 받은 격리 예외자는 음성 판정 확인 후 호텔 시설 이용이 가능합니다.
저희 스테이호텔은 고객님께 안전한 환경을 제공하는 것을 최우선으로 추구하고 있으므로, 고객님의 양해와 협조를 부탁 드리겠습니다.
[사회적 거리두기에 따른 각 체인호텔별 운영 기준 안내 10/18~10/31]

코로나19로 인해 지역별 사회적 거리두기 정책이 각각 3단계, 4단계로 연장되었습니다.
롯데호텔은 정부의 숙박시설 방역수칙을 철저하게 준수하고 있으므로, 호텔 이용 시 상세 내용을 참고하여 주시기 바랍니다.

■ 다중이용시설 중 ''숙박시설'' 방역수칙 주요 내용
[4단계]
- 객실 내 정원기준 초과 금지
- 숙박시설 주관 파티 등 행사 금지(이벤트룸, 바비큐파티 등, 홀대여 제외)

[3단계]
- 객실 내 정원기준 초과 금지
- 숙박시설 주관 파티 등 행사 금지(이벤트룸, 바비큐파티 등, 홀대여 제외)','admin','2021-11-02',null,null);
Insert into STAYWITH.NOTICE (NOTICE_NO,NOTICE_TITLE,NOTICE_CONTENT,NOTICE_WRITER,REG_DATE,FILENAME,FILEPATH) values (43,'개인정보처리방침 개정안내','
항상 스테이호텔을 이용해 주시는 고객님께 감사드립니다. 개인정보처리방침이 전면 개정되어 안내드립니다.

1. 개정사항 : 정보통신망법 제4장 개인정보의 보호에 관한 규정이 개인정보보호법 제6장 정보통신서비스 제공자 등의 개인정보 처리 등 특례로 이관되어 해당 사항 및 개인정보 처리 변경 사항 반영

1) 개인정보 수집
2) 개인정보 이용
3) 개인정보 제공 및 위탁
4) 개인정보의 파기
5) 정보주체 및 법정대리인의 권리의무 및 그 행사방법
6) 인터넷 접속파일 등 쿠키의 운영 및 활용
7) 개인정보의 안전성 확보 조치
8) 개인정보보호 책임자
9) 고지의 의무

2. 개정시기 : 2021년 04월 12일
공고시기 : 2021년 04월 12일','admin','2021-11-02','img07.jpg','img07.jpg');
REM INSERTING into STAYWITH.QUESTION
SET DEFINE OFF;
Insert into STAYWITH.QUESTION (Q_NO,Q_CATEGORY,Q_TYPE,Q_ABOUT,Q_TITLE,RES_NO,FILEPATH,USED_DATE,Q_CONTENT,Q_NAME,EMAIL,PHONE,HOME,Q_AUTO,FILENAME) values (143,'Stay With 호텔','의견','객실 문의','테스트',null,null,'2021-11-03','테스트','테스트','min9288@gmail.com','010-1234-1234',null,'01220',null);
Insert into STAYWITH.QUESTION (Q_NO,Q_CATEGORY,Q_TYPE,Q_ABOUT,Q_TITLE,RES_NO,FILEPATH,USED_DATE,Q_CONTENT,Q_NAME,EMAIL,PHONE,HOME,Q_AUTO,FILENAME) values (144,'Stay With 호텔','의견','객실 문의','테스트',null,null,'2021-11-02','테스트','테스트','min9288@gmail.com','010-1234-1234',null,'27243',null);
Insert into STAYWITH.QUESTION (Q_NO,Q_CATEGORY,Q_TYPE,Q_ABOUT,Q_TITLE,RES_NO,FILEPATH,USED_DATE,Q_CONTENT,Q_NAME,EMAIL,PHONE,HOME,Q_AUTO,FILENAME) values (141,'Stay With 호텔','문의','홈페이지 오류 문의','아 너무 느려요',null,null,null,'홈페이지 자꾸 안되고 느려요','이용자','min9288@gmail.com','010-1234-1234',null,'41086',null);
Insert into STAYWITH.QUESTION (Q_NO,Q_CATEGORY,Q_TYPE,Q_ABOUT,Q_TITLE,RES_NO,FILEPATH,USED_DATE,Q_CONTENT,Q_NAME,EMAIL,PHONE,HOME,Q_AUTO,FILENAME) values (142,'Stay With 호텔','의견','객실 문의','테스트',null,null,'2021-11-03','테스트','테스트','min9288@gmail.com','010-1234-1234',null,'74432',null);
REM INSERTING into STAYWITH.ROOM
SET DEFINE OFF;
Insert into STAYWITH.ROOM (ROOM_NO,ROOM_TYPE,ROOM_NAME,ROOM_DETAIL,ROOM_LOC,ROOM_SIZE,BED,ROOM_FORM,ROOM_VIEW,MAX_NUM,ROOM_PRICE,ROOM_IMG,ROOM_INFO,ROOM_STATUS) values (1,'스탠다드','디럭스','모던한 콘셉트의 아늑한공간','7층','36㎡','트윈','침실1,욕실1,화장실1','남산뷰',3,330000,'room14.jpeg','이미지.PNG',1);
Insert into STAYWITH.ROOM (ROOM_NO,ROOM_TYPE,ROOM_NAME,ROOM_DETAIL,ROOM_LOC,ROOM_SIZE,BED,ROOM_FORM,ROOM_VIEW,MAX_NUM,ROOM_PRICE,ROOM_IMG,ROOM_INFO,ROOM_STATUS) values (2,'스탠다드','비즈니스 디럭스','비즈니스 고객을 위해 특별설계 객실','7층','43㎡','트윈','침실1,욕실1,화장실1','바다뷰',3,330000,'room21.jpeg','이미지.PNG',1);
Insert into STAYWITH.ROOM (ROOM_NO,ROOM_TYPE,ROOM_NAME,ROOM_DETAIL,ROOM_LOC,ROOM_SIZE,BED,ROOM_FORM,ROOM_VIEW,MAX_NUM,ROOM_PRICE,ROOM_IMG,ROOM_INFO,ROOM_STATUS) values (4,'이그제큐티브','이그제디럭스','이그제큐티브 라운지 서비스를 더한 객실','8층','43㎡','더블','침실1,욕실1,화장실1','시티뷰',4,390000,'room3.jpeg','이미지.PNG',1);
Insert into STAYWITH.ROOM (ROOM_NO,ROOM_TYPE,ROOM_NAME,ROOM_DETAIL,ROOM_LOC,ROOM_SIZE,BED,ROOM_FORM,ROOM_VIEW,MAX_NUM,ROOM_PRICE,ROOM_IMG,ROOM_INFO,ROOM_STATUS) values (5,'이그제큐티브','큐티브 디럭스','욕실에서의 야경이 돋보이는 객실','9층','51㎡','더블','침실1,욕실1,화장실1','시티뷰',4,390000,'room51.jpeg','이미지.PNG',1);
Insert into STAYWITH.ROOM (ROOM_NO,ROOM_TYPE,ROOM_NAME,ROOM_DETAIL,ROOM_LOC,ROOM_SIZE,BED,ROOM_FORM,ROOM_VIEW,MAX_NUM,ROOM_PRICE,ROOM_IMG,ROOM_INFO,ROOM_STATUS) values (6,'스위트','수페리어 스위트','영빈관이 내려다보이는 아늑하고 모던한 객실','22층','66㎡','트윈','침실1,욕실1,화장실2','시티뷰',4,430000,'room131.jpeg','이미지.PNG',1);
Insert into STAYWITH.ROOM (ROOM_NO,ROOM_TYPE,ROOM_NAME,ROOM_DETAIL,ROOM_LOC,ROOM_SIZE,BED,ROOM_FORM,ROOM_VIEW,MAX_NUM,ROOM_PRICE,ROOM_IMG,ROOM_INFO,ROOM_STATUS) values (7,'스위트','코리안 스위트','한국전통의 미를 경험할 수 있는 객실','22층','66㎡','더블','침실1,욕실1,화장실2','바다뷰',4,430000,'room102.jpeg','이미지.PNG',1);
Insert into STAYWITH.ROOM (ROOM_NO,ROOM_TYPE,ROOM_NAME,ROOM_DETAIL,ROOM_LOC,ROOM_SIZE,BED,ROOM_FORM,ROOM_VIEW,MAX_NUM,ROOM_PRICE,ROOM_IMG,ROOM_INFO,ROOM_STATUS) values (8,'스위트','코너 스위트','복도 가장 안쪽에 위치한 조용하고 안락한 객실','20층','68㎡','트윈','침실1,욕실1,화장실2,응접실1','시티뷰',4,430000,'room122.jpeg','이미지.PNG',1);
Insert into STAYWITH.ROOM (ROOM_NO,ROOM_TYPE,ROOM_NAME,ROOM_DETAIL,ROOM_LOC,ROOM_SIZE,BED,ROOM_FORM,ROOM_VIEW,MAX_NUM,ROOM_PRICE,ROOM_IMG,ROOM_INFO,ROOM_STATUS) values (9,'스위트','스테이 스위트','비즈니스 미팅과 프라이빗한 휴식을 동시에 즐길 수 있는 공간','22층','70㎡','더블','침실1,욕실1,화장실2,응접실1','바다뷰',5,430000,'room81.jpeg','이미지.PNG',1);
Insert into STAYWITH.ROOM (ROOM_NO,ROOM_TYPE,ROOM_NAME,ROOM_DETAIL,ROOM_LOC,ROOM_SIZE,BED,ROOM_FORM,ROOM_VIEW,MAX_NUM,ROOM_PRICE,ROOM_IMG,ROOM_INFO,ROOM_STATUS) values (10,'스위트','위드 스위트','특별한 서비스와 경험을 누릴 수 있는 시그니처 객실','19층','100㎡','트윈','침실1,욕실1,화장실2,다이닝룸','남산뷰',6,500000,'room91.jpeg','이미지.PNG',1);
Insert into STAYWITH.ROOM (ROOM_NO,ROOM_TYPE,ROOM_NAME,ROOM_DETAIL,ROOM_LOC,ROOM_SIZE,BED,ROOM_FORM,ROOM_VIEW,MAX_NUM,ROOM_PRICE,ROOM_IMG,ROOM_INFO,ROOM_STATUS) values (11,'스위트','프레지덴셜 스위트','최고의 객실이자 vip 고객을 위한 객실','18층','150㎡','더블','침실2,욕실1,화장실3,응접실1','시티뷰',7,520000,'room111.jpeg','이미지.PNG',1);
REM INSERTING into STAYWITH.ROOM_RES
SET DEFINE OFF;
Insert into STAYWITH.ROOM_RES (RES_NUM,ROOM_NO,MEMBER_ID,MEMBER_KNAME,ROOM_TYPE,ROOM_NAME,CHECKIN,CHECKOUT,ROOM_PRICE,PAY_STATUS,ADULT,KID) values ('R3',2,'testda','테스트','이그제큐티브','큐티브 디럭스',to_date('21/11/02','RR/MM/DD'),to_date('21/10/29','RR/MM/DD'),320000,3,2,1);
Insert into STAYWITH.ROOM_RES (RES_NUM,ROOM_NO,MEMBER_ID,MEMBER_KNAME,ROOM_TYPE,ROOM_NAME,CHECKIN,CHECKOUT,ROOM_PRICE,PAY_STATUS,ADULT,KID) values ('R1',1,'testda','테스트','스탠다드','그랜드 코너 디럭스',to_date('21/11/02','RR/MM/DD'),to_date('21/11/03','RR/MM/DD'),320000,2,3,1);
Insert into STAYWITH.ROOM_RES (RES_NUM,ROOM_NO,MEMBER_ID,MEMBER_KNAME,ROOM_TYPE,ROOM_NAME,CHECKIN,CHECKOUT,ROOM_PRICE,PAY_STATUS,ADULT,KID) values ('R4',4,'testda','테스트','이그제큐티브','큐티브 디럭스',to_date('21/11/02','RR/MM/DD'),to_date('21/11/03','RR/MM/DD'),320000,4,2,1);
Insert into STAYWITH.ROOM_RES (RES_NUM,ROOM_NO,MEMBER_ID,MEMBER_KNAME,ROOM_TYPE,ROOM_NAME,CHECKIN,CHECKOUT,ROOM_PRICE,PAY_STATUS,ADULT,KID) values ('R6',2,'testda','테스트','스탠다드','비즈니스 디럭스',to_date('21/11/04','RR/MM/DD'),to_date('21/11/05','RR/MM/DD'),320000,2,2,2);
Insert into STAYWITH.ROOM_RES (RES_NUM,ROOM_NO,MEMBER_ID,MEMBER_KNAME,ROOM_TYPE,ROOM_NAME,CHECKIN,CHECKOUT,ROOM_PRICE,PAY_STATUS,ADULT,KID) values ('R7',2,'testda','테스트','스탠다드','비즈니스 디럭스',to_date('21/11/03','RR/MM/DD'),to_date('21/11/04','RR/MM/DD'),330000,2,2,1);
Insert into STAYWITH.ROOM_RES (RES_NUM,ROOM_NO,MEMBER_ID,MEMBER_KNAME,ROOM_TYPE,ROOM_NAME,CHECKIN,CHECKOUT,ROOM_PRICE,PAY_STATUS,ADULT,KID) values ('R20',2,'testda','테스트','스탠다드','비즈니스 디럭스',to_date('21/11/03','RR/MM/DD'),to_date('21/11/04','RR/MM/DD'),330000,2,2,1);
Insert into STAYWITH.ROOM_RES (RES_NUM,ROOM_NO,MEMBER_ID,MEMBER_KNAME,ROOM_TYPE,ROOM_NAME,CHECKIN,CHECKOUT,ROOM_PRICE,PAY_STATUS,ADULT,KID) values ('R23',10,'testda','테스트','스탠다드','위드 스위트',to_date('21/11/05','RR/MM/DD'),to_date('21/11/06','RR/MM/DD'),330000,2,2,1);
Insert into STAYWITH.ROOM_RES (RES_NUM,ROOM_NO,MEMBER_ID,MEMBER_KNAME,ROOM_TYPE,ROOM_NAME,CHECKIN,CHECKOUT,ROOM_PRICE,PAY_STATUS,ADULT,KID) values ('R24',10,'testda','테스트','스탠다드','위드 스위트',to_date('21/11/05','RR/MM/DD'),to_date('21/11/06','RR/MM/DD'),330000,4,2,1);
Insert into STAYWITH.ROOM_RES (RES_NUM,ROOM_NO,MEMBER_ID,MEMBER_KNAME,ROOM_TYPE,ROOM_NAME,CHECKIN,CHECKOUT,ROOM_PRICE,PAY_STATUS,ADULT,KID) values ('R27',6,'testda','테스트','스위트','수페리어 스위트',to_date('21/10/31','RR/MM/DD'),to_date('21/11/01','RR/MM/DD'),473000,2,1,0);
Insert into STAYWITH.ROOM_RES (RES_NUM,ROOM_NO,MEMBER_ID,MEMBER_KNAME,ROOM_TYPE,ROOM_NAME,CHECKIN,CHECKOUT,ROOM_PRICE,PAY_STATUS,ADULT,KID) values ('R28',null,'testda','테스트','스탠다드','그랜드 코너 디럭스',to_date('21/10/31','RR/MM/DD'),to_date('21/11/01','RR/MM/DD'),363000,2,1,0);
Insert into STAYWITH.ROOM_RES (RES_NUM,ROOM_NO,MEMBER_ID,MEMBER_KNAME,ROOM_TYPE,ROOM_NAME,CHECKIN,CHECKOUT,ROOM_PRICE,PAY_STATUS,ADULT,KID) values ('R29',1,'testda','테스트','스탠다드','비즈니스 디럭스',to_date('21/11/04','RR/MM/DD'),to_date('21/11/05','RR/MM/DD'),363000,4,1,0);
Insert into STAYWITH.ROOM_RES (RES_NUM,ROOM_NO,MEMBER_ID,MEMBER_KNAME,ROOM_TYPE,ROOM_NAME,CHECKIN,CHECKOUT,ROOM_PRICE,PAY_STATUS,ADULT,KID) values ('R30',4,'testda','테스트','이그제큐티브','이그제디럭스',to_date('21/11/04','RR/MM/DD'),to_date('21/11/05','RR/MM/DD'),429000,2,1,0);
Insert into STAYWITH.ROOM_RES (RES_NUM,ROOM_NO,MEMBER_ID,MEMBER_KNAME,ROOM_TYPE,ROOM_NAME,CHECKIN,CHECKOUT,ROOM_PRICE,PAY_STATUS,ADULT,KID) values ('R31',1,'test_admin','KNAME_','스탠다드','비즈니스 디럭스',to_date('21/11/04','RR/MM/DD'),to_date('21/11/05','RR/MM/DD'),363000,1,1,0);
Insert into STAYWITH.ROOM_RES (RES_NUM,ROOM_NO,MEMBER_ID,MEMBER_KNAME,ROOM_TYPE,ROOM_NAME,CHECKIN,CHECKOUT,ROOM_PRICE,PAY_STATUS,ADULT,KID) values ('R32',1,'testda','테스트','스탠다드','비즈니스 디럭스',to_date('21/11/05','RR/MM/DD'),to_date('21/11/06','RR/MM/DD'),363000,2,1,0);
Insert into STAYWITH.ROOM_RES (RES_NUM,ROOM_NO,MEMBER_ID,MEMBER_KNAME,ROOM_TYPE,ROOM_NAME,CHECKIN,CHECKOUT,ROOM_PRICE,PAY_STATUS,ADULT,KID) values ('R33',11,'testda','테스트','스위트','프레지덴셜 스위트',to_date('21/11/05','RR/MM/DD'),to_date('21/11/06','RR/MM/DD'),572000,2,1,0);
Insert into STAYWITH.ROOM_RES (RES_NUM,ROOM_NO,MEMBER_ID,MEMBER_KNAME,ROOM_TYPE,ROOM_NAME,CHECKIN,CHECKOUT,ROOM_PRICE,PAY_STATUS,ADULT,KID) values ('R34',9,'testda','테스트','스위트','스테이 스위트',to_date('21/11/05','RR/MM/DD'),to_date('21/11/06','RR/MM/DD'),473000,2,1,0);
Insert into STAYWITH.ROOM_RES (RES_NUM,ROOM_NO,MEMBER_ID,MEMBER_KNAME,ROOM_TYPE,ROOM_NAME,CHECKIN,CHECKOUT,ROOM_PRICE,PAY_STATUS,ADULT,KID) values ('R35',2,'testda','테스트','스탠다드','디럭스',to_date('21/11/06','RR/MM/DD'),to_date('21/11/20','RR/MM/DD'),363000,1,1,0);
Insert into STAYWITH.ROOM_RES (RES_NUM,ROOM_NO,MEMBER_ID,MEMBER_KNAME,ROOM_TYPE,ROOM_NAME,CHECKIN,CHECKOUT,ROOM_PRICE,PAY_STATUS,ADULT,KID) values ('R36',1,'admin','관리자(강세희)','스탠다드','디럭스',to_date('21/11/12','RR/MM/DD'),to_date('21/11/13','RR/MM/DD'),363000,1,1,0);
Insert into STAYWITH.ROOM_RES (RES_NUM,ROOM_NO,MEMBER_ID,MEMBER_KNAME,ROOM_TYPE,ROOM_NAME,CHECKIN,CHECKOUT,ROOM_PRICE,PAY_STATUS,ADULT,KID) values ('R37',2,'testda','테스트','스탠다드','비즈니스 디럭스',to_date('21/12/07','RR/MM/DD'),to_date('21/11/09','RR/MM/DD'),363000,1,1,0);
Insert into STAYWITH.ROOM_RES (RES_NUM,ROOM_NO,MEMBER_ID,MEMBER_KNAME,ROOM_TYPE,ROOM_NAME,CHECKIN,CHECKOUT,ROOM_PRICE,PAY_STATUS,ADULT,KID) values ('R38',null,'testda','테스트','이그제큐티브','스탠디럭스222',to_date('21/11/10','RR/MM/DD'),to_date('21/11/12','RR/MM/DD'),110,2,1,0);
Insert into STAYWITH.ROOM_RES (RES_NUM,ROOM_NO,MEMBER_ID,MEMBER_KNAME,ROOM_TYPE,ROOM_NAME,CHECKIN,CHECKOUT,ROOM_PRICE,PAY_STATUS,ADULT,KID) values ('R39',null,'testda','테스트','이그제큐티브','스탠디럭스222',to_date('21/11/17','RR/MM/DD'),to_date('21/11/18','RR/MM/DD'),110,2,1,0);
REM INSERTING into STAYWITH.ROOM_RES_MAIN
SET DEFINE OFF;
Insert into STAYWITH.ROOM_RES_MAIN (MEMBER_ID,CHECKIN,CHECKOUT,ADULT,KID) values ('testda',to_date('21/10/31','RR/MM/DD'),to_date('21/11/01','RR/MM/DD'),1,0);
REM INSERTING into STAYWITH.ROOM_RES_MAIN2
SET DEFINE OFF;
REM INSERTING into STAYWITH.ROOM_RES_MAIN3
SET DEFINE OFF;
REM INSERTING into STAYWITH.ROOM_REVIEW
SET DEFINE OFF;
Insert into STAYWITH.ROOM_REVIEW (R_R_NO,REVIEW_WRITER,REVIEW_CONTENT,REVIEW_DATE,STAR,RES_NUM,ROOM_NO,ROOM_NAME,CHECKIN_DATE,CHECKOUT_DATE,ROOM_IMG) values (43,'testda','너무 깨끗해서 잘 쉬다갑니다...','2021-11-05',5,'R34',9,'스테이 스위트','2021/11/05','2021/11/06','room5.jpeg');
Insert into STAYWITH.ROOM_REVIEW (R_R_NO,REVIEW_WRITER,REVIEW_CONTENT,REVIEW_DATE,STAR,RES_NUM,ROOM_NO,ROOM_NAME,CHECKIN_DATE,CHECKOUT_DATE,ROOM_IMG) values (44,'testda','추천추천이에요 !!!!너무 좋았습니다','2021-11-05',5,'R30',4,'이그제디럭스','2021/11/04','2021/11/05','room2.jpeg');
Insert into STAYWITH.ROOM_REVIEW (R_R_NO,REVIEW_WRITER,REVIEW_CONTENT,REVIEW_DATE,STAR,RES_NUM,ROOM_NO,ROOM_NAME,CHECKIN_DATE,CHECKOUT_DATE,ROOM_IMG) values (45,'testda','침대 너무 푹식하고','2021-11-05',4,'R32',1,'비즈니스 디럭스','2021/11/05','2021/11/06','room14.jpeg');
Insert into STAYWITH.ROOM_REVIEW (R_R_NO,REVIEW_WRITER,REVIEW_CONTENT,REVIEW_DATE,STAR,RES_NUM,ROOM_NO,ROOM_NAME,CHECKIN_DATE,CHECKOUT_DATE,ROOM_IMG) values (46,'testda','화장실이 조금 더러웠어요','2021-11-05',2,'R7',2,'비즈니스 디럭스','2021/11/03','2021/11/04','room21.jpeg');
Insert into STAYWITH.ROOM_REVIEW (R_R_NO,REVIEW_WRITER,REVIEW_CONTENT,REVIEW_DATE,STAR,RES_NUM,ROOM_NO,ROOM_NAME,CHECKIN_DATE,CHECKOUT_DATE,ROOM_IMG) values (47,'testda','잘 쉬었어요!','2021-11-05',5,'R33',11,'프레지덴셜 스위트','2021/11/05','2021/11/06','room111.jpeg');
Insert into STAYWITH.ROOM_REVIEW (R_R_NO,REVIEW_WRITER,REVIEW_CONTENT,REVIEW_DATE,STAR,RES_NUM,ROOM_NO,ROOM_NAME,CHECKIN_DATE,CHECKOUT_DATE,ROOM_IMG) values (48,'testda','완전 좋았어요~~!','2021-11-05',5,'R6',2,'비즈니스 디럭스','2021/11/04','2021/11/05','room21.jpeg');
Insert into STAYWITH.ROOM_REVIEW (R_R_NO,REVIEW_WRITER,REVIEW_CONTENT,REVIEW_DATE,STAR,RES_NUM,ROOM_NO,ROOM_NAME,CHECKIN_DATE,CHECKOUT_DATE,ROOM_IMG) values (42,'testda','ㅎㅎㅎㅎㅎ','2021-11-03',3,'R27',2,'비즈니스 디럭스','2021/10/31','2021/11/01','room13.jpeg');
REM INSERTING into STAYWITH.TOURGUIDE
SET DEFINE OFF;
Insert into STAYWITH.TOURGUIDE (TG_NO,TG_TITLE,TG_CONTENT,TG_LOCATION,TG_PHONE,FILEPATH,TG_SORT) values (1,'가로수길','가로수길은 트렌디한 젊은 세대가 모이는 곳으로 서울에서 가장 핫한 거리 중 하나입니다. 유명 브랜드와 신진 디자이너 매장들이 즐비해 있어 쇼핑하기에 좋고, 유니크한 카페와 맛집이 많기로 유명합니다. 라까사호텔 서울에서 도보로 5분 거리에 위치해 있습니다.','서울 강남구 신사동',null,'tourguide1.jpg',0);
Insert into STAYWITH.TOURGUIDE (TG_NO,TG_TITLE,TG_CONTENT,TG_LOCATION,TG_PHONE,FILEPATH,TG_SORT) values (2,'도산공원','도산 안창호 선생의 애국정신을 기리고자 조성한 공원으로 인근에 유명 셰프들의 레스토랑과 트렌디한 맛집, 카페가 많습니다. 서울을 여행하는 관광객뿐 만 아니라 젊은 연인의 데이트 코스로도 인기가 좋습니다.','서울 강남구 도산대로 45길 20',null,'tourguide2.jpg',0);
Insert into STAYWITH.TOURGUIDE (TG_NO,TG_TITLE,TG_CONTENT,TG_LOCATION,TG_PHONE,FILEPATH,TG_SORT) values (3,'이케아','이케아는 스웨덴의 세계적인 DIY 인테리어 전문 브랜드입니다. 2014년 12월 광명에 한국 최초로 이케아가 문을 열었습니다. 역대 이케아 매장 부지 가운데 최대 규모를 자랑하며 50여개의 쇼룸과 수백 가지의 생활 인테리어 제품을 한 곳에 모아둔 홈퍼니싱 액세서리가 특징입니다.','경기 광명시 일직로 17','02-1670-4532 ','tourguide2-1.jpg',1);
Insert into STAYWITH.TOURGUIDE (TG_NO,TG_TITLE,TG_CONTENT,TG_LOCATION,TG_PHONE,FILEPATH,TG_SORT) values (4,'롯데 프리미엄 아울렛','2014년 12월 문을 연 롯데 프리미엄 아울렛은 300여개의 브랜드 매장이 입점해 있습니다. 모든 매장이 건물 안에 들어서 있는 실내 쇼핑몰형 구조로 이케아 코리아와 하이마트가 바로 연결되어 접근성과 편리성이 좋습니다.','경기 광명시 일직로 17','02-6226-2500 ','tourguide2-2.jpg',1);
Insert into STAYWITH.TOURGUIDE (TG_NO,TG_TITLE,TG_CONTENT,TG_LOCATION,TG_PHONE,FILEPATH,TG_SORT) values (21,'광명동굴','일제 강점기 자원수탈을 위해 만들어진 광명동굴은 2011년 지난 역사의 아픔을 딛고 관광 명소로 거듭났습니다. 동굴 예술의 전당, 아쿠아월드, 미디어 파사드를 비롯한 다양한 관광 콘텐츠를 갖춘 동굴 테마파크로 매년 열리는 와인 페스티벌과 동굴 내 와인 레스토랑에서 다양한 종류의 국내산 와인을 즐길 수 있습니다.','경기 광명시 가학로 85번길 142 ','1688-3399    ','tourguide2-4.jpg',1);
Insert into STAYWITH.TOURGUIDE (TG_NO,TG_TITLE,TG_CONTENT,TG_LOCATION,TG_PHONE,FILEPATH,TG_SORT) values (12,'한류스타거리','-POP을 사랑하는 관광객의 필수 코스입니다. 한류의 중심에 있는 케이팝 스타들을 캐릭터화한 아트 토이들이 시선을 사로잡고, 한류 스타들이 사랑하는 편집숍인 10 꼬르소 꼬모, 갤러리아 백화점, 패션숍과 뷰티숍, 스타들의 단골 음식점들을 만나볼 수 있습니다.','서울 강남구 압구정동 394',null,'tourguide3.jpg',0);
Insert into STAYWITH.TOURGUIDE (TG_NO,TG_TITLE,TG_CONTENT,TG_LOCATION,TG_PHONE,FILEPATH,TG_SORT) values (14,'청담동 명품거리','세계의 유명 명품 매장을 한 자리에서 만날 수 있는 거리입니다. 최근에는 명품 플래그십 스토어가 복합문화공간의 성격을 띠면서 젊은 세대를 중심으로 다시 핫 플레이스로 부각되고 있습니다. 현대 건축의 거장 프랭크 게리가 한국 전통에서 영감을 받아 설계한 ‘루이비통 메종 서울’에서 전시를 보고, ‘하우스 오브 디올’에서 디저트와 차를 마실 수 있습니다.','서울 강남구 청담동 145',null,'tourguide4.jpg',0);
Insert into STAYWITH.TOURGUIDE (TG_NO,TG_TITLE,TG_CONTENT,TG_LOCATION,TG_PHONE,FILEPATH,TG_SORT) values (15,'코엑스','각종 전시회와 규모 있는 국제회의가 열리는 곳으로 글로벌 비즈니스의 메카이자 아시아 최고의전시·문화·관광 명소입니다. 지하에 있는 코엑스몰은 영화관, 누구나 무료로 이용 가능한 별마당 도서관, 음반 매장, 쇼핑 공간, 아쿠아리움 등 볼거리와 즐길 거리가 가득합니다.','서울 강남구 영동대로 513','02-6000-0114 ','tourguide5.jpg',0);
Insert into STAYWITH.TOURGUIDE (TG_NO,TG_TITLE,TG_CONTENT,TG_LOCATION,TG_PHONE,FILEPATH,TG_SORT) values (16,'봉은사','천년이 넘는 역사를 가진 사찰로 국내 최대 크기를 자랑하는 미륵대불을 보유하고 있습니다. 강남 도심 속에 위치해 접근성이 좋으며, 서울 시민의 문화 휴식 공간으로서도 역할을 하고 있습니다. 템플스테이와 템플라이프 프로그램을 운영하고 있어 외국인 관광객에게도 인기가 많습니다.','서울시 강남구 봉은사로 531','02-3218-4800 ','tourguide6.jpg',0);
Insert into STAYWITH.TOURGUIDE (TG_NO,TG_TITLE,TG_CONTENT,TG_LOCATION,TG_PHONE,FILEPATH,TG_SORT) values (17,'이태원','서울 용산구 이태원동과 한남동 일대로서 다양한 외국 문화를 즐길 수 있는 지역입니다. 외국인 관광객을 위한 쇼핑 상가와 음식점, 카페, 펍/바, 클럽 등이 밀집해 있습니다. 경리단길, 우사단길을 거닐며 즐기기에도 좋고, 핼러윈 시즌에는 핼러윈 축제 명소가 되기도 합니다.','서울 용산구 이태원동',null,'tourguide7.jpg',0);
Insert into STAYWITH.TOURGUIDE (TG_NO,TG_TITLE,TG_CONTENT,TG_LOCATION,TG_PHONE,FILEPATH,TG_SORT) values (18,'리움 미술관','삼성미술관 리움은 한국 고유의 미를 담고 있는 전통 미술과 생동하는 현대 미술, 시대적 가치를 반영한 국제 미술이 함께 공존하는 미술관입니다. 다양한 전시 프로그램뿐 만 아니라, 세계적 건축가인 마리오 보타, 장 누벨, 렘 쿨하스가 설계한 건축물 공간 그 자체로도 즐길 수 있습니다.','서울 용산구 이태원로 55길 60-16','02-2014-6900 ','tourguide8.jpg',0);
Insert into STAYWITH.TOURGUIDE (TG_NO,TG_TITLE,TG_CONTENT,TG_LOCATION,TG_PHONE,FILEPATH,TG_SORT) values (20,'코스트코','전 세계 700여개 매장을 운영하고 있는 코스트코는 마니아 층이 탄탄한 글로벌 창고형 할인 매장입니다. 유료 회원제로 운영되며 식품, 가전제품, 자동차용품, 스포츠용품 등 광범위한 국내외 브랜드 제품을 일반 도소매점보다 훨씬 저렴한 가격으로 구매할 수 있습니다.','경기 광명시 일직로 40 ','1899-9900    ','tourguide2-3.jpg',1);
Insert into STAYWITH.TOURGUIDE (TG_NO,TG_TITLE,TG_CONTENT,TG_LOCATION,TG_PHONE,FILEPATH,TG_SORT) values (25,'충현박물관','충현박물관은 조선 중기를 대표하는 명재상인 오리 이원익 선생과 그의 후손들의 유물을 보존하는 우리나라 최초의 종가 박물관입니다. 고즈넉한 고택과 다양한 소장품, 녹음을 품은 정자 등을 통해 옛 선비들의 기개 있는 삶과 여유를 만날 수 있습니다.','경기 광명시 오리로 347번길 5-5','02-898-0505  ','tourguide2-6.jpg',1);
Insert into STAYWITH.TOURGUIDE (TG_NO,TG_TITLE,TG_CONTENT,TG_LOCATION,TG_PHONE,FILEPATH,TG_SORT) values (28,'광명전통시장','경기도 3대 재래시장 중 하나인 광명전통시장은 현재 400여 개의 상점이 영업 중인 대규모 시장으로 다양한 먹거리와 볼거리는 물론 추석 송편 나눔 축제, 핼러윈 축제, 김장 축제 등 색다른 즐길 거리가 가득한 광명을 대표하는 문화관광형 시장입니다.','경기 광명시 광이로 13번길 17-5 ','02-2614-0006 ','tourguide2-8.jpg',1);
Insert into STAYWITH.TOURGUIDE (TG_NO,TG_TITLE,TG_CONTENT,TG_LOCATION,TG_PHONE,FILEPATH,TG_SORT) values (24,'기형도 문학관2','광명 소하동에 살며 작품 활동을 펼쳤던 시인 기형도를 만날 수 있는 기형도 문학관은 그의 삶과 문학을 재현한 전시, 다채로운 문학 체험 프로그램, 북카페의 여유를 느낄 수 있는 복합문화공간입니다.','경기 광명시 오리로 268','02-2621-8860 ','tourguide2-52.jpg',1);
Insert into STAYWITH.TOURGUIDE (TG_NO,TG_TITLE,TG_CONTENT,TG_LOCATION,TG_PHONE,FILEPATH,TG_SORT) values (27,'구름산 산림욕장','산이 구름 속까지 솟아있다고 해서 구름산이라는 이름이 붙여졌으며 소나무 향과 아까시 나무 향이 가득한 구름산내 산림욕장은 숲속 어린이 놀이터와 모험시설, 황톳길, 세족장, 야생초화원 관찰로를 통해 도심 속 가까이 자연을 느낄 수 있습니다.','경기 광명시 하안동 산 141-7 ','02-2680-2339 ','tourguide2-71.jpg',1);
--------------------------------------------------------
--  DDL for Index PK_MEMBER
--------------------------------------------------------

  CREATE UNIQUE INDEX "STAYWITH"."PK_MEMBER" ON "STAYWITH"."MEMBER" ("MEMBER_NO") 
  PCTFREE 10 INITRANS 2 MAXTRANS 255 COMPUTE STATISTICS 
  STORAGE(INITIAL 65536 NEXT 1048576 MINEXTENTS 1 MAXEXTENTS 2147483645
  PCTINCREASE 0 FREELISTS 1 FREELIST GROUPS 1 BUFFER_POOL DEFAULT FLASH_CACHE DEFAULT CELL_FLASH_CACHE DEFAULT)
  TABLESPACE "SYSTEM" ;
--------------------------------------------------------
--  DDL for Index PK_LIFE_REVIEW
--------------------------------------------------------

  CREATE UNIQUE INDEX "STAYWITH"."PK_LIFE_REVIEW" ON "STAYWITH"."LIFE_REVIEW" ("LF_R_NO") 
  PCTFREE 10 INITRANS 2 MAXTRANS 255 COMPUTE STATISTICS 
  STORAGE(INITIAL 65536 NEXT 1048576 MINEXTENTS 1 MAXEXTENTS 2147483645
  PCTINCREASE 0 FREELISTS 1 FREELIST GROUPS 1 BUFFER_POOL DEFAULT FLASH_CACHE DEFAULT CELL_FLASH_CACHE DEFAULT)
  TABLESPACE "SYSTEM" ;
--------------------------------------------------------
--  DDL for Index PK_ROOM_REVIEW
--------------------------------------------------------

  CREATE UNIQUE INDEX "STAYWITH"."PK_ROOM_REVIEW" ON "STAYWITH"."ROOM_REVIEW" ("R_R_NO") 
  PCTFREE 10 INITRANS 2 MAXTRANS 255 COMPUTE STATISTICS 
  STORAGE(INITIAL 65536 NEXT 1048576 MINEXTENTS 1 MAXEXTENTS 2147483645
  PCTINCREASE 0 FREELISTS 1 FREELIST GROUPS 1 BUFFER_POOL DEFAULT FLASH_CACHE DEFAULT CELL_FLASH_CACHE DEFAULT)
  TABLESPACE "SYSTEM" ;
--------------------------------------------------------
--  DDL for Index PK_DINING_REVIEW
--------------------------------------------------------

  CREATE UNIQUE INDEX "STAYWITH"."PK_DINING_REVIEW" ON "STAYWITH"."DINING_REVIEW" ("D_R_NO") 
  PCTFREE 10 INITRANS 2 MAXTRANS 255 COMPUTE STATISTICS 
  STORAGE(INITIAL 65536 NEXT 1048576 MINEXTENTS 1 MAXEXTENTS 2147483645
  PCTINCREASE 0 FREELISTS 1 FREELIST GROUPS 1 BUFFER_POOL DEFAULT FLASH_CACHE DEFAULT CELL_FLASH_CACHE DEFAULT)
  TABLESPACE "SYSTEM" ;
--------------------------------------------------------
--  Constraints for Table ROOM_RES_MAIN3
--------------------------------------------------------

  ALTER TABLE "STAYWITH"."ROOM_RES_MAIN3" MODIFY ("ADULT" NOT NULL ENABLE);
  ALTER TABLE "STAYWITH"."ROOM_RES_MAIN3" MODIFY ("CHECKOUT" NOT NULL ENABLE);
  ALTER TABLE "STAYWITH"."ROOM_RES_MAIN3" MODIFY ("CHECKIN" NOT NULL ENABLE);
--------------------------------------------------------
--  Constraints for Table ANSWER
--------------------------------------------------------

  ALTER TABLE "STAYWITH"."ANSWER" ADD PRIMARY KEY ("A_NO")
  USING INDEX PCTFREE 10 INITRANS 2 MAXTRANS 255 COMPUTE STATISTICS 
  STORAGE(INITIAL 65536 NEXT 1048576 MINEXTENTS 1 MAXEXTENTS 2147483645
  PCTINCREASE 0 FREELISTS 1 FREELIST GROUPS 1 BUFFER_POOL DEFAULT FLASH_CACHE DEFAULT CELL_FLASH_CACHE DEFAULT)
  TABLESPACE "SYSTEM"  ENABLE;
--------------------------------------------------------
--  Constraints for Table DINING_RES
--------------------------------------------------------

  ALTER TABLE "STAYWITH"."DINING_RES" ADD PRIMARY KEY ("RES_NO")
  USING INDEX PCTFREE 10 INITRANS 2 MAXTRANS 255 COMPUTE STATISTICS 
  STORAGE(INITIAL 65536 NEXT 1048576 MINEXTENTS 1 MAXEXTENTS 2147483645
  PCTINCREASE 0 FREELISTS 1 FREELIST GROUPS 1 BUFFER_POOL DEFAULT FLASH_CACHE DEFAULT CELL_FLASH_CACHE DEFAULT)
  TABLESPACE "SYSTEM"  ENABLE;
  ALTER TABLE "STAYWITH"."DINING_RES" MODIFY ("RES_STATUS" NOT NULL ENABLE);
  ALTER TABLE "STAYWITH"."DINING_RES" MODIFY ("SEAT_TYPE" NOT NULL ENABLE);
  ALTER TABLE "STAYWITH"."DINING_RES" MODIFY ("TIME_TYPE" NOT NULL ENABLE);
  ALTER TABLE "STAYWITH"."DINING_RES" MODIFY ("RES_TIME" NOT NULL ENABLE);
  ALTER TABLE "STAYWITH"."DINING_RES" MODIFY ("RES_DATE" NOT NULL ENABLE);
--------------------------------------------------------
--  Constraints for Table TOURGUIDE
--------------------------------------------------------

  ALTER TABLE "STAYWITH"."TOURGUIDE" ADD PRIMARY KEY ("TG_NO")
  USING INDEX PCTFREE 10 INITRANS 2 MAXTRANS 255 COMPUTE STATISTICS 
  STORAGE(INITIAL 65536 NEXT 1048576 MINEXTENTS 1 MAXEXTENTS 2147483645
  PCTINCREASE 0 FREELISTS 1 FREELIST GROUPS 1 BUFFER_POOL DEFAULT FLASH_CACHE DEFAULT CELL_FLASH_CACHE DEFAULT)
  TABLESPACE "SYSTEM"  ENABLE;
  ALTER TABLE "STAYWITH"."TOURGUIDE" MODIFY ("TG_SORT" NOT NULL ENABLE);
  ALTER TABLE "STAYWITH"."TOURGUIDE" MODIFY ("FILEPATH" NOT NULL ENABLE);
  ALTER TABLE "STAYWITH"."TOURGUIDE" MODIFY ("TG_LOCATION" NOT NULL ENABLE);
  ALTER TABLE "STAYWITH"."TOURGUIDE" MODIFY ("TG_CONTENT" NOT NULL ENABLE);
  ALTER TABLE "STAYWITH"."TOURGUIDE" MODIFY ("TG_TITLE" NOT NULL ENABLE);
--------------------------------------------------------
--  Constraints for Table ROOM_RES
--------------------------------------------------------

  ALTER TABLE "STAYWITH"."ROOM_RES" ADD PRIMARY KEY ("RES_NUM")
  USING INDEX PCTFREE 10 INITRANS 2 MAXTRANS 255 COMPUTE STATISTICS 
  STORAGE(INITIAL 65536 NEXT 1048576 MINEXTENTS 1 MAXEXTENTS 2147483645
  PCTINCREASE 0 FREELISTS 1 FREELIST GROUPS 1 BUFFER_POOL DEFAULT FLASH_CACHE DEFAULT CELL_FLASH_CACHE DEFAULT)
  TABLESPACE "SYSTEM"  ENABLE;
  ALTER TABLE "STAYWITH"."ROOM_RES" MODIFY ("ADULT" NOT NULL ENABLE);
  ALTER TABLE "STAYWITH"."ROOM_RES" MODIFY ("PAY_STATUS" NOT NULL ENABLE);
  ALTER TABLE "STAYWITH"."ROOM_RES" MODIFY ("ROOM_PRICE" NOT NULL ENABLE);
  ALTER TABLE "STAYWITH"."ROOM_RES" MODIFY ("CHECKOUT" NOT NULL ENABLE);
  ALTER TABLE "STAYWITH"."ROOM_RES" MODIFY ("CHECKIN" NOT NULL ENABLE);
  ALTER TABLE "STAYWITH"."ROOM_RES" MODIFY ("ROOM_NAME" NOT NULL ENABLE);
  ALTER TABLE "STAYWITH"."ROOM_RES" MODIFY ("ROOM_TYPE" NOT NULL ENABLE);
  ALTER TABLE "STAYWITH"."ROOM_RES" MODIFY ("MEMBER_KNAME" NOT NULL ENABLE);
--------------------------------------------------------
--  Constraints for Table QUESTION
--------------------------------------------------------

  ALTER TABLE "STAYWITH"."QUESTION" MODIFY ("EMAIL" NOT NULL ENABLE);
  ALTER TABLE "STAYWITH"."QUESTION" MODIFY ("Q_NAME" NOT NULL ENABLE);
  ALTER TABLE "STAYWITH"."QUESTION" MODIFY ("Q_CONTENT" NOT NULL ENABLE);
  ALTER TABLE "STAYWITH"."QUESTION" MODIFY ("Q_TYPE" NOT NULL ENABLE);
  ALTER TABLE "STAYWITH"."QUESTION" MODIFY ("Q_CATEGORY" NOT NULL ENABLE);
  ALTER TABLE "STAYWITH"."QUESTION" ADD PRIMARY KEY ("Q_NO")
  USING INDEX PCTFREE 10 INITRANS 2 MAXTRANS 255 COMPUTE STATISTICS 
  STORAGE(INITIAL 65536 NEXT 1048576 MINEXTENTS 1 MAXEXTENTS 2147483645
  PCTINCREASE 0 FREELISTS 1 FREELIST GROUPS 1 BUFFER_POOL DEFAULT FLASH_CACHE DEFAULT CELL_FLASH_CACHE DEFAULT)
  TABLESPACE "SYSTEM"  ENABLE;
  ALTER TABLE "STAYWITH"."QUESTION" MODIFY ("Q_AUTO" NOT NULL ENABLE);
  ALTER TABLE "STAYWITH"."QUESTION" MODIFY ("PHONE" NOT NULL ENABLE);
--------------------------------------------------------
--  Constraints for Table ROOM
--------------------------------------------------------

  ALTER TABLE "STAYWITH"."ROOM" ADD PRIMARY KEY ("ROOM_NO")
  USING INDEX PCTFREE 10 INITRANS 2 MAXTRANS 255 COMPUTE STATISTICS 
  STORAGE(INITIAL 65536 NEXT 1048576 MINEXTENTS 1 MAXEXTENTS 2147483645
  PCTINCREASE 0 FREELISTS 1 FREELIST GROUPS 1 BUFFER_POOL DEFAULT FLASH_CACHE DEFAULT CELL_FLASH_CACHE DEFAULT)
  TABLESPACE "SYSTEM"  ENABLE;
  ALTER TABLE "STAYWITH"."ROOM" MODIFY ("ROOM_STATUS" NOT NULL ENABLE);
  ALTER TABLE "STAYWITH"."ROOM" MODIFY ("ROOM_INFO" NOT NULL ENABLE);
  ALTER TABLE "STAYWITH"."ROOM" MODIFY ("ROOM_IMG" NOT NULL ENABLE);
  ALTER TABLE "STAYWITH"."ROOM" MODIFY ("ROOM_PRICE" NOT NULL ENABLE);
  ALTER TABLE "STAYWITH"."ROOM" MODIFY ("MAX_NUM" NOT NULL ENABLE);
  ALTER TABLE "STAYWITH"."ROOM" MODIFY ("ROOM_VIEW" NOT NULL ENABLE);
  ALTER TABLE "STAYWITH"."ROOM" MODIFY ("ROOM_FORM" NOT NULL ENABLE);
  ALTER TABLE "STAYWITH"."ROOM" MODIFY ("BED" NOT NULL ENABLE);
  ALTER TABLE "STAYWITH"."ROOM" MODIFY ("ROOM_SIZE" NOT NULL ENABLE);
  ALTER TABLE "STAYWITH"."ROOM" MODIFY ("ROOM_LOC" NOT NULL ENABLE);
  ALTER TABLE "STAYWITH"."ROOM" MODIFY ("ROOM_DETAIL" NOT NULL ENABLE);
  ALTER TABLE "STAYWITH"."ROOM" MODIFY ("ROOM_NAME" NOT NULL ENABLE);
  ALTER TABLE "STAYWITH"."ROOM" MODIFY ("ROOM_TYPE" NOT NULL ENABLE);
--------------------------------------------------------
--  Constraints for Table LIFE_REVIEW
--------------------------------------------------------

  ALTER TABLE "STAYWITH"."LIFE_REVIEW" MODIFY ("LIFE_IMG" NOT NULL ENABLE);
  ALTER TABLE "STAYWITH"."LIFE_REVIEW" MODIFY ("RES_DATE" NOT NULL ENABLE);
  ALTER TABLE "STAYWITH"."LIFE_REVIEW" MODIFY ("LIFE_NAME" NOT NULL ENABLE);
  ALTER TABLE "STAYWITH"."LIFE_REVIEW" ADD CONSTRAINT "PK_LIFE_REVIEW" PRIMARY KEY ("LF_R_NO")
  USING INDEX PCTFREE 10 INITRANS 2 MAXTRANS 255 COMPUTE STATISTICS 
  STORAGE(INITIAL 65536 NEXT 1048576 MINEXTENTS 1 MAXEXTENTS 2147483645
  PCTINCREASE 0 FREELISTS 1 FREELIST GROUPS 1 BUFFER_POOL DEFAULT FLASH_CACHE DEFAULT CELL_FLASH_CACHE DEFAULT)
  TABLESPACE "SYSTEM"  ENABLE;
  ALTER TABLE "STAYWITH"."LIFE_REVIEW" MODIFY ("LF_NO" NOT NULL ENABLE);
  ALTER TABLE "STAYWITH"."LIFE_REVIEW" MODIFY ("RES_NO" NOT NULL ENABLE);
  ALTER TABLE "STAYWITH"."LIFE_REVIEW" MODIFY ("STAR" NOT NULL ENABLE);
  ALTER TABLE "STAYWITH"."LIFE_REVIEW" MODIFY ("REVIEW_DATE" NOT NULL ENABLE);
  ALTER TABLE "STAYWITH"."LIFE_REVIEW" MODIFY ("REVIEW_CONTENT" NOT NULL ENABLE);
  ALTER TABLE "STAYWITH"."LIFE_REVIEW" MODIFY ("REVIEW_WRITER" NOT NULL ENABLE);
  ALTER TABLE "STAYWITH"."LIFE_REVIEW" MODIFY ("LF_R_NO" NOT NULL ENABLE);
--------------------------------------------------------
--  Constraints for Table LIFESTYLE
--------------------------------------------------------

  ALTER TABLE "STAYWITH"."LIFESTYLE" ADD PRIMARY KEY ("LF_NO")
  USING INDEX PCTFREE 10 INITRANS 2 MAXTRANS 255 COMPUTE STATISTICS 
  STORAGE(INITIAL 65536 NEXT 1048576 MINEXTENTS 1 MAXEXTENTS 2147483645
  PCTINCREASE 0 FREELISTS 1 FREELIST GROUPS 1 BUFFER_POOL DEFAULT FLASH_CACHE DEFAULT CELL_FLASH_CACHE DEFAULT)
  TABLESPACE "SYSTEM"  ENABLE;
  ALTER TABLE "STAYWITH"."LIFESTYLE" MODIFY ("LF_STATUS" NOT NULL ENABLE);
  ALTER TABLE "STAYWITH"."LIFESTYLE" MODIFY ("LF_CONTENT" NOT NULL ENABLE);
  ALTER TABLE "STAYWITH"."LIFESTYLE" MODIFY ("LF_CATEGORY" NOT NULL ENABLE);
  ALTER TABLE "STAYWITH"."LIFESTYLE" MODIFY ("THUMBNAIL" NOT NULL ENABLE);
  ALTER TABLE "STAYWITH"."LIFESTYLE" MODIFY ("FILENAME" NOT NULL ENABLE);
  ALTER TABLE "STAYWITH"."LIFESTYLE" MODIFY ("FILEPATH" NOT NULL ENABLE);
--------------------------------------------------------
--  Constraints for Table LF_RES
--------------------------------------------------------

  ALTER TABLE "STAYWITH"."LF_RES" ADD PRIMARY KEY ("RES_NO")
  USING INDEX PCTFREE 10 INITRANS 2 MAXTRANS 255 COMPUTE STATISTICS 
  STORAGE(INITIAL 65536 NEXT 1048576 MINEXTENTS 1 MAXEXTENTS 2147483645
  PCTINCREASE 0 FREELISTS 1 FREELIST GROUPS 1 BUFFER_POOL DEFAULT FLASH_CACHE DEFAULT CELL_FLASH_CACHE DEFAULT)
  TABLESPACE "SYSTEM"  ENABLE;
  ALTER TABLE "STAYWITH"."LF_RES" MODIFY ("PRICE" NOT NULL ENABLE);
  ALTER TABLE "STAYWITH"."LF_RES" MODIFY ("STATUS" NOT NULL ENABLE);
  ALTER TABLE "STAYWITH"."LF_RES" MODIFY ("RES_TIME" NOT NULL ENABLE);
  ALTER TABLE "STAYWITH"."LF_RES" MODIFY ("RES_DATE" NOT NULL ENABLE);
  ALTER TABLE "STAYWITH"."LF_RES" MODIFY ("RES_PEOPLE" NOT NULL ENABLE);
--------------------------------------------------------
--  Constraints for Table ROOM_REVIEW
--------------------------------------------------------

  ALTER TABLE "STAYWITH"."ROOM_REVIEW" MODIFY ("ROOM_NAME" NOT NULL ENABLE);
  ALTER TABLE "STAYWITH"."ROOM_REVIEW" ADD CONSTRAINT "PK_ROOM_REVIEW" PRIMARY KEY ("R_R_NO")
  USING INDEX PCTFREE 10 INITRANS 2 MAXTRANS 255 COMPUTE STATISTICS 
  STORAGE(INITIAL 65536 NEXT 1048576 MINEXTENTS 1 MAXEXTENTS 2147483645
  PCTINCREASE 0 FREELISTS 1 FREELIST GROUPS 1 BUFFER_POOL DEFAULT FLASH_CACHE DEFAULT CELL_FLASH_CACHE DEFAULT)
  TABLESPACE "SYSTEM"  ENABLE;
  ALTER TABLE "STAYWITH"."ROOM_REVIEW" MODIFY ("ROOM_NO" NOT NULL ENABLE);
  ALTER TABLE "STAYWITH"."ROOM_REVIEW" MODIFY ("RES_NUM" NOT NULL ENABLE);
  ALTER TABLE "STAYWITH"."ROOM_REVIEW" MODIFY ("STAR" NOT NULL ENABLE);
  ALTER TABLE "STAYWITH"."ROOM_REVIEW" MODIFY ("REVIEW_DATE" NOT NULL ENABLE);
  ALTER TABLE "STAYWITH"."ROOM_REVIEW" MODIFY ("REVIEW_CONTENT" NOT NULL ENABLE);
  ALTER TABLE "STAYWITH"."ROOM_REVIEW" MODIFY ("REVIEW_WRITER" NOT NULL ENABLE);
  ALTER TABLE "STAYWITH"."ROOM_REVIEW" MODIFY ("R_R_NO" NOT NULL ENABLE);
  ALTER TABLE "STAYWITH"."ROOM_REVIEW" MODIFY ("CHECKIN_DATE" NOT NULL ENABLE);
  ALTER TABLE "STAYWITH"."ROOM_REVIEW" MODIFY ("ROOM_IMG" NOT NULL ENABLE);
  ALTER TABLE "STAYWITH"."ROOM_REVIEW" MODIFY ("CHECKOUT_DATE" NOT NULL ENABLE);
--------------------------------------------------------
--  Constraints for Table FAQ
--------------------------------------------------------

  ALTER TABLE "STAYWITH"."FAQ" ADD PRIMARY KEY ("FAQ_NO")
  USING INDEX PCTFREE 10 INITRANS 2 MAXTRANS 255 COMPUTE STATISTICS 
  STORAGE(INITIAL 65536 NEXT 1048576 MINEXTENTS 1 MAXEXTENTS 2147483645
  PCTINCREASE 0 FREELISTS 1 FREELIST GROUPS 1 BUFFER_POOL DEFAULT FLASH_CACHE DEFAULT CELL_FLASH_CACHE DEFAULT)
  TABLESPACE "SYSTEM"  ENABLE;
  ALTER TABLE "STAYWITH"."FAQ" MODIFY ("FAQ_SORT" NOT NULL ENABLE);
  ALTER TABLE "STAYWITH"."FAQ" MODIFY ("FAQ_CONTENT" NOT NULL ENABLE);
  ALTER TABLE "STAYWITH"."FAQ" MODIFY ("FAQ_TITLE" NOT NULL ENABLE);
--------------------------------------------------------
--  Constraints for Table ROOM_RES_MAIN
--------------------------------------------------------

  ALTER TABLE "STAYWITH"."ROOM_RES_MAIN" ADD PRIMARY KEY ("MEMBER_ID")
  USING INDEX PCTFREE 10 INITRANS 2 MAXTRANS 255 COMPUTE STATISTICS 
  STORAGE(INITIAL 65536 NEXT 1048576 MINEXTENTS 1 MAXEXTENTS 2147483645
  PCTINCREASE 0 FREELISTS 1 FREELIST GROUPS 1 BUFFER_POOL DEFAULT FLASH_CACHE DEFAULT CELL_FLASH_CACHE DEFAULT)
  TABLESPACE "SYSTEM"  ENABLE;
  ALTER TABLE "STAYWITH"."ROOM_RES_MAIN" MODIFY ("ADULT" NOT NULL ENABLE);
  ALTER TABLE "STAYWITH"."ROOM_RES_MAIN" MODIFY ("CHECKOUT" NOT NULL ENABLE);
  ALTER TABLE "STAYWITH"."ROOM_RES_MAIN" MODIFY ("CHECKIN" NOT NULL ENABLE);
--------------------------------------------------------
--  Constraints for Table DINING_TIME
--------------------------------------------------------

  ALTER TABLE "STAYWITH"."DINING_TIME" ADD PRIMARY KEY ("TIME_NO")
  USING INDEX PCTFREE 10 INITRANS 2 MAXTRANS 255 COMPUTE STATISTICS 
  STORAGE(INITIAL 65536 NEXT 1048576 MINEXTENTS 1 MAXEXTENTS 2147483645
  PCTINCREASE 0 FREELISTS 1 FREELIST GROUPS 1 BUFFER_POOL DEFAULT FLASH_CACHE DEFAULT CELL_FLASH_CACHE DEFAULT)
  TABLESPACE "SYSTEM"  ENABLE;
  ALTER TABLE "STAYWITH"."DINING_TIME" MODIFY ("TIME_CLOSE" NOT NULL ENABLE);
  ALTER TABLE "STAYWITH"."DINING_TIME" MODIFY ("TIME_OPEN" NOT NULL ENABLE);
  ALTER TABLE "STAYWITH"."DINING_TIME" MODIFY ("TIME_TYPE" NOT NULL ENABLE);
--------------------------------------------------------
--  Constraints for Table NOTICE
--------------------------------------------------------

  ALTER TABLE "STAYWITH"."NOTICE" ADD PRIMARY KEY ("NOTICE_NO")
  USING INDEX PCTFREE 10 INITRANS 2 MAXTRANS 255 COMPUTE STATISTICS 
  STORAGE(INITIAL 65536 NEXT 1048576 MINEXTENTS 1 MAXEXTENTS 2147483645
  PCTINCREASE 0 FREELISTS 1 FREELIST GROUPS 1 BUFFER_POOL DEFAULT FLASH_CACHE DEFAULT CELL_FLASH_CACHE DEFAULT)
  TABLESPACE "SYSTEM"  ENABLE;
  ALTER TABLE "STAYWITH"."NOTICE" MODIFY ("NOTICE_WRITER" NOT NULL ENABLE);
  ALTER TABLE "STAYWITH"."NOTICE" MODIFY ("NOTICE_CONTENT" NOT NULL ENABLE);
  ALTER TABLE "STAYWITH"."NOTICE" MODIFY ("NOTICE_TITLE" NOT NULL ENABLE);
--------------------------------------------------------
--  Constraints for Table DINING_REVIEW
--------------------------------------------------------

  ALTER TABLE "STAYWITH"."DINING_REVIEW" MODIFY ("DINING_IMG" NOT NULL ENABLE);
  ALTER TABLE "STAYWITH"."DINING_REVIEW" MODIFY ("RES_DATE" NOT NULL ENABLE);
  ALTER TABLE "STAYWITH"."DINING_REVIEW" MODIFY ("DINING_NAME" NOT NULL ENABLE);
  ALTER TABLE "STAYWITH"."DINING_REVIEW" ADD CONSTRAINT "PK_DINING_REVIEW" PRIMARY KEY ("D_R_NO")
  USING INDEX PCTFREE 10 INITRANS 2 MAXTRANS 255 COMPUTE STATISTICS 
  STORAGE(INITIAL 65536 NEXT 1048576 MINEXTENTS 1 MAXEXTENTS 2147483645
  PCTINCREASE 0 FREELISTS 1 FREELIST GROUPS 1 BUFFER_POOL DEFAULT FLASH_CACHE DEFAULT CELL_FLASH_CACHE DEFAULT)
  TABLESPACE "SYSTEM"  ENABLE;
  ALTER TABLE "STAYWITH"."DINING_REVIEW" MODIFY ("DINING_NO" NOT NULL ENABLE);
  ALTER TABLE "STAYWITH"."DINING_REVIEW" MODIFY ("RES_NO" NOT NULL ENABLE);
  ALTER TABLE "STAYWITH"."DINING_REVIEW" MODIFY ("STAR" NOT NULL ENABLE);
  ALTER TABLE "STAYWITH"."DINING_REVIEW" MODIFY ("REVIEW_DATE" NOT NULL ENABLE);
  ALTER TABLE "STAYWITH"."DINING_REVIEW" MODIFY ("REVIEW_CONTENT" NOT NULL ENABLE);
  ALTER TABLE "STAYWITH"."DINING_REVIEW" MODIFY ("REVIEW_WRITER" NOT NULL ENABLE);
  ALTER TABLE "STAYWITH"."DINING_REVIEW" MODIFY ("D_R_NO" NOT NULL ENABLE);
--------------------------------------------------------
--  Constraints for Table MEMBER
--------------------------------------------------------

  ALTER TABLE "STAYWITH"."MEMBER" ADD CONSTRAINT "PK_MEMBER" PRIMARY KEY ("MEMBER_NO")
  USING INDEX PCTFREE 10 INITRANS 2 MAXTRANS 255 COMPUTE STATISTICS 
  STORAGE(INITIAL 65536 NEXT 1048576 MINEXTENTS 1 MAXEXTENTS 2147483645
  PCTINCREASE 0 FREELISTS 1 FREELIST GROUPS 1 BUFFER_POOL DEFAULT FLASH_CACHE DEFAULT CELL_FLASH_CACHE DEFAULT)
  TABLESPACE "SYSTEM"  ENABLE;
  ALTER TABLE "STAYWITH"."MEMBER" ADD UNIQUE ("MEMBER_ID")
  USING INDEX PCTFREE 10 INITRANS 2 MAXTRANS 255 COMPUTE STATISTICS 
  STORAGE(INITIAL 65536 NEXT 1048576 MINEXTENTS 1 MAXEXTENTS 2147483645
  PCTINCREASE 0 FREELISTS 1 FREELIST GROUPS 1 BUFFER_POOL DEFAULT FLASH_CACHE DEFAULT CELL_FLASH_CACHE DEFAULT)
  TABLESPACE "SYSTEM"  ENABLE;
  ALTER TABLE "STAYWITH"."MEMBER" MODIFY ("ENROLL_DATE" NOT NULL ENABLE);
  ALTER TABLE "STAYWITH"."MEMBER" MODIFY ("POINT" NOT NULL ENABLE);
  ALTER TABLE "STAYWITH"."MEMBER" MODIFY ("EMAIL" NOT NULL ENABLE);
  ALTER TABLE "STAYWITH"."MEMBER" MODIFY ("BIRTH" NOT NULL ENABLE);
  ALTER TABLE "STAYWITH"."MEMBER" MODIFY ("PHONE" NOT NULL ENABLE);
  ALTER TABLE "STAYWITH"."MEMBER" MODIFY ("MEMBER_LEVEL" NOT NULL ENABLE);
  ALTER TABLE "STAYWITH"."MEMBER" MODIFY ("MEMBER_FNAME" NOT NULL ENABLE);
  ALTER TABLE "STAYWITH"."MEMBER" MODIFY ("MEMBER_LNAME" NOT NULL ENABLE);
  ALTER TABLE "STAYWITH"."MEMBER" MODIFY ("MEMBER_KNAME" NOT NULL ENABLE);
  ALTER TABLE "STAYWITH"."MEMBER" MODIFY ("MEMBER_PW" NOT NULL ENABLE);
  ALTER TABLE "STAYWITH"."MEMBER" MODIFY ("MEMBER_NO" NOT NULL ENABLE);
--------------------------------------------------------
--  Constraints for Table DINING
--------------------------------------------------------

  ALTER TABLE "STAYWITH"."DINING" MODIFY ("TEL" CONSTRAINT "TEL_NN" NOT NULL ENABLE);
  ALTER TABLE "STAYWITH"."DINING" ADD UNIQUE ("DINING_NAME")
  USING INDEX PCTFREE 10 INITRANS 2 MAXTRANS 255 COMPUTE STATISTICS 
  STORAGE(INITIAL 65536 NEXT 1048576 MINEXTENTS 1 MAXEXTENTS 2147483645
  PCTINCREASE 0 FREELISTS 1 FREELIST GROUPS 1 BUFFER_POOL DEFAULT FLASH_CACHE DEFAULT CELL_FLASH_CACHE DEFAULT)
  TABLESPACE "SYSTEM"  ENABLE;
  ALTER TABLE "STAYWITH"."DINING" ADD PRIMARY KEY ("DINING_NO")
  USING INDEX PCTFREE 10 INITRANS 2 MAXTRANS 255 COMPUTE STATISTICS 
  STORAGE(INITIAL 65536 NEXT 1048576 MINEXTENTS 1 MAXEXTENTS 2147483645
  PCTINCREASE 0 FREELISTS 1 FREELIST GROUPS 1 BUFFER_POOL DEFAULT FLASH_CACHE DEFAULT CELL_FLASH_CACHE DEFAULT)
  TABLESPACE "SYSTEM"  ENABLE;
  ALTER TABLE "STAYWITH"."DINING" MODIFY ("DETAILED_IMG" NOT NULL ENABLE);
  ALTER TABLE "STAYWITH"."DINING" MODIFY ("THUMBNAIL_IMG" NOT NULL ENABLE);
  ALTER TABLE "STAYWITH"."DINING" MODIFY ("DINING_INTRO" NOT NULL ENABLE);
  ALTER TABLE "STAYWITH"."DINING" MODIFY ("DINING_LOC" NOT NULL ENABLE);
  ALTER TABLE "STAYWITH"."DINING" MODIFY ("DINING_INFO" NOT NULL ENABLE);
  ALTER TABLE "STAYWITH"."DINING" MODIFY ("DINING_NAME" NOT NULL ENABLE);
  ALTER TABLE "STAYWITH"."DINING" MODIFY ("DINING_TYPE" NOT NULL ENABLE);
--------------------------------------------------------
--  Constraints for Table ROOM_RES_MAIN2
--------------------------------------------------------

  ALTER TABLE "STAYWITH"."ROOM_RES_MAIN2" ADD PRIMARY KEY ("main_NO")
  USING INDEX PCTFREE 10 INITRANS 2 MAXTRANS 255 COMPUTE STATISTICS 
  STORAGE(INITIAL 65536 NEXT 1048576 MINEXTENTS 1 MAXEXTENTS 2147483645
  PCTINCREASE 0 FREELISTS 1 FREELIST GROUPS 1 BUFFER_POOL DEFAULT FLASH_CACHE DEFAULT CELL_FLASH_CACHE DEFAULT)
  TABLESPACE "SYSTEM"  ENABLE;
  ALTER TABLE "STAYWITH"."ROOM_RES_MAIN2" MODIFY ("ADULT" NOT NULL ENABLE);
  ALTER TABLE "STAYWITH"."ROOM_RES_MAIN2" MODIFY ("CHECKOUT" NOT NULL ENABLE);
  ALTER TABLE "STAYWITH"."ROOM_RES_MAIN2" MODIFY ("CHECKIN" NOT NULL ENABLE);
--------------------------------------------------------
--  Ref Constraints for Table ANSWER
--------------------------------------------------------

  ALTER TABLE "STAYWITH"."ANSWER" ADD FOREIGN KEY ("Q_NO")
	  REFERENCES "STAYWITH"."QUESTION" ("Q_NO") ON DELETE CASCADE ENABLE;
--------------------------------------------------------
--  Ref Constraints for Table DINING_RES
--------------------------------------------------------

  ALTER TABLE "STAYWITH"."DINING_RES" ADD FOREIGN KEY ("DINING_NO")
	  REFERENCES "STAYWITH"."DINING" ("DINING_NO") ON DELETE SET NULL ENABLE;
  ALTER TABLE "STAYWITH"."DINING_RES" ADD FOREIGN KEY ("MEMBER_ID")
	  REFERENCES "STAYWITH"."MEMBER" ("MEMBER_ID") ON DELETE SET NULL ENABLE;
--------------------------------------------------------
--  Ref Constraints for Table DINING_TIME
--------------------------------------------------------

  ALTER TABLE "STAYWITH"."DINING_TIME" ADD FOREIGN KEY ("DINING_NO")
	  REFERENCES "STAYWITH"."DINING" ("DINING_NO") ON DELETE CASCADE ENABLE;
--------------------------------------------------------
--  Ref Constraints for Table LF_RES
--------------------------------------------------------

  ALTER TABLE "STAYWITH"."LF_RES" ADD FOREIGN KEY ("LF_NO")
	  REFERENCES "STAYWITH"."LIFESTYLE" ("LF_NO") ON DELETE SET NULL ENABLE;
  ALTER TABLE "STAYWITH"."LF_RES" ADD FOREIGN KEY ("MEMBER_ID")
	  REFERENCES "STAYWITH"."MEMBER" ("MEMBER_ID") ON DELETE SET NULL ENABLE;
--------------------------------------------------------
--  Ref Constraints for Table NOTICE
--------------------------------------------------------

  ALTER TABLE "STAYWITH"."NOTICE" ADD FOREIGN KEY ("NOTICE_WRITER")
	  REFERENCES "STAYWITH"."MEMBER" ("MEMBER_ID") ON DELETE CASCADE ENABLE;
--------------------------------------------------------
--  Ref Constraints for Table ROOM_RES
--------------------------------------------------------

  ALTER TABLE "STAYWITH"."ROOM_RES" ADD FOREIGN KEY ("ROOM_NO")
	  REFERENCES "STAYWITH"."ROOM" ("ROOM_NO") ON DELETE SET NULL ENABLE;
  ALTER TABLE "STAYWITH"."ROOM_RES" ADD FOREIGN KEY ("MEMBER_ID")
	  REFERENCES "STAYWITH"."MEMBER" ("MEMBER_ID") ON DELETE SET NULL ENABLE;
--------------------------------------------------------
--  Ref Constraints for Table ROOM_RES_MAIN
--------------------------------------------------------

  ALTER TABLE "STAYWITH"."ROOM_RES_MAIN" ADD FOREIGN KEY ("MEMBER_ID")
	  REFERENCES "STAYWITH"."MEMBER" ("MEMBER_ID") ON DELETE CASCADE ENABLE;
