--------------------------------------------------------
--  파일이 생성됨 - 수요일-12월-29-2021   
--------------------------------------------------------
--------------------------------------------------------
--  DDL for Table ANNOUNCEMENT
--------------------------------------------------------

  CREATE TABLE "MINT"."ANNOUNCEMENT" 
   (	"ANNOUNCE_NO" NUMBER, 
	"MEMBER_NO" NUMBER, 
	"COMPANY_NAME" VARCHAR2(100 BYTE), 
	"CATEGORY" VARCHAR2(20 BYTE), 
	"FIELDS" VARCHAR2(20 BYTE), 
	"SCHOOL" VARCHAR2(20 BYTE), 
	"WORK_FORM" VARCHAR2(10 BYTE), 
	"ANNOUNCE_TITLE" VARCHAR2(100 BYTE), 
	"ANNOUNCE_CONTENT" VARCHAR2(4000 BYTE), 
	"SKILLS" VARCHAR2(100 BYTE), 
	"MONEY" VARCHAR2(20 BYTE), 
	"WORK_PLACE" VARCHAR2(20 BYTE), 
	"END_DATE" VARCHAR2(20 BYTE), 
	"VETERANS" VARCHAR2(50 BYTE), 
	"MILITARY" VARCHAR2(50 BYTE), 
	"WRITE_DATE" CHAR(10 BYTE), 
	"CAREER" VARCHAR2(100 BYTE)
   ) SEGMENT CREATION IMMEDIATE 
  PCTFREE 10 PCTUSED 40 INITRANS 1 MAXTRANS 255 NOCOMPRESS LOGGING
  STORAGE(INITIAL 65536 NEXT 1048576 MINEXTENTS 1 MAXEXTENTS 2147483645
  PCTINCREASE 0 FREELISTS 1 FREELIST GROUPS 1 BUFFER_POOL DEFAULT FLASH_CACHE DEFAULT CELL_FLASH_CACHE DEFAULT)
  TABLESPACE "SYSTEM" ;
--------------------------------------------------------
--  DDL for Table APPLICATION
--------------------------------------------------------

  CREATE TABLE "MINT"."APPLICATION" 
   (	"APP_NO" NUMBER, 
	"ANNOUNCE_NO" NUMBER, 
	"RESUME_NO" NUMBER, 
	"MEMBER_NO" NUMBER, 
	"STATUS" NUMBER, 
	"APPLY_DATE" CHAR(10 BYTE)
   ) SEGMENT CREATION IMMEDIATE 
  PCTFREE 10 PCTUSED 40 INITRANS 1 MAXTRANS 255 NOCOMPRESS LOGGING
  STORAGE(INITIAL 65536 NEXT 1048576 MINEXTENTS 1 MAXEXTENTS 2147483645
  PCTINCREASE 0 FREELISTS 1 FREELIST GROUPS 1 BUFFER_POOL DEFAULT FLASH_CACHE DEFAULT CELL_FLASH_CACHE DEFAULT)
  TABLESPACE "SYSTEM" ;
--------------------------------------------------------
--  DDL for Table ATTACHMENT
--------------------------------------------------------

  CREATE TABLE "MINT"."ATTACHMENT" 
   (	"FILE_NO" NUMBER, 
	"MEMBER_NO" NUMBER, 
	"BOARD_TYPE" NUMBER, 
	"BOARD_NO" NUMBER, 
	"FILE_NAME" VARCHAR2(80 BYTE), 
	"FILE_PATH" VARCHAR2(150 BYTE)
   ) SEGMENT CREATION IMMEDIATE 
  PCTFREE 10 PCTUSED 40 INITRANS 1 MAXTRANS 255 NOCOMPRESS LOGGING
  STORAGE(INITIAL 65536 NEXT 1048576 MINEXTENTS 1 MAXEXTENTS 2147483645
  PCTINCREASE 0 FREELISTS 1 FREELIST GROUPS 1 BUFFER_POOL DEFAULT FLASH_CACHE DEFAULT CELL_FLASH_CACHE DEFAULT)
  TABLESPACE "SYSTEM" ;

   COMMENT ON COLUMN "MINT"."ATTACHMENT"."BOARD_TYPE" IS '게시판 어디인지구분(1.공모전,2.개발지식게시판,3.프로젝트 모집게시판4. 회사게시판, 5. 프로젝트 지원자 관리)';
   COMMENT ON COLUMN "MINT"."ATTACHMENT"."BOARD_NO" IS '해당게시판의 게시물 번호';
--------------------------------------------------------
--  DDL for Table CERTIFICATION
--------------------------------------------------------

  CREATE TABLE "MINT"."CERTIFICATION" 
   (	"CER_NO" NUMBER, 
	"MEMBER_NO" NUMBER, 
	"FILEPATH" VARCHAR2(200 BYTE), 
	"APPROVE" CHAR(1 BYTE)
   ) SEGMENT CREATION IMMEDIATE 
  PCTFREE 10 PCTUSED 40 INITRANS 1 MAXTRANS 255 NOCOMPRESS LOGGING
  STORAGE(INITIAL 65536 NEXT 1048576 MINEXTENTS 1 MAXEXTENTS 2147483645
  PCTINCREASE 0 FREELISTS 1 FREELIST GROUPS 1 BUFFER_POOL DEFAULT FLASH_CACHE DEFAULT CELL_FLASH_CACHE DEFAULT)
  TABLESPACE "SYSTEM" ;
--------------------------------------------------------
--  DDL for Table COMMENTS
--------------------------------------------------------

  CREATE TABLE "MINT"."COMMENTS" 
   (	"COMMENT_NO" NUMBER, 
	"MEMBER_ID" VARCHAR2(20 BYTE), 
	"COMMENT_CONTENT" VARCHAR2(200 BYTE), 
	"REG_DATE" VARCHAR2(20 BYTE), 
	"BOARD_NO" NUMBER, 
	"BOARD_TYPE" NUMBER, 
	"COMMENT_TYPE" NUMBER, 
	"COMMENT_REF" NUMBER
   ) SEGMENT CREATION IMMEDIATE 
  PCTFREE 10 PCTUSED 40 INITRANS 1 MAXTRANS 255 NOCOMPRESS LOGGING
  STORAGE(INITIAL 65536 NEXT 1048576 MINEXTENTS 1 MAXEXTENTS 2147483645
  PCTINCREASE 0 FREELISTS 1 FREELIST GROUPS 1 BUFFER_POOL DEFAULT FLASH_CACHE DEFAULT CELL_FLASH_CACHE DEFAULT)
  TABLESPACE "SYSTEM" ;
--------------------------------------------------------
--  DDL for Table COMPANY
--------------------------------------------------------

  CREATE TABLE "MINT"."COMPANY" 
   (	"COMPANY_NO" NUMBER, 
	"COMPANY_NAME" VARCHAR2(100 BYTE), 
	"OPEN_DATE" VARCHAR2(20 BYTE), 
	"EMPLOYEE" NUMBER, 
	"CATEGORY" VARCHAR2(200 BYTE), 
	"CEO" VARCHAR2(20 BYTE), 
	"ADDRESS" VARCHAR2(100 BYTE), 
	"CONTENT" VARCHAR2(4000 BYTE), 
	"BUSINESS_NO" NUMBER, 
	"FILEPATH" VARCHAR2(500 BYTE)
   ) SEGMENT CREATION IMMEDIATE 
  PCTFREE 10 PCTUSED 40 INITRANS 1 MAXTRANS 255 NOCOMPRESS LOGGING
  STORAGE(INITIAL 65536 NEXT 1048576 MINEXTENTS 1 MAXEXTENTS 2147483645
  PCTINCREASE 0 FREELISTS 1 FREELIST GROUPS 1 BUFFER_POOL DEFAULT FLASH_CACHE DEFAULT CELL_FLASH_CACHE DEFAULT)
  TABLESPACE "SYSTEM" ;
--------------------------------------------------------
--  DDL for Table CONTEST
--------------------------------------------------------

  CREATE TABLE "MINT"."CONTEST" 
   (	"CONTEST_NO" NUMBER, 
	"CONTEST_HOST" VARCHAR2(100 BYTE), 
	"MEMBER_ID" VARCHAR2(20 BYTE), 
	"CONTEST_TYPE" NUMBER, 
	"CONTEST_QUALIFY" VARCHAR2(100 BYTE), 
	"CONTEST_DATE" CHAR(10 BYTE), 
	"CONTEST_DEADLINE" CHAR(10 BYTE), 
	"CONTEST_PRIZE" NUMBER, 
	"PHONE" CHAR(13 BYTE), 
	"EMAIL" VARCHAR2(100 BYTE), 
	"CONTEST_TITLE" VARCHAR2(200 BYTE), 
	"CONTEST_CONTENT" VARCHAR2(3000 BYTE), 
	"CONTEST_IMG" VARCHAR2(500 BYTE), 
	"CONTEST_STATUS" NUMBER DEFAULT 1, 
	"CONTEST_COUNT" NUMBER DEFAULT 0
   ) SEGMENT CREATION IMMEDIATE 
  PCTFREE 10 PCTUSED 40 INITRANS 1 MAXTRANS 255 NOCOMPRESS LOGGING
  STORAGE(INITIAL 65536 NEXT 1048576 MINEXTENTS 1 MAXEXTENTS 2147483645
  PCTINCREASE 0 FREELISTS 1 FREELIST GROUPS 1 BUFFER_POOL DEFAULT FLASH_CACHE DEFAULT CELL_FLASH_CACHE DEFAULT)
  TABLESPACE "SYSTEM" ;
--------------------------------------------------------
--  DDL for Table CONTEST_MEMBER
--------------------------------------------------------

  CREATE TABLE "MINT"."CONTEST_MEMBER" 
   (	"CM_NO" NUMBER, 
	"CONTEST_NO" NUMBER, 
	"MEMBER_ID" VARCHAR2(20 BYTE), 
	"CM_GIT" VARCHAR2(100 BYTE), 
	"CM_STATUS" NUMBER DEFAULT 1
   ) SEGMENT CREATION IMMEDIATE 
  PCTFREE 10 PCTUSED 40 INITRANS 1 MAXTRANS 255 NOCOMPRESS LOGGING
  STORAGE(INITIAL 65536 NEXT 1048576 MINEXTENTS 1 MAXEXTENTS 2147483645
  PCTINCREASE 0 FREELISTS 1 FREELIST GROUPS 1 BUFFER_POOL DEFAULT FLASH_CACHE DEFAULT CELL_FLASH_CACHE DEFAULT)
  TABLESPACE "SYSTEM" ;
--------------------------------------------------------
--  DDL for Table DELETE_MEMBER
--------------------------------------------------------

  CREATE TABLE "MINT"."DELETE_MEMBER" 
   (	"DM_NO" NUMBER, 
	"DM_ID" VARCHAR2(20 BYTE), 
	"DM_DATE" CHAR(10 BYTE)
   ) SEGMENT CREATION IMMEDIATE 
  PCTFREE 10 PCTUSED 40 INITRANS 1 MAXTRANS 255 NOCOMPRESS LOGGING
  STORAGE(INITIAL 65536 NEXT 1048576 MINEXTENTS 1 MAXEXTENTS 2147483645
  PCTINCREASE 0 FREELISTS 1 FREELIST GROUPS 1 BUFFER_POOL DEFAULT FLASH_CACHE DEFAULT CELL_FLASH_CACHE DEFAULT)
  TABLESPACE "SYSTEM" ;
--------------------------------------------------------
--  DDL for Table DEVELOP_LANGUAGE
--------------------------------------------------------

  CREATE TABLE "MINT"."DEVELOP_LANGUAGE" 
   (	"LANGUAGE_NO" NUMBER, 
	"LANGUAGE_NAME" VARCHAR2(20 BYTE), 
	"LANGUAGE_IMG" VARCHAR2(300 BYTE)
   ) SEGMENT CREATION IMMEDIATE 
  PCTFREE 10 PCTUSED 40 INITRANS 1 MAXTRANS 255 NOCOMPRESS LOGGING
  STORAGE(INITIAL 65536 NEXT 1048576 MINEXTENTS 1 MAXEXTENTS 2147483645
  PCTINCREASE 0 FREELISTS 1 FREELIST GROUPS 1 BUFFER_POOL DEFAULT FLASH_CACHE DEFAULT CELL_FLASH_CACHE DEFAULT)
  TABLESPACE "SYSTEM" ;

   COMMENT ON COLUMN "MINT"."DEVELOP_LANGUAGE"."LANGUAGE_NO" IS 'lan_seq';
   COMMENT ON COLUMN "MINT"."DEVELOP_LANGUAGE"."LANGUAGE_IMG" IS '언어 아이콘 이미지';
--------------------------------------------------------
--  DDL for Table FAQ
--------------------------------------------------------

  CREATE TABLE "MINT"."FAQ" 
   (	"FAQ_NO" NUMBER, 
	"FAQ_Q" VARCHAR2(200 BYTE), 
	"FAQ_A" VARCHAR2(2000 BYTE), 
	"CATEGORY" NUMBER
   ) SEGMENT CREATION IMMEDIATE 
  PCTFREE 10 PCTUSED 40 INITRANS 1 MAXTRANS 255 NOCOMPRESS LOGGING
  STORAGE(INITIAL 65536 NEXT 1048576 MINEXTENTS 1 MAXEXTENTS 2147483645
  PCTINCREASE 0 FREELISTS 1 FREELIST GROUPS 1 BUFFER_POOL DEFAULT FLASH_CACHE DEFAULT CELL_FLASH_CACHE DEFAULT)
  TABLESPACE "SYSTEM" ;
--------------------------------------------------------
--  DDL for Table GOSU
--------------------------------------------------------

  CREATE TABLE "MINT"."GOSU" 
   (	"GGOSU_NO" NUMBER, 
	"GOSU_NO" NUMBER, 
	"GOSU_TITLE" VARCHAR2(300 BYTE), 
	"GOSU_SELF" VARCHAR2(300 BYTE), 
	"GOSU_EXPLAIN" CLOB, 
	"GOSU_ACT" CLOB, 
	"GOSU_COST" NUMBER, 
	"GOSU_DATE" CHAR(10 BYTE)
   ) SEGMENT CREATION IMMEDIATE 
  PCTFREE 10 PCTUSED 40 INITRANS 1 MAXTRANS 255 NOCOMPRESS LOGGING
  STORAGE(INITIAL 65536 NEXT 1048576 MINEXTENTS 1 MAXEXTENTS 2147483645
  PCTINCREASE 0 FREELISTS 1 FREELIST GROUPS 1 BUFFER_POOL DEFAULT FLASH_CACHE DEFAULT CELL_FLASH_CACHE DEFAULT)
  TABLESPACE "SYSTEM" 
 LOB ("GOSU_EXPLAIN") STORE AS BASICFILE (
  TABLESPACE "SYSTEM" ENABLE STORAGE IN ROW CHUNK 8192 RETENTION 
  NOCACHE LOGGING 
  STORAGE(INITIAL 65536 NEXT 1048576 MINEXTENTS 1 MAXEXTENTS 2147483645
  PCTINCREASE 0 FREELISTS 1 FREELIST GROUPS 1 BUFFER_POOL DEFAULT FLASH_CACHE DEFAULT CELL_FLASH_CACHE DEFAULT)) 
 LOB ("GOSU_ACT") STORE AS BASICFILE (
  TABLESPACE "SYSTEM" ENABLE STORAGE IN ROW CHUNK 8192 RETENTION 
  NOCACHE LOGGING 
  STORAGE(INITIAL 65536 NEXT 1048576 MINEXTENTS 1 MAXEXTENTS 2147483645
  PCTINCREASE 0 FREELISTS 1 FREELIST GROUPS 1 BUFFER_POOL DEFAULT FLASH_CACHE DEFAULT CELL_FLASH_CACHE DEFAULT)) ;
--------------------------------------------------------
--  DDL for Table GOSU_FEEDBACK
--------------------------------------------------------

  CREATE TABLE "MINT"."GOSU_FEEDBACK" 
   (	"FEEDBACK_NO" NUMBER, 
	"GGOSU_NO" NUMBER, 
	"FEEDBACK_CONTENT" VARCHAR2(3999 BYTE), 
	"FEEDBACK_TITLE" VARCHAR2(300 BYTE), 
	"FEEDBACK_DATE" CHAR(10 BYTE), 
	"FEEDBACK_NUM" NUMBER, 
	"MEMBER_ID" VARCHAR2(20 BYTE)
   ) SEGMENT CREATION IMMEDIATE 
  PCTFREE 10 PCTUSED 40 INITRANS 1 MAXTRANS 255 NOCOMPRESS LOGGING
  STORAGE(INITIAL 65536 NEXT 1048576 MINEXTENTS 1 MAXEXTENTS 2147483645
  PCTINCREASE 0 FREELISTS 1 FREELIST GROUPS 1 BUFFER_POOL DEFAULT FLASH_CACHE DEFAULT CELL_FLASH_CACHE DEFAULT)
  TABLESPACE "SYSTEM" ;
--------------------------------------------------------
--  DDL for Table GOSU_NOTICE
--------------------------------------------------------

  CREATE TABLE "MINT"."GOSU_NOTICE" 
   (	"GNOTICE_NO" NUMBER, 
	"MEMBER_ID" VARCHAR2(20 BYTE), 
	"GNOTICE_TITLE" VARCHAR2(300 BYTE), 
	"GNOTICE_CONTENT" CLOB, 
	"GNOTICE_PHOTO" VARCHAR2(300 BYTE), 
	"GNOTICE_DATE" CHAR(10 BYTE)
   ) SEGMENT CREATION IMMEDIATE 
  PCTFREE 10 PCTUSED 40 INITRANS 1 MAXTRANS 255 NOCOMPRESS LOGGING
  STORAGE(INITIAL 65536 NEXT 1048576 MINEXTENTS 1 MAXEXTENTS 2147483645
  PCTINCREASE 0 FREELISTS 1 FREELIST GROUPS 1 BUFFER_POOL DEFAULT FLASH_CACHE DEFAULT CELL_FLASH_CACHE DEFAULT)
  TABLESPACE "SYSTEM" 
 LOB ("GNOTICE_CONTENT") STORE AS BASICFILE (
  TABLESPACE "SYSTEM" ENABLE STORAGE IN ROW CHUNK 8192 RETENTION 
  NOCACHE LOGGING 
  STORAGE(INITIAL 65536 NEXT 1048576 MINEXTENTS 1 MAXEXTENTS 2147483645
  PCTINCREASE 0 FREELISTS 1 FREELIST GROUPS 1 BUFFER_POOL DEFAULT FLASH_CACHE DEFAULT CELL_FLASH_CACHE DEFAULT)) ;
--------------------------------------------------------
--  DDL for Table GOSU_PHOTO
--------------------------------------------------------

  CREATE TABLE "MINT"."GOSU_PHOTO" 
   (	"FILE_NO" NUMBER, 
	"GGOSU_NO" NUMBER, 
	"FILEPATH" VARCHAR2(300 BYTE)
   ) SEGMENT CREATION IMMEDIATE 
  PCTFREE 10 PCTUSED 40 INITRANS 1 MAXTRANS 255 NOCOMPRESS LOGGING
  STORAGE(INITIAL 65536 NEXT 1048576 MINEXTENTS 1 MAXEXTENTS 2147483645
  PCTINCREASE 0 FREELISTS 1 FREELIST GROUPS 1 BUFFER_POOL DEFAULT FLASH_CACHE DEFAULT CELL_FLASH_CACHE DEFAULT)
  TABLESPACE "SYSTEM" ;
--------------------------------------------------------
--  DDL for Table GOSU_PROJECT
--------------------------------------------------------

  CREATE TABLE "MINT"."GOSU_PROJECT" 
   (	"GPROJECT_NO" NUMBER, 
	"GGOSU_NO" NUMBER, 
	"GPROJECT_TITLE" VARCHAR2(2000 BYTE), 
	"GPROJECT_CONTENT" VARCHAR2(3000 BYTE), 
	"FILEPATH" VARCHAR2(300 BYTE)
   ) SEGMENT CREATION IMMEDIATE 
  PCTFREE 10 PCTUSED 40 INITRANS 1 MAXTRANS 255 NOCOMPRESS LOGGING
  STORAGE(INITIAL 65536 NEXT 1048576 MINEXTENTS 1 MAXEXTENTS 2147483645
  PCTINCREASE 0 FREELISTS 1 FREELIST GROUPS 1 BUFFER_POOL DEFAULT FLASH_CACHE DEFAULT CELL_FLASH_CACHE DEFAULT)
  TABLESPACE "SYSTEM" ;
--------------------------------------------------------
--  DDL for Table GOSU_REQUEST
--------------------------------------------------------

  CREATE TABLE "MINT"."GOSU_REQUEST" 
   (	"REQUEST_NO" NUMBER, 
	"REQUEST_WRITER_NO" NUMBER, 
	"REQUEST_CONTENT1" VARCHAR2(3000 BYTE), 
	"REQUEST_CONTENT2" VARCHAR2(3000 BYTE), 
	"REQUEST_CONTENT3" VARCHAR2(3000 BYTE), 
	"REQUEST_CONTENT4" VARCHAR2(3000 BYTE), 
	"REQUEST_CONTENT5" VARCHAR2(3000 BYTE), 
	"REQUEST_CONTENT6" VARCHAR2(3000 BYTE), 
	"REQUEST_CONTENT7" VARCHAR2(3000 BYTE), 
	"REQUEST_DATE" CHAR(10 BYTE)
   ) SEGMENT CREATION IMMEDIATE 
  PCTFREE 10 PCTUSED 40 INITRANS 1 MAXTRANS 255 NOCOMPRESS LOGGING
  STORAGE(INITIAL 65536 NEXT 1048576 MINEXTENTS 1 MAXEXTENTS 2147483645
  PCTINCREASE 0 FREELISTS 1 FREELIST GROUPS 1 BUFFER_POOL DEFAULT FLASH_CACHE DEFAULT CELL_FLASH_CACHE DEFAULT)
  TABLESPACE "SYSTEM" ;
--------------------------------------------------------
--  DDL for Table GOSU_REQUEST_COST
--------------------------------------------------------

  CREATE TABLE "MINT"."GOSU_REQUEST_COST" 
   (	"COST_NO" NUMBER, 
	"GOSU_NO" NUMBER, 
	"REQUEST_NO" NUMBER, 
	"COST_CONTENT" VARCHAR2(3000 BYTE), 
	"COST" VARCHAR2(3000 BYTE), 
	"COST_DATE" CHAR(10 BYTE), 
	"MEMBER_ID" VARCHAR2(20 BYTE)
   ) SEGMENT CREATION IMMEDIATE 
  PCTFREE 10 PCTUSED 40 INITRANS 1 MAXTRANS 255 NOCOMPRESS LOGGING
  STORAGE(INITIAL 65536 NEXT 1048576 MINEXTENTS 1 MAXEXTENTS 2147483645
  PCTINCREASE 0 FREELISTS 1 FREELIST GROUPS 1 BUFFER_POOL DEFAULT FLASH_CACHE DEFAULT CELL_FLASH_CACHE DEFAULT)
  TABLESPACE "SYSTEM" ;
--------------------------------------------------------
--  DDL for Table GOSU_REQUEST_PROJECT
--------------------------------------------------------

  CREATE TABLE "MINT"."GOSU_REQUEST_PROJECT" 
   (	"REQUEST_PROJECT_NO" NUMBER, 
	"MEMBER_NO" NUMBER, 
	"REQUEST_PROJECT_CONTENT" CLOB, 
	"REQUEST_PROJECT_DATE" CHAR(10 BYTE), 
	"FILEPATH" VARCHAR2(300 BYTE), 
	"FILENAME" VARCHAR2(300 BYTE), 
	"REQUEST_PROJECT_SUB_NO" NUMBER
   ) SEGMENT CREATION IMMEDIATE 
  PCTFREE 10 PCTUSED 40 INITRANS 1 MAXTRANS 255 NOCOMPRESS LOGGING
  STORAGE(INITIAL 65536 NEXT 1048576 MINEXTENTS 1 MAXEXTENTS 2147483645
  PCTINCREASE 0 FREELISTS 1 FREELIST GROUPS 1 BUFFER_POOL DEFAULT FLASH_CACHE DEFAULT CELL_FLASH_CACHE DEFAULT)
  TABLESPACE "SYSTEM" 
 LOB ("REQUEST_PROJECT_CONTENT") STORE AS BASICFILE (
  TABLESPACE "SYSTEM" ENABLE STORAGE IN ROW CHUNK 8192 RETENTION 
  NOCACHE LOGGING 
  STORAGE(INITIAL 65536 NEXT 1048576 MINEXTENTS 1 MAXEXTENTS 2147483645
  PCTINCREASE 0 FREELISTS 1 FREELIST GROUPS 1 BUFFER_POOL DEFAULT FLASH_CACHE DEFAULT CELL_FLASH_CACHE DEFAULT)) ;
--------------------------------------------------------
--  DDL for Table GOSU_REQUEST_PROJECT_SUB
--------------------------------------------------------

  CREATE TABLE "MINT"."GOSU_REQUEST_PROJECT_SUB" 
   (	"REQUEST_PROJECT_SUB_NO" NUMBER, 
	"REQUEST_NO" NUMBER, 
	"COST_NO" NUMBER, 
	"REQUEST_PROJECT_SUB_NUM" NUMBER, 
	"REQUEST_PROJECT_SUB_DATE" CHAR(10 BYTE)
   ) SEGMENT CREATION IMMEDIATE 
  PCTFREE 10 PCTUSED 40 INITRANS 1 MAXTRANS 255 NOCOMPRESS LOGGING
  STORAGE(INITIAL 65536 NEXT 1048576 MINEXTENTS 1 MAXEXTENTS 2147483645
  PCTINCREASE 0 FREELISTS 1 FREELIST GROUPS 1 BUFFER_POOL DEFAULT FLASH_CACHE DEFAULT CELL_FLASH_CACHE DEFAULT)
  TABLESPACE "SYSTEM" ;
--------------------------------------------------------
--  DDL for Table GOSU_REQUEST_REVIEW
--------------------------------------------------------

  CREATE TABLE "MINT"."GOSU_REQUEST_REVIEW" 
   (	"REQUEST_REVIEW_NO" NUMBER, 
	"REQUEST_PROJECT_SUB_NO" NUMBER, 
	"REQUEST_MEMBER_ID" VARCHAR2(20 BYTE), 
	"REQUEST_REVIEW_CONTENT" VARCHAR2(3999 BYTE), 
	"REQUEST_REVIEW_DATE" CHAR(10 BYTE)
   ) SEGMENT CREATION IMMEDIATE 
  PCTFREE 10 PCTUSED 40 INITRANS 1 MAXTRANS 255 NOCOMPRESS LOGGING
  STORAGE(INITIAL 65536 NEXT 1048576 MINEXTENTS 1 MAXEXTENTS 2147483645
  PCTINCREASE 0 FREELISTS 1 FREELIST GROUPS 1 BUFFER_POOL DEFAULT FLASH_CACHE DEFAULT CELL_FLASH_CACHE DEFAULT)
  TABLESPACE "SYSTEM" ;
--------------------------------------------------------
--  DDL for Table GOSU_REVIEW
--------------------------------------------------------

  CREATE TABLE "MINT"."GOSU_REVIEW" 
   (	"REVIEW_NO" NUMBER, 
	"GGOSU_NO" NUMBER, 
	"WRITER" VARCHAR2(20 BYTE), 
	"REVIEW_CONTENT" VARCHAR2(500 BYTE), 
	"REVIEW_NUM" NUMBER, 
	"REVIEW_DATE" CHAR(10 BYTE)
   ) SEGMENT CREATION IMMEDIATE 
  PCTFREE 10 PCTUSED 40 INITRANS 1 MAXTRANS 255 NOCOMPRESS LOGGING
  STORAGE(INITIAL 65536 NEXT 1048576 MINEXTENTS 1 MAXEXTENTS 2147483645
  PCTINCREASE 0 FREELISTS 1 FREELIST GROUPS 1 BUFFER_POOL DEFAULT FLASH_CACHE DEFAULT CELL_FLASH_CACHE DEFAULT)
  TABLESPACE "SYSTEM" ;
--------------------------------------------------------
--  DDL for Table GOSU_TALK
--------------------------------------------------------

  CREATE TABLE "MINT"."GOSU_TALK" 
   (	"TALK_NO" NUMBER, 
	"FEEDBACK_NO" NUMBER, 
	"WRITER" VARCHAR2(20 BYTE), 
	"TALK_CONTENT" CLOB, 
	"TALK_DATE" CHAR(10 BYTE), 
	"FILEPATH" VARCHAR2(300 BYTE), 
	"FILENAME" VARCHAR2(300 BYTE)
   ) SEGMENT CREATION IMMEDIATE 
  PCTFREE 10 PCTUSED 40 INITRANS 1 MAXTRANS 255 NOCOMPRESS LOGGING
  STORAGE(INITIAL 65536 NEXT 1048576 MINEXTENTS 1 MAXEXTENTS 2147483645
  PCTINCREASE 0 FREELISTS 1 FREELIST GROUPS 1 BUFFER_POOL DEFAULT FLASH_CACHE DEFAULT CELL_FLASH_CACHE DEFAULT)
  TABLESPACE "SYSTEM" 
 LOB ("TALK_CONTENT") STORE AS BASICFILE (
  TABLESPACE "SYSTEM" ENABLE STORAGE IN ROW CHUNK 8192 RETENTION 
  NOCACHE LOGGING 
  STORAGE(INITIAL 65536 NEXT 1048576 MINEXTENTS 1 MAXEXTENTS 2147483645
  PCTINCREASE 0 FREELISTS 1 FREELIST GROUPS 1 BUFFER_POOL DEFAULT FLASH_CACHE DEFAULT CELL_FLASH_CACHE DEFAULT)) ;
--------------------------------------------------------
--  DDL for Table LIKES
--------------------------------------------------------

  CREATE TABLE "MINT"."LIKES" 
   (	"LIKE_NO" NUMBER, 
	"BOARD_NO" NUMBER, 
	"MEMBER_NO" NUMBER
   ) SEGMENT CREATION IMMEDIATE 
  PCTFREE 10 PCTUSED 40 INITRANS 1 MAXTRANS 255 NOCOMPRESS LOGGING
  STORAGE(INITIAL 65536 NEXT 1048576 MINEXTENTS 1 MAXEXTENTS 2147483645
  PCTINCREASE 0 FREELISTS 1 FREELIST GROUPS 1 BUFFER_POOL DEFAULT FLASH_CACHE DEFAULT CELL_FLASH_CACHE DEFAULT)
  TABLESPACE "SYSTEM" ;
--------------------------------------------------------
--  DDL for Table MEMBER
--------------------------------------------------------

  CREATE TABLE "MINT"."MEMBER" 
   (	"MEMBER_NO" NUMBER, 
	"MEMBER_NAME" VARCHAR2(20 BYTE), 
	"PHONE" CHAR(13 BYTE), 
	"MEMBER_ID" VARCHAR2(20 BYTE), 
	"MEMBER_PW" CHAR(64 BYTE), 
	"EMAIL" VARCHAR2(100 BYTE), 
	"MEMBER_TYPE" NUMBER, 
	"ENROLL_DATE" CHAR(10 BYTE), 
	"FILEPATH" VARCHAR2(100 BYTE), 
	"MEMBER_GRADE" NUMBER, 
	"COM_NO" NUMBER, 
	"KAKAO" NUMBER
   ) SEGMENT CREATION IMMEDIATE 
  PCTFREE 10 PCTUSED 40 INITRANS 1 MAXTRANS 255 NOCOMPRESS LOGGING
  STORAGE(INITIAL 65536 NEXT 1048576 MINEXTENTS 1 MAXEXTENTS 2147483645
  PCTINCREASE 0 FREELISTS 1 FREELIST GROUPS 1 BUFFER_POOL DEFAULT FLASH_CACHE DEFAULT CELL_FLASH_CACHE DEFAULT)
  TABLESPACE "SYSTEM" ;
--------------------------------------------------------
--  DDL for Table NON_MEMBER_QNA
--------------------------------------------------------

  CREATE TABLE "MINT"."NON_MEMBER_QNA" 
   (	"non_qna_no" NUMBER, 
	"category" NUMBER, 
	"email" VARCHAR2(100 BYTE), 
	"qna_pw" VARCHAR2(40 BYTE), 
	"qna_title" VARCHAR2(300 BYTE), 
	"qna_content" VARCHAR2(3000 BYTE), 
	"reg_date" CHAR(10 BYTE), 
	"qna_answer" VARCHAR2(3000 BYTE) DEFAULT null, 
	"answer_date" VARCHAR2(19 BYTE) DEFAULT null
   ) SEGMENT CREATION IMMEDIATE 
  PCTFREE 10 PCTUSED 40 INITRANS 1 MAXTRANS 255 NOCOMPRESS LOGGING
  STORAGE(INITIAL 65536 NEXT 1048576 MINEXTENTS 1 MAXEXTENTS 2147483645
  PCTINCREASE 0 FREELISTS 1 FREELIST GROUPS 1 BUFFER_POOL DEFAULT FLASH_CACHE DEFAULT CELL_FLASH_CACHE DEFAULT)
  TABLESPACE "SYSTEM" ;

   COMMENT ON COLUMN "MINT"."NON_MEMBER_QNA"."non_qna_no" IS '글번호';
   COMMENT ON COLUMN "MINT"."NON_MEMBER_QNA"."email" IS '비회원 이메일';
   COMMENT ON COLUMN "MINT"."NON_MEMBER_QNA"."qna_pw" IS '자기고유의 비밀번호';
   COMMENT ON COLUMN "MINT"."NON_MEMBER_QNA"."qna_title" IS '글제목';
   COMMENT ON COLUMN "MINT"."NON_MEMBER_QNA"."qna_content" IS '글내용';
   COMMENT ON COLUMN "MINT"."NON_MEMBER_QNA"."reg_date" IS '작성일';
   COMMENT ON COLUMN "MINT"."NON_MEMBER_QNA"."qna_answer" IS '답변이되면 상태변경';
   COMMENT ON COLUMN "MINT"."NON_MEMBER_QNA"."answer_date" IS '답변이 되면 상태 변경';
--------------------------------------------------------
--  DDL for Table NOTICE
--------------------------------------------------------

  CREATE TABLE "MINT"."NOTICE" 
   (	"notice_no" NUMBER, 
	"notice_title" VARCHAR2(300 BYTE), 
	"notice_content" LONG, 
	"reg_date" CHAR(10 BYTE) DEFAULT sysdate, 
	"filename" VARCHAR2(100 BYTE), 
	"filepath" VARCHAR2(100 BYTE), 
	"pin" NUMBER DEFAULT 1, 
	"notice_writer" VARCHAR2(20 BYTE), 
	"READ_COUNT" NUMBER DEFAULT 0
   ) SEGMENT CREATION IMMEDIATE 
  PCTFREE 10 PCTUSED 40 INITRANS 1 MAXTRANS 255 NOCOMPRESS LOGGING
  STORAGE(INITIAL 65536 NEXT 1048576 MINEXTENTS 1 MAXEXTENTS 2147483645
  PCTINCREASE 0 FREELISTS 1 FREELIST GROUPS 1 BUFFER_POOL DEFAULT FLASH_CACHE DEFAULT CELL_FLASH_CACHE DEFAULT)
  TABLESPACE "SYSTEM" ;

   COMMENT ON COLUMN "MINT"."NOTICE"."notice_no" IS '공지사항글번호';
   COMMENT ON COLUMN "MINT"."NOTICE"."notice_title" IS '글제목';
   COMMENT ON COLUMN "MINT"."NOTICE"."notice_content" IS '글내용';
   COMMENT ON COLUMN "MINT"."NOTICE"."reg_date" IS '작성일';
   COMMENT ON COLUMN "MINT"."NOTICE"."filename" IS '파일';
   COMMENT ON COLUMN "MINT"."NOTICE"."filepath" IS '파일';
   COMMENT ON COLUMN "MINT"."NOTICE"."pin" IS '비고정1, 고정2';
   COMMENT ON COLUMN "MINT"."NOTICE"."notice_writer" IS 'admin만';
--------------------------------------------------------
--  DDL for Table POST
--------------------------------------------------------

  CREATE TABLE "MINT"."POST" 
   (	"DM_NO" NUMBER, 
	"SENDER" VARCHAR2(30 BYTE), 
	"RECEIVER" VARCHAR2(30 BYTE), 
	"DM_CONTENT" VARCHAR2(3000 BYTE), 
	"DM_TIME" VARCHAR2(30 BYTE), 
	"READ_STATUS" CHAR(1 BYTE)
   ) SEGMENT CREATION IMMEDIATE 
  PCTFREE 10 PCTUSED 40 INITRANS 1 MAXTRANS 255 NOCOMPRESS LOGGING
  STORAGE(INITIAL 65536 NEXT 1048576 MINEXTENTS 1 MAXEXTENTS 2147483645
  PCTINCREASE 0 FREELISTS 1 FREELIST GROUPS 1 BUFFER_POOL DEFAULT FLASH_CACHE DEFAULT CELL_FLASH_CACHE DEFAULT)
  TABLESPACE "SYSTEM" ;
--------------------------------------------------------
--  DDL for Table PROJECT
--------------------------------------------------------

  CREATE TABLE "MINT"."PROJECT" 
   (	"PROJECT_NO" NUMBER, 
	"MEMBER_NO" NUMBER, 
	"RECRUIT_START_DATE" CHAR(10 BYTE) DEFAULT sysdate, 
	"RECRUIT_END_DATE" CHAR(10 BYTE), 
	"VIEW_COUNT" NUMBER DEFAULT 0, 
	"RECRUIT_TITLE" VARCHAR2(100 BYTE), 
	"RECRUIT_CONTENT" LONG, 
	"PROJECT_NAME" VARCHAR2(70 BYTE), 
	"PROJECT_GOAL" VARCHAR2(800 BYTE), 
	"PROJECT_READER" VARCHAR2(20 BYTE), 
	"PROJECT_STATUS" NUMBER DEFAULT 1, 
	"PROJECT_START_DATE" CHAR(10 BYTE), 
	"PROJECT_END_DATE" CHAR(10 BYTE)
   ) SEGMENT CREATION IMMEDIATE 
  PCTFREE 10 PCTUSED 40 INITRANS 1 MAXTRANS 255 NOCOMPRESS LOGGING
  STORAGE(INITIAL 65536 NEXT 1048576 MINEXTENTS 1 MAXEXTENTS 2147483645
  PCTINCREASE 0 FREELISTS 1 FREELIST GROUPS 1 BUFFER_POOL DEFAULT FLASH_CACHE DEFAULT CELL_FLASH_CACHE DEFAULT)
  TABLESPACE "SYSTEM" ;

   COMMENT ON COLUMN "MINT"."PROJECT"."PROJECT_NO" IS 'project_seq';
   COMMENT ON COLUMN "MINT"."PROJECT"."RECRUIT_CONTENT" IS '모집공고 내용';
   COMMENT ON COLUMN "MINT"."PROJECT"."PROJECT_STATUS" IS '1-모집 중 / 2- 프로젝트 진행 중 / 3 - 프로젝트 종료';
--------------------------------------------------------
--  DDL for Table PROJECT_DIBS
--------------------------------------------------------

  CREATE TABLE "MINT"."PROJECT_DIBS" 
   (	"PROJECT_DIB_NO" NUMBER, 
	"PROJECT_NO" NUMBER, 
	"MEMBER_NO" NUMBER
   ) SEGMENT CREATION IMMEDIATE 
  PCTFREE 10 PCTUSED 40 INITRANS 1 MAXTRANS 255 NOCOMPRESS LOGGING
  STORAGE(INITIAL 65536 NEXT 1048576 MINEXTENTS 1 MAXEXTENTS 2147483645
  PCTINCREASE 0 FREELISTS 1 FREELIST GROUPS 1 BUFFER_POOL DEFAULT FLASH_CACHE DEFAULT CELL_FLASH_CACHE DEFAULT)
  TABLESPACE "SYSTEM" ;
--------------------------------------------------------
--  DDL for Table PROJECT_ENTRY
--------------------------------------------------------

  CREATE TABLE "MINT"."PROJECT_ENTRY" 
   (	"ENTRY_NO" NUMBER, 
	"MEMBER_NO" NUMBER, 
	"PROJECT_NO" NUMBER, 
	"AMBITION" VARCHAR2(80 BYTE), 
	"APPLY_CONTENT" LONG, 
	"APPLY_DATE" CHAR(10 BYTE) DEFAULT sysdate, 
	"ENTRY_STATUS" NUMBER DEFAULT 1
   ) SEGMENT CREATION IMMEDIATE 
  PCTFREE 10 PCTUSED 40 INITRANS 1 MAXTRANS 255 NOCOMPRESS LOGGING
  STORAGE(INITIAL 65536 NEXT 1048576 MINEXTENTS 1 MAXEXTENTS 2147483645
  PCTINCREASE 0 FREELISTS 1 FREELIST GROUPS 1 BUFFER_POOL DEFAULT FLASH_CACHE DEFAULT CELL_FLASH_CACHE DEFAULT)
  TABLESPACE "SYSTEM" ;

   COMMENT ON COLUMN "MINT"."PROJECT_ENTRY"."ENTRY_NO" IS 'entry_seq';
--------------------------------------------------------
--  DDL for Table PROJECT_REVIEW
--------------------------------------------------------

  CREATE TABLE "MINT"."PROJECT_REVIEW" 
   (	"REVIEW_NO" NUMBER, 
	"TEAM_MEMBER_NO" NUMBER, 
	"PROJECT_NO" NUMBER, 
	"REVIEW_POINT" NUMBER, 
	"REVIEW_CONTENT" VARCHAR2(1000 BYTE), 
	"REVIEW_WRITER" NUMBER, 
	"ENROLL_DATE" CHAR(10 BYTE)
   ) SEGMENT CREATION IMMEDIATE 
  PCTFREE 10 PCTUSED 40 INITRANS 1 MAXTRANS 255 NOCOMPRESS LOGGING
  STORAGE(INITIAL 65536 NEXT 1048576 MINEXTENTS 1 MAXEXTENTS 2147483645
  PCTINCREASE 0 FREELISTS 1 FREELIST GROUPS 1 BUFFER_POOL DEFAULT FLASH_CACHE DEFAULT CELL_FLASH_CACHE DEFAULT)
  TABLESPACE "SYSTEM" ;
--------------------------------------------------------
--  DDL for Table PROJECT_TEAM_MEMBER
--------------------------------------------------------

  CREATE TABLE "MINT"."PROJECT_TEAM_MEMBER" 
   (	"TEAM_MEMBER_NO" NUMBER, 
	"PROJECT_NO" NUMBER, 
	"MEMBER_NO" NUMBER, 
	"MEMBER_ROLE" VARCHAR2(150 BYTE)
   ) SEGMENT CREATION IMMEDIATE 
  PCTFREE 10 PCTUSED 40 INITRANS 1 MAXTRANS 255 NOCOMPRESS LOGGING
  STORAGE(INITIAL 65536 NEXT 1048576 MINEXTENTS 1 MAXEXTENTS 2147483645
  PCTINCREASE 0 FREELISTS 1 FREELIST GROUPS 1 BUFFER_POOL DEFAULT FLASH_CACHE DEFAULT CELL_FLASH_CACHE DEFAULT)
  TABLESPACE "SYSTEM" ;

   COMMENT ON COLUMN "MINT"."PROJECT_TEAM_MEMBER"."TEAM_MEMBER_NO" IS 'tm_seq';
--------------------------------------------------------
--  DDL for Table QNA
--------------------------------------------------------

  CREATE TABLE "MINT"."QNA" 
   (	"qna_no" NUMBER, 
	"member_id" VARCHAR2(20 BYTE), 
	"category" NUMBER, 
	"qna_title" VARCHAR2(300 BYTE), 
	"qna_content" VARCHAR2(3000 BYTE), 
	"reg_date" CHAR(10 BYTE), 
	"filename" VARCHAR2(100 BYTE), 
	"filepath" VARCHAR2(100 BYTE), 
	"qna_answer" VARCHAR2(3000 BYTE) DEFAULT null, 
	"answer_date" VARCHAR2(19 BYTE) DEFAULT null
   ) SEGMENT CREATION IMMEDIATE 
  PCTFREE 10 PCTUSED 40 INITRANS 1 MAXTRANS 255 NOCOMPRESS LOGGING
  STORAGE(INITIAL 65536 NEXT 1048576 MINEXTENTS 1 MAXEXTENTS 2147483645
  PCTINCREASE 0 FREELISTS 1 FREELIST GROUPS 1 BUFFER_POOL DEFAULT FLASH_CACHE DEFAULT CELL_FLASH_CACHE DEFAULT)
  TABLESPACE "SYSTEM" ;

   COMMENT ON COLUMN "MINT"."QNA"."qna_no" IS '글번호';
   COMMENT ON COLUMN "MINT"."QNA"."member_id" IS '회원 아이디';
   COMMENT ON COLUMN "MINT"."QNA"."qna_title" IS '글제목';
   COMMENT ON COLUMN "MINT"."QNA"."qna_content" IS '글내용';
   COMMENT ON COLUMN "MINT"."QNA"."reg_date" IS '작성일';
   COMMENT ON COLUMN "MINT"."QNA"."filename" IS '파일';
   COMMENT ON COLUMN "MINT"."QNA"."filepath" IS '파일';
   COMMENT ON COLUMN "MINT"."QNA"."qna_answer" IS '답변이 되면 상태변경';
   COMMENT ON COLUMN "MINT"."QNA"."answer_date" IS '답변이 되면 상태 변경';
--------------------------------------------------------
--  DDL for Table REFERENCE_LINK
--------------------------------------------------------

  CREATE TABLE "MINT"."REFERENCE_LINK" 
   (	"LINK_NO" NUMBER, 
	"TASK_NO" VARCHAR2(20 BYTE), 
	"LINK_ADDR" VARCHAR2(100 BYTE), 
	"LINK_NAME" VARCHAR2(50 BYTE)
   ) SEGMENT CREATION IMMEDIATE 
  PCTFREE 10 PCTUSED 40 INITRANS 1 MAXTRANS 255 NOCOMPRESS LOGGING
  STORAGE(INITIAL 65536 NEXT 1048576 MINEXTENTS 1 MAXEXTENTS 2147483645
  PCTINCREASE 0 FREELISTS 1 FREELIST GROUPS 1 BUFFER_POOL DEFAULT FLASH_CACHE DEFAULT CELL_FLASH_CACHE DEFAULT)
  TABLESPACE "SYSTEM" ;

   COMMENT ON COLUMN "MINT"."REFERENCE_LINK"."LINK_NO" IS '링크번호(link_seq)';
   COMMENT ON COLUMN "MINT"."REFERENCE_LINK"."TASK_NO" IS '회의-m00 /  테스크-t00 / 버그-b00';
   COMMENT ON COLUMN "MINT"."REFERENCE_LINK"."LINK_ADDR" IS '사이트 주소';
--------------------------------------------------------
--  DDL for Table REPORT
--------------------------------------------------------

  CREATE TABLE "MINT"."REPORT" 
   (	"REPORT_NO" NUMBER, 
	"REPORTER_ID" VARCHAR2(20 BYTE), 
	"REPORT_REASON" NUMBER, 
	"REPORT_ETC" VARCHAR2(200 BYTE), 
	"COMMENT_NO" NUMBER, 
	"COMMENT_ID" VARCHAR2(20 BYTE), 
	"REPORT_DATE" CHAR(10 BYTE), 
	"REPORT_STATUS" NUMBER DEFAULT 1, 
	"COMMENT_CONTENT" VARCHAR2(200 BYTE), 
	"ENROLL_DATE" VARCHAR2(20 BYTE)
   ) SEGMENT CREATION IMMEDIATE 
  PCTFREE 10 PCTUSED 40 INITRANS 1 MAXTRANS 255 NOCOMPRESS LOGGING
  STORAGE(INITIAL 65536 NEXT 1048576 MINEXTENTS 1 MAXEXTENTS 2147483645
  PCTINCREASE 0 FREELISTS 1 FREELIST GROUPS 1 BUFFER_POOL DEFAULT FLASH_CACHE DEFAULT CELL_FLASH_CACHE DEFAULT)
  TABLESPACE "SYSTEM" ;
--------------------------------------------------------
--  DDL for Table RESUME
--------------------------------------------------------

  CREATE TABLE "MINT"."RESUME" 
   (	"RESUME_NO" NUMBER, 
	"MEMBER_NO" NUMBER, 
	"RESUME_TITLE" VARCHAR2(300 BYTE), 
	"ADUCATION" NUMBER, 
	"SCHOOL_NAME" VARCHAR2(50 BYTE), 
	"SCHOOL_LOCAL" VARCHAR2(50 BYTE), 
	"SCHOOL_START" CHAR(7 BYTE), 
	"SCHOOL_END" CHAR(7 BYTE), 
	"MAJOR" VARCHAR2(100 BYTE), 
	"CAREER" NUMBER, 
	"ACTIVITY" NUMBER, 
	"ACTIVITY_PLACE" VARCHAR2(50 BYTE), 
	"ACTIVITY_START" CHAR(7 BYTE), 
	"ACTIVITY_END" CHAR(7 BYTE), 
	"ACTIVITY_CONTENT" VARCHAR2(300 BYTE), 
	"CERTI_NAME" VARCHAR2(100 BYTE), 
	"CERTI_ISSUE" VARCHAR2(50 BYTE), 
	"CERTI_PASS" NUMBER, 
	"CERTI_DATE" CHAR(7 BYTE), 
	"MY_TECH" VARCHAR2(500 BYTE), 
	"VETERANS" NUMBER, 
	"MILITARY" NUMBER, 
	"SELFINTRO_NAME" VARCHAR2(100 BYTE), 
	"SELFINTRO_CONTENT" VARCHAR2(3000 BYTE), 
	"WORK_FORM" NUMBER, 
	"MONEY" NUMBER, 
	"WORK_PLACE" VARCHAR2(100 BYTE), 
	"WRITE_DATE" CHAR(10 BYTE), 
	"CEO_RESUME" NUMBER
   ) SEGMENT CREATION IMMEDIATE 
  PCTFREE 10 PCTUSED 40 INITRANS 1 MAXTRANS 255 NOCOMPRESS LOGGING
  STORAGE(INITIAL 65536 NEXT 1048576 MINEXTENTS 1 MAXEXTENTS 2147483645
  PCTINCREASE 0 FREELISTS 1 FREELIST GROUPS 1 BUFFER_POOL DEFAULT FLASH_CACHE DEFAULT CELL_FLASH_CACHE DEFAULT)
  TABLESPACE "SYSTEM" ;
--------------------------------------------------------
--  DDL for Table SHARE_BOARD
--------------------------------------------------------

  CREATE TABLE "MINT"."SHARE_BOARD" 
   (	"BOARD_NO" NUMBER, 
	"MEMBER_NO" NUMBER, 
	"BOARD_TITLE" VARCHAR2(100 BYTE), 
	"BOARD_CONTENT" LONG, 
	"BOARD_TYPE" NUMBER, 
	"REG_DATE" VARCHAR2(20 BYTE), 
	"FILENAME" VARCHAR2(100 BYTE), 
	"FILEPATH" VARCHAR2(100 BYTE), 
	"READ_COUNT" NUMBER
   ) SEGMENT CREATION IMMEDIATE 
  PCTFREE 10 PCTUSED 40 INITRANS 1 MAXTRANS 255 NOCOMPRESS LOGGING
  STORAGE(INITIAL 65536 NEXT 1048576 MINEXTENTS 1 MAXEXTENTS 2147483645
  PCTINCREASE 0 FREELISTS 1 FREELIST GROUPS 1 BUFFER_POOL DEFAULT FLASH_CACHE DEFAULT CELL_FLASH_CACHE DEFAULT)
  TABLESPACE "SYSTEM" ;
--------------------------------------------------------
--  DDL for Table SHORTCUTS
--------------------------------------------------------

  CREATE TABLE "MINT"."SHORTCUTS" 
   (	"SHORTCUT_NO" NUMBER, 
	"PROJECT_NO" NUMBER, 
	"S_LINK_ADDR" VARCHAR2(100 BYTE), 
	"S_LINK_NAME" VARCHAR2(50 BYTE)
   ) SEGMENT CREATION IMMEDIATE 
  PCTFREE 10 PCTUSED 40 INITRANS 1 MAXTRANS 255 NOCOMPRESS LOGGING
  STORAGE(INITIAL 65536 NEXT 1048576 MINEXTENTS 1 MAXEXTENTS 2147483645
  PCTINCREASE 0 FREELISTS 1 FREELIST GROUPS 1 BUFFER_POOL DEFAULT FLASH_CACHE DEFAULT CELL_FLASH_CACHE DEFAULT)
  TABLESPACE "SYSTEM" ;

   COMMENT ON COLUMN "MINT"."SHORTCUTS"."SHORTCUT_NO" IS 'shortcut_seq';
--------------------------------------------------------
--  DDL for Table TASK
--------------------------------------------------------

  CREATE TABLE "MINT"."TASK" 
   (	"TASK_NO" VARCHAR2(20 BYTE), 
	"PROJECT_NO" NUMBER, 
	"TEAM_MEMBER_NO" NUMBER, 
	"TASK_SORT" NUMBER, 
	"TASK_TITLE" VARCHAR2(60 BYTE), 
	"TASK_CONTENT" LONG, 
	"PRIORITY" NUMBER DEFAULT 2, 
	"CONNECT_ISSUE" VARCHAR2(20 BYTE), 
	"START_DATE" CHAR(10 BYTE), 
	"COMPLETE_DATE" CHAR(10 BYTE), 
	"PROCESS_SORT" NUMBER DEFAULT 1
   ) SEGMENT CREATION IMMEDIATE 
  PCTFREE 10 PCTUSED 40 INITRANS 1 MAXTRANS 255 NOCOMPRESS LOGGING
  STORAGE(INITIAL 65536 NEXT 1048576 MINEXTENTS 1 MAXEXTENTS 2147483645
  PCTINCREASE 0 FREELISTS 1 FREELIST GROUPS 1 BUFFER_POOL DEFAULT FLASH_CACHE DEFAULT CELL_FLASH_CACHE DEFAULT)
  TABLESPACE "SYSTEM" ;

   COMMENT ON COLUMN "MINT"."TASK"."TASK_NO" IS '회의-M0 /  테스크-T0 / 버그-B0';
   COMMENT ON COLUMN "MINT"."TASK"."PROJECT_NO" IS 'project_seq';
   COMMENT ON COLUMN "MINT"."TASK"."TEAM_MEMBER_NO" IS 'tm_seq';
   COMMENT ON COLUMN "MINT"."TASK"."TASK_SORT" IS 'meeting  / task  / bug';
   COMMENT ON COLUMN "MINT"."TASK"."PRIORITY" IS '1-low / 2-medium / 3-high /4-urgency';
   COMMENT ON COLUMN "MINT"."TASK"."CONNECT_ISSUE" IS '과업연결';
   COMMENT ON COLUMN "MINT"."TASK"."PROCESS_SORT" IS '1-해야 할일 / 2- 진행 중 / 3-완료 / 4-보류';
--------------------------------------------------------
--  DDL for Table TASK_SHORTCUTS
--------------------------------------------------------

  CREATE TABLE "MINT"."TASK_SHORTCUTS" 
   (	"TASK_SHORTCUT_NO" NUMBER, 
	"PROJECT_NO" NUMBER, 
	"TASK_NO" VARCHAR2(20 BYTE), 
	"TS_LINK_ADDR" VARCHAR2(100 BYTE), 
	"TS_LINK_NAME" VARCHAR2(50 BYTE)
   ) SEGMENT CREATION IMMEDIATE 
  PCTFREE 10 PCTUSED 40 INITRANS 1 MAXTRANS 255 NOCOMPRESS LOGGING
  STORAGE(INITIAL 65536 NEXT 1048576 MINEXTENTS 1 MAXEXTENTS 2147483645
  PCTINCREASE 0 FREELISTS 1 FREELIST GROUPS 1 BUFFER_POOL DEFAULT FLASH_CACHE DEFAULT CELL_FLASH_CACHE DEFAULT)
  TABLESPACE "SYSTEM" ;
--------------------------------------------------------
--  DDL for Table USE_DEVELOP_LANGUAGE
--------------------------------------------------------

  CREATE TABLE "MINT"."USE_DEVELOP_LANGUAGE" 
   (	"USE_LANG_NO" NUMBER, 
	"MEMBER_NO" NUMBER, 
	"LANGUAGE_NO" NUMBER, 
	"PROJECT_NO" NUMBER, 
	"USECASE" NUMBER
   ) SEGMENT CREATION IMMEDIATE 
  PCTFREE 10 PCTUSED 40 INITRANS 1 MAXTRANS 255 NOCOMPRESS LOGGING
  STORAGE(INITIAL 65536 NEXT 1048576 MINEXTENTS 1 MAXEXTENTS 2147483645
  PCTINCREASE 0 FREELISTS 1 FREELIST GROUPS 1 BUFFER_POOL DEFAULT FLASH_CACHE DEFAULT CELL_FLASH_CACHE DEFAULT)
  TABLESPACE "SYSTEM" ;
--------------------------------------------------------
--  DDL for Table USE_PROJECT_LANGUAGE
--------------------------------------------------------

  CREATE TABLE "MINT"."USE_PROJECT_LANGUAGE" 
   (	"USE_PROJECT_LANG_NO" NUMBER, 
	"PROJECT_NO" NUMBER, 
	"LANGUAGE_NO" NUMBER
   ) SEGMENT CREATION IMMEDIATE 
  PCTFREE 10 PCTUSED 40 INITRANS 1 MAXTRANS 255 NOCOMPRESS LOGGING
  STORAGE(INITIAL 65536 NEXT 1048576 MINEXTENTS 1 MAXEXTENTS 2147483645
  PCTINCREASE 0 FREELISTS 1 FREELIST GROUPS 1 BUFFER_POOL DEFAULT FLASH_CACHE DEFAULT CELL_FLASH_CACHE DEFAULT)
  TABLESPACE "SYSTEM" ;
--------------------------------------------------------
--  DDL for Sequence ANNOUNCE_SEQ
--------------------------------------------------------

   CREATE SEQUENCE  "MINT"."ANNOUNCE_SEQ"  MINVALUE 1 MAXVALUE 9999999999999999999999999999 INCREMENT BY 1 START WITH 121 CACHE 20 NOORDER  NOCYCLE ;
--------------------------------------------------------
--  DDL for Sequence APP_SEQ
--------------------------------------------------------

   CREATE SEQUENCE  "MINT"."APP_SEQ"  MINVALUE 1 MAXVALUE 9999999999999999999999999999 INCREMENT BY 1 START WITH 101 CACHE 20 NOORDER  NOCYCLE ;
--------------------------------------------------------
--  DDL for Sequence ATM_SEQ
--------------------------------------------------------

   CREATE SEQUENCE  "MINT"."ATM_SEQ"  MINVALUE 1 MAXVALUE 9999999999999999999999999999 INCREMENT BY 1 START WITH 101 CACHE 20 NOORDER  NOCYCLE ;
--------------------------------------------------------
--  DDL for Sequence CALENDAR_SEQ
--------------------------------------------------------

   CREATE SEQUENCE  "MINT"."CALENDAR_SEQ"  MINVALUE 1 MAXVALUE 9999999999999999999999999999 INCREMENT BY 1 START WITH 1 CACHE 20 NOORDER  NOCYCLE ;
--------------------------------------------------------
--  DDL for Sequence CER_NO
--------------------------------------------------------

   CREATE SEQUENCE  "MINT"."CER_NO"  MINVALUE 1 MAXVALUE 9999999999999999999999999999 INCREMENT BY 1 START WITH 1 CACHE 20 NOORDER  NOCYCLE ;
--------------------------------------------------------
--  DDL for Sequence CER_SEQ
--------------------------------------------------------

   CREATE SEQUENCE  "MINT"."CER_SEQ"  MINVALUE 1 MAXVALUE 9999999999999999999999999999 INCREMENT BY 1 START WITH 81 CACHE 20 NOORDER  NOCYCLE ;
--------------------------------------------------------
--  DDL for Sequence CM_SEQ
--------------------------------------------------------

   CREATE SEQUENCE  "MINT"."CM_SEQ"  MINVALUE 1 MAXVALUE 9999999999999999999999999999 INCREMENT BY 1 START WITH 221 CACHE 20 NOORDER  NOCYCLE ;
--------------------------------------------------------
--  DDL for Sequence COMMENTS_SEQ
--------------------------------------------------------

   CREATE SEQUENCE  "MINT"."COMMENTS_SEQ"  MINVALUE 1 MAXVALUE 9999999999999999999999999999 INCREMENT BY 1 START WITH 461 CACHE 20 NOORDER  NOCYCLE ;
--------------------------------------------------------
--  DDL for Sequence COMPANY_SEQ
--------------------------------------------------------

   CREATE SEQUENCE  "MINT"."COMPANY_SEQ"  MINVALUE 1 MAXVALUE 9999999999999999999999999999 INCREMENT BY 1 START WITH 101 CACHE 20 NOORDER  NOCYCLE ;
--------------------------------------------------------
--  DDL for Sequence CONTEST_SEQ
--------------------------------------------------------

   CREATE SEQUENCE  "MINT"."CONTEST_SEQ"  MINVALUE 1 MAXVALUE 9999999999999999999999999999 INCREMENT BY 1 START WITH 221 CACHE 20 NOORDER  NOCYCLE ;
--------------------------------------------------------
--  DDL for Sequence DM
--------------------------------------------------------

   CREATE SEQUENCE  "MINT"."DM"  MINVALUE 1 MAXVALUE 9999999999999999999999999999 INCREMENT BY 1 START WITH 1 CACHE 20 NOORDER  NOCYCLE ;
--------------------------------------------------------
--  DDL for Sequence DM_SEQ
--------------------------------------------------------

   CREATE SEQUENCE  "MINT"."DM_SEQ"  MINVALUE 1 MAXVALUE 9999999999999999999999999999 INCREMENT BY 1 START WITH 181 CACHE 20 NOORDER  NOCYCLE ;
--------------------------------------------------------
--  DDL for Sequence ENTRY_SEQ
--------------------------------------------------------

   CREATE SEQUENCE  "MINT"."ENTRY_SEQ"  MINVALUE 1 MAXVALUE 9999999999999999999999999999 INCREMENT BY 1 START WITH 121 CACHE 20 NOORDER  NOCYCLE ;
--------------------------------------------------------
--  DDL for Sequence FAQ_SEQ
--------------------------------------------------------

   CREATE SEQUENCE  "MINT"."FAQ_SEQ"  MINVALUE 1 MAXVALUE 9999999999999999999999999999 INCREMENT BY 1 START WITH 1 CACHE 20 NOORDER  NOCYCLE ;
--------------------------------------------------------
--  DDL for Sequence GOSU_FB_SEQ
--------------------------------------------------------

   CREATE SEQUENCE  "MINT"."GOSU_FB_SEQ"  MINVALUE 1 MAXVALUE 9999999999999999999999999999 INCREMENT BY 1 START WITH 101 CACHE 20 NOORDER  NOCYCLE ;
--------------------------------------------------------
--  DDL for Sequence GOSU_GPH
--------------------------------------------------------

   CREATE SEQUENCE  "MINT"."GOSU_GPH"  MINVALUE 1 MAXVALUE 9999999999999999999999999999 INCREMENT BY 1 START WITH 361 CACHE 20 NOORDER  NOCYCLE ;
--------------------------------------------------------
--  DDL for Sequence GOSU_GPR
--------------------------------------------------------

   CREATE SEQUENCE  "MINT"."GOSU_GPR"  MINVALUE 1 MAXVALUE 9999999999999999999999999999 INCREMENT BY 1 START WITH 161 CACHE 20 NOORDER  NOCYCLE ;
--------------------------------------------------------
--  DDL for Sequence GOSU_N_SEQ
--------------------------------------------------------

   CREATE SEQUENCE  "MINT"."GOSU_N_SEQ"  MINVALUE 1 MAXVALUE 9999999999999999999999999999 INCREMENT BY 1 START WITH 101 CACHE 20 NOORDER  NOCYCLE ;
--------------------------------------------------------
--  DDL for Sequence GOSU_P_SEQ
--------------------------------------------------------

   CREATE SEQUENCE  "MINT"."GOSU_P_SEQ"  MINVALUE 1 MAXVALUE 9999999999999999999999999999 INCREMENT BY 1 START WITH 1 CACHE 20 NOORDER  NOCYCLE ;
--------------------------------------------------------
--  DDL for Sequence GOSU_REQUEST_COST_SEQ
--------------------------------------------------------

   CREATE SEQUENCE  "MINT"."GOSU_REQUEST_COST_SEQ"  MINVALUE 1 MAXVALUE 9999999999999999999999999999 INCREMENT BY 1 START WITH 141 CACHE 20 NOORDER  NOCYCLE ;
--------------------------------------------------------
--  DDL for Sequence GOSU_REQUEST_PROJECT_SEQ
--------------------------------------------------------

   CREATE SEQUENCE  "MINT"."GOSU_REQUEST_PROJECT_SEQ"  MINVALUE 1 MAXVALUE 9999999999999999999999999999 INCREMENT BY 1 START WITH 121 CACHE 20 NOORDER  NOCYCLE ;
--------------------------------------------------------
--  DDL for Sequence GOSU_REQUEST_SEQ
--------------------------------------------------------

   CREATE SEQUENCE  "MINT"."GOSU_REQUEST_SEQ"  MINVALUE 1 MAXVALUE 9999999999999999999999999999 INCREMENT BY 1 START WITH 161 CACHE 20 NOORDER  NOCYCLE ;
--------------------------------------------------------
--  DDL for Sequence GOSU_R_SEQ
--------------------------------------------------------

   CREATE SEQUENCE  "MINT"."GOSU_R_SEQ"  MINVALUE 1 MAXVALUE 9999999999999999999999999999 INCREMENT BY 1 START WITH 81 CACHE 20 NOORDER  NOCYCLE ;
--------------------------------------------------------
--  DDL for Sequence GOSU_SEQ
--------------------------------------------------------

   CREATE SEQUENCE  "MINT"."GOSU_SEQ"  MINVALUE 1 MAXVALUE 9999999999999999999999999999 INCREMENT BY 1 START WITH 141 CACHE 20 NOORDER  NOCYCLE ;
--------------------------------------------------------
--  DDL for Sequence GOSU_T_SEQ
--------------------------------------------------------

   CREATE SEQUENCE  "MINT"."GOSU_T_SEQ"  MINVALUE 1 MAXVALUE 9999999999999999999999999999 INCREMENT BY 1 START WITH 201 CACHE 20 NOORDER  NOCYCLE ;
--------------------------------------------------------
--  DDL for Sequence G_REQUEST_PROJECT_SUB_SEQ
--------------------------------------------------------

   CREATE SEQUENCE  "MINT"."G_REQUEST_PROJECT_SUB_SEQ"  MINVALUE 1 MAXVALUE 9999999999999999999999999999 INCREMENT BY 1 START WITH 61 CACHE 20 NOORDER  NOCYCLE ;
--------------------------------------------------------
--  DDL for Sequence G_REQUEST_REVIEW_SEQ
--------------------------------------------------------

   CREATE SEQUENCE  "MINT"."G_REQUEST_REVIEW_SEQ"  MINVALUE 1 MAXVALUE 9999999999999999999999999999 INCREMENT BY 1 START WITH 101 CACHE 20 NOORDER  NOCYCLE ;
--------------------------------------------------------
--  DDL for Sequence LAN_SEQ
--------------------------------------------------------

   CREATE SEQUENCE  "MINT"."LAN_SEQ"  MINVALUE 1 MAXVALUE 9999999999999999999999999999 INCREMENT BY 1 START WITH 41 CACHE 20 NOORDER  NOCYCLE ;
--------------------------------------------------------
--  DDL for Sequence LIKES_SEQ
--------------------------------------------------------

   CREATE SEQUENCE  "MINT"."LIKES_SEQ"  MINVALUE 1 MAXVALUE 9999999999999999999999999999 INCREMENT BY 1 START WITH 121 CACHE 20 NOORDER  NOCYCLE ;
--------------------------------------------------------
--  DDL for Sequence LINK_SEQ
--------------------------------------------------------

   CREATE SEQUENCE  "MINT"."LINK_SEQ"  MINVALUE 1 MAXVALUE 9999999999999999999999999999 INCREMENT BY 1 START WITH 1 CACHE 20 NOORDER  NOCYCLE ;
--------------------------------------------------------
--  DDL for Sequence MEMBER_SEQ
--------------------------------------------------------

   CREATE SEQUENCE  "MINT"."MEMBER_SEQ"  MINVALUE 1 MAXVALUE 9999999999999999999999999999 INCREMENT BY 1 START WITH 261 CACHE 20 NOORDER  NOCYCLE ;
--------------------------------------------------------
--  DDL for Sequence NON_QNA_SEQ
--------------------------------------------------------

   CREATE SEQUENCE  "MINT"."NON_QNA_SEQ"  MINVALUE 1 MAXVALUE 9999999999999999999999999999 INCREMENT BY 1 START WITH 121 CACHE 20 NOORDER  NOCYCLE ;
--------------------------------------------------------
--  DDL for Sequence NOTICE_SEQ
--------------------------------------------------------

   CREATE SEQUENCE  "MINT"."NOTICE_SEQ"  MINVALUE 1 MAXVALUE 9999999999999999999999999999 INCREMENT BY 1 START WITH 241 CACHE 20 NOORDER  NOCYCLE ;
--------------------------------------------------------
--  DDL for Sequence PDIB_SEQ
--------------------------------------------------------

   CREATE SEQUENCE  "MINT"."PDIB_SEQ"  MINVALUE 1 MAXVALUE 9999999999999999999999999999 INCREMENT BY 1 START WITH 121 CACHE 20 NOORDER  NOCYCLE ;
--------------------------------------------------------
--  DDL for Sequence POST_SEQ
--------------------------------------------------------

   CREATE SEQUENCE  "MINT"."POST_SEQ"  MINVALUE 1 MAXVALUE 9999999999999999999999999999 INCREMENT BY 1 START WITH 1 CACHE 20 NOORDER  NOCYCLE ;
--------------------------------------------------------
--  DDL for Sequence PROJECT_SEQ
--------------------------------------------------------

   CREATE SEQUENCE  "MINT"."PROJECT_SEQ"  MINVALUE 1 MAXVALUE 9999999999999999999999999999 INCREMENT BY 1 START WITH 181 CACHE 20 NOORDER  NOCYCLE ;
--------------------------------------------------------
--  DDL for Sequence QNA_SEQ
--------------------------------------------------------

   CREATE SEQUENCE  "MINT"."QNA_SEQ"  MINVALUE 1 MAXVALUE 9999999999999999999999999999 INCREMENT BY 1 START WITH 101 CACHE 20 NOORDER  NOCYCLE ;
--------------------------------------------------------
--  DDL for Sequence REPORT_SEQ
--------------------------------------------------------

   CREATE SEQUENCE  "MINT"."REPORT_SEQ"  MINVALUE 1 MAXVALUE 9999999999999999999999999999 INCREMENT BY 1 START WITH 281 CACHE 20 NOORDER  NOCYCLE ;
--------------------------------------------------------
--  DDL for Sequence RESUME_SEQ
--------------------------------------------------------

   CREATE SEQUENCE  "MINT"."RESUME_SEQ"  MINVALUE 1 MAXVALUE 9999999999999999999999999999 INCREMENT BY 1 START WITH 141 CACHE 20 NOORDER  NOCYCLE ;
--------------------------------------------------------
--  DDL for Sequence REVIEW_SEQ
--------------------------------------------------------

   CREATE SEQUENCE  "MINT"."REVIEW_SEQ"  MINVALUE 1 MAXVALUE 9999999999999999999999999999 INCREMENT BY 1 START WITH 61 CACHE 20 NOORDER  NOCYCLE ;
--------------------------------------------------------
--  DDL for Sequence SCHEDULE_SEQ
--------------------------------------------------------

   CREATE SEQUENCE  "MINT"."SCHEDULE_SEQ"  MINVALUE 1 MAXVALUE 9999999999999999999999999999 INCREMENT BY 1 START WITH 1 CACHE 20 NOORDER  NOCYCLE ;
--------------------------------------------------------
--  DDL for Sequence SHARE_SEQ
--------------------------------------------------------

   CREATE SEQUENCE  "MINT"."SHARE_SEQ"  MINVALUE 1 MAXVALUE 9999999999999999999999999999 INCREMENT BY 1 START WITH 81 CACHE 20 NOORDER  NOCYCLE ;
--------------------------------------------------------
--  DDL for Sequence SHORTCUT_SEQ
--------------------------------------------------------

   CREATE SEQUENCE  "MINT"."SHORTCUT_SEQ"  MINVALUE 1 MAXVALUE 9999999999999999999999999999 INCREMENT BY 1 START WITH 81 CACHE 20 NOORDER  NOCYCLE ;
--------------------------------------------------------
--  DDL for Sequence TASK_SEQ
--------------------------------------------------------

   CREATE SEQUENCE  "MINT"."TASK_SEQ"  MINVALUE 1 MAXVALUE 9999999999999999999999999999 INCREMENT BY 1 START WITH 61 CACHE 20 NOORDER  NOCYCLE ;
--------------------------------------------------------
--  DDL for Sequence TM_SEQ
--------------------------------------------------------

   CREATE SEQUENCE  "MINT"."TM_SEQ"  MINVALUE 1 MAXVALUE 9999999999999999999999999999 INCREMENT BY 1 START WITH 121 CACHE 20 NOORDER  NOCYCLE ;
--------------------------------------------------------
--  DDL for Sequence TS_SHORTCUT_SEQ
--------------------------------------------------------

   CREATE SEQUENCE  "MINT"."TS_SHORTCUT_SEQ"  MINVALUE 1 MAXVALUE 9999999999999999999999999999 INCREMENT BY 1 START WITH 61 CACHE 20 NOORDER  NOCYCLE ;
--------------------------------------------------------
--  DDL for Sequence ULANG_SEQ
--------------------------------------------------------

   CREATE SEQUENCE  "MINT"."ULANG_SEQ"  MINVALUE 1 MAXVALUE 9999999999999999999999999999 INCREMENT BY 1 START WITH 221 CACHE 20 NOORDER  NOCYCLE ;
--------------------------------------------------------
--  DDL for Sequence UP_LANG_SEQ
--------------------------------------------------------

   CREATE SEQUENCE  "MINT"."UP_LANG_SEQ"  MINVALUE 1 MAXVALUE 9999999999999999999999999999 INCREMENT BY 1 START WITH 301 CACHE 20 NOORDER  NOCYCLE ;
REM INSERTING into MINT.ANNOUNCEMENT
SET DEFINE OFF;
Insert into MINT.ANNOUNCEMENT (ANNOUNCE_NO,MEMBER_NO,COMPANY_NAME,CATEGORY,FIELDS,SCHOOL,WORK_FORM,ANNOUNCE_TITLE,ANNOUNCE_CONTENT,SKILLS,MONEY,WORK_PLACE,END_DATE,VETERANS,MILITARY,WRITE_DATE,CAREER) values (84,183,'(주)비젼아이티','3','2','5','2','비젼아이티 부문별(R&D/경영지원) 신입/경력 모집','프로그램 개발자 초급/중급 (WEB Java)	연구개발팀(부설연구소) 3명

담당업무
ㆍ그룹웨어 솔루션 개발(사내프로젝트), SI(사외 프로젝트)

지원자격
ㆍ경력 : 신입/경력 2년 이상

우대사항
ㆍ해당직무 근무경험
','#Ajax, #JAVA','27500000','5','2022-01-31','1','2','2021-12-25','3');
Insert into MINT.ANNOUNCEMENT (ANNOUNCE_NO,MEMBER_NO,COMPANY_NAME,CATEGORY,FIELDS,SCHOOL,WORK_FORM,ANNOUNCE_TITLE,ANNOUNCE_CONTENT,SKILLS,MONEY,WORK_PLACE,END_DATE,VETERANS,MILITARY,WRITE_DATE,CAREER) values (45,121,'회사회사1','1','1','3','1','2021 하반기 경영지원실 신입/경력 채용 공고','하이하이 아무나 오세용','java, oracle','18000000','3','2021-12-31','1','2','2021-12-05','1');
Insert into MINT.ANNOUNCEMENT (ANNOUNCE_NO,MEMBER_NO,COMPANY_NAME,CATEGORY,FIELDS,SCHOOL,WORK_FORM,ANNOUNCE_TITLE,ANNOUNCE_CONTENT,SKILLS,MONEY,WORK_PLACE,END_DATE,VETERANS,MILITARY,WRITE_DATE,CAREER) values (47,29,'(주)슬기회사','1','1','4','1','슬기회사 아무나 오세요 신입 대환영 ㅎㅇㅎㅇ','gdgd','java, oracle','140000','12','2021-12-29','1','1','2021-12-15','1');
Insert into MINT.ANNOUNCEMENT (ANNOUNCE_NO,MEMBER_NO,COMPANY_NAME,CATEGORY,FIELDS,SCHOOL,WORK_FORM,ANNOUNCE_TITLE,ANNOUNCE_CONTENT,SKILLS,MONEY,WORK_PLACE,END_DATE,VETERANS,MILITARY,WRITE_DATE,CAREER) values (82,181,'대신통신기술','1','1,4','5','1','(국가정보자원관리원) 정보시스템 운영 및 유지관리자 모집','공통 자격요건
ㆍ학력 : 대졸 이상 (2,3년)
ㆍ나이/성별 : 무관
정보시스템 서버 운영(Unix Linux 가상화)	광주 00명


담당업무
ㆍ국가정보자원관리원 입주 기관 정보시스템 운영 및 클라우드 운영
지원자격
ㆍ경력 : 무관 (신입도 지원 가능)



미들웨어(JEUS Weblogic) DBA 엔지니어	 0명
지원자격
ㆍ경력 : 경력 6년 이상


정보시스템 서버 운영(Unix Linux AIX 가상화	광주 00명
담당업무
ㆍ국가정보자원관리원 입주 기관 정보시스템 운영 및 유지관리보수
지원자격
ㆍ경력 : 신입/경력 6년 이상','#Unix #Linux #AIX #SE ','28000000','2','2021-12-31','1','2','2021-12-25','3');
Insert into MINT.ANNOUNCEMENT (ANNOUNCE_NO,MEMBER_NO,COMPANY_NAME,CATEGORY,FIELDS,SCHOOL,WORK_FORM,ANNOUNCE_TITLE,ANNOUNCE_CONTENT,SKILLS,MONEY,WORK_PLACE,END_DATE,VETERANS,MILITARY,WRITE_DATE,CAREER) values (83,182,'(주)메디헬프라인','1','8','4','1','[메디헬프라인] Node.js 백엔드 개발자 경력직 채용','자격요건
 ㆍNode.js 개발 경험 있으신 분
 ㆍRESTful API에 대한 충분한 이해와 개발 경험이 있으신 분
 ㆍRDBMS (SQL Server)에 대한 충분한 이해와 설계 경험이 있으신 분
 ㆍGit을 이용한 버전관리에 대한 이해가 있으신 분 담당업무
 ㆍAPI 서버 개발
 ㆍ자사의 Web Application 에 필요한 API 설계 및 개발



ㆍ 근무형태 : 정규직(수습기간)-3개월 
ㆍ 근무일시 : 주 5일(월~금) 탄력근무제 
ㆍ 근무지역 : (100-012) 서울 중구 충무로2가 64-5 신일빌딩 10층 - 서울 4호선 명동 에서 100m 이내 




복리후생
ㆍ정규직 
ㆍ Flexible 근무(8:00~10:00 자율 출.퇴근제)
ㆍ 장기근속 포상금(500만원/10년, 휴가5일+100만원/7년, 100만원/5년, 30만원/3년) 
ㆍ 장기근속 수당지급(년60만원/1년이상, 년120만원/2년이상 ~ 년600만원/6년이상) 
ㆍ 자기개발비 지원(년간 120만원 지원 - 여행, 운동, 문화생활, 어학, 자격증 등) 
ㆍ 경조금 및 경조휴가(본인.형제결혼, 부모(배우자포함) 칠순.팔순 외 각종 경조금) 
ㆍ 업무 숙련도의 검토 후 재택 근무 진행 가능 
ㆍ 연말 Closing 휴가(12월말 한주간 전체휴가) 
ㆍ 연차휴가 추가 부여, 명절 선물 지급 등','#IT개발, #웹개발, #AJAX, #HTML','30000000','1','2022-01-08','1','2','2021-12-25','2');
Insert into MINT.ANNOUNCEMENT (ANNOUNCE_NO,MEMBER_NO,COMPANY_NAME,CATEGORY,FIELDS,SCHOOL,WORK_FORM,ANNOUNCE_TITLE,ANNOUNCE_CONTENT,SKILLS,MONEY,WORK_PLACE,END_DATE,VETERANS,MILITARY,WRITE_DATE,CAREER) values (85,184,'(주) 이즈세라믹','1','5','3','1','이즈세라믹 신입/경력사원 모집','★신입직원 모집공고

엔지니어/기술영업	
 0명	
응시자격 : ㆍ전기, 전자, 통신, 계측, 전산, 컴퓨터, 물리, 화학, 화공 관련 학과, 졸업자 및 졸업예정자	
근무지 : 전국(서울 및 지방사무소)


모집부문: 경영지원	
인원 : 0명	
응시자격 : ㆍ상경/법학 졸업자 및 졸업예정자
근무지 : 전국(서울 및 지방사무소)


신입 공통사항
ㆍ해외여행에 결격사유가 없는자로 병역을 필한자 또는 면제자
ㆍ국가 보훈 대상자 우대
ㆍ4년제 대학 이상 관련 전공자
ㆍ관련 자격증 소지자 우대
ㆍ영어회화 가능자(TOEIC 700이상 또는 TOEFL 550이상)

★경력직원 모집공고	

모집부문 : DCS, ESD,PLC, SCADA	
인원 : 	0명	
응시자격 : ㆍ공학 전공자, 
                ㆍDCS, ESD, SCADA 및 PLC 의 시스템엔지니어링 및 시운전(3년이상 경력자)

모집부문 : Solution
인원 : 	0명
응시자격 : ㆍ생명공학 및 화공 관련학과 전공자
                ㆍAdvanced Solution 또는 Process Engineering  Process Data
                   Analysis 및 Process Simulation 경력 또는 Petrochemical,
                   chemical industries 경력

모집부문 : OT/IT
인원 : 	0명
응시자격 : ㆍ컴퓨터공학 관련 학과 전공자
                 ㆍProgram 제작 경험자 또는 IT/OT 관련 업무 경험 보유자,
                    Programming (Java, C++, C#) Skill과 산업 자동화 고객사와
                    해당 업무 프로세스를 이해하는 자



경력 공통사항
ㆍ해외여행에 결격사유가 없는자로 병역을 필한자 또는 면제자
ㆍ국가 보훈 대상자 우대
ㆍ4년제 대학 이상 관련 전공자
ㆍ관련 자격증 소지자 우대
ㆍ영어회화 가능자 (단, Basic Chemical & Specialty Chemical  부문은 일어 가능자 우대)','#DCS, #Solution, #OT/IT','0','2','2021-12-30','1','1','2021-12-25','3');
Insert into MINT.ANNOUNCEMENT (ANNOUNCE_NO,MEMBER_NO,COMPANY_NAME,CATEGORY,FIELDS,SCHOOL,WORK_FORM,ANNOUNCE_TITLE,ANNOUNCE_CONTENT,SKILLS,MONEY,WORK_PLACE,END_DATE,VETERANS,MILITARY,WRITE_DATE,CAREER) values (86,185,'(주)신영정보기술','2','1,3','5','1','신영정보기술에서 웹 디자이너 모집','담당업무
ㆍ홈페이지, ERP 제품 등록 및 관리


지원자격
ㆍ경력 : 무관 (신입도 지원 가능)


우대사항
ㆍ컴퓨터활용능력 우수, 엑셀 고급능력자, 더존/회계 능숙자, 포토샵 능숙자
','#Excel #Photo','0','2','2022-02-15','1','2','2021-12-25','2');
REM INSERTING into MINT.APPLICATION
SET DEFINE OFF;
Insert into MINT.APPLICATION (APP_NO,ANNOUNCE_NO,RESUME_NO,MEMBER_NO,STATUS,APPLY_DATE) values (21,45,1,1,2,'2021-12-21');
Insert into MINT.APPLICATION (APP_NO,ANNOUNCE_NO,RESUME_NO,MEMBER_NO,STATUS,APPLY_DATE) values (41,45,101,5,1,'2021-12-23');
Insert into MINT.APPLICATION (APP_NO,ANNOUNCE_NO,RESUME_NO,MEMBER_NO,STATUS,APPLY_DATE) values (42,47,29,1,2,'2021-12-23');
Insert into MINT.APPLICATION (APP_NO,ANNOUNCE_NO,RESUME_NO,MEMBER_NO,STATUS,APPLY_DATE) values (24,45,2,1,1,'2021-12-21');
Insert into MINT.APPLICATION (APP_NO,ANNOUNCE_NO,RESUME_NO,MEMBER_NO,STATUS,APPLY_DATE) values (6,45,16,1,1,'2021-12-20');
Insert into MINT.APPLICATION (APP_NO,ANNOUNCE_NO,RESUME_NO,MEMBER_NO,STATUS,APPLY_DATE) values (43,47,101,5,1,'2021-12-25');
Insert into MINT.APPLICATION (APP_NO,ANNOUNCE_NO,RESUME_NO,MEMBER_NO,STATUS,APPLY_DATE) values (44,45,101,5,1,'2021-12-25');
Insert into MINT.APPLICATION (APP_NO,ANNOUNCE_NO,RESUME_NO,MEMBER_NO,STATUS,APPLY_DATE) values (27,47,1,1,1,'2021-12-21');
Insert into MINT.APPLICATION (APP_NO,ANNOUNCE_NO,RESUME_NO,MEMBER_NO,STATUS,APPLY_DATE) values (28,47,101,5,3,'2021-12-21');
Insert into MINT.APPLICATION (APP_NO,ANNOUNCE_NO,RESUME_NO,MEMBER_NO,STATUS,APPLY_DATE) values (61,85,126,206,2,'2021-12-28');
Insert into MINT.APPLICATION (APP_NO,ANNOUNCE_NO,RESUME_NO,MEMBER_NO,STATUS,APPLY_DATE) values (67,84,45,1,1,'2021-12-28');
Insert into MINT.APPLICATION (APP_NO,ANNOUNCE_NO,RESUME_NO,MEMBER_NO,STATUS,APPLY_DATE) values (68,82,45,1,2,'2021-12-28');
Insert into MINT.APPLICATION (APP_NO,ANNOUNCE_NO,RESUME_NO,MEMBER_NO,STATUS,APPLY_DATE) values (69,86,131,231,1,'2021-12-28');
Insert into MINT.APPLICATION (APP_NO,ANNOUNCE_NO,RESUME_NO,MEMBER_NO,STATUS,APPLY_DATE) values (65,86,29,1,2,'2021-12-28');
Insert into MINT.APPLICATION (APP_NO,ANNOUNCE_NO,RESUME_NO,MEMBER_NO,STATUS,APPLY_DATE) values (66,82,131,231,1,'2021-12-28');
Insert into MINT.APPLICATION (APP_NO,ANNOUNCE_NO,RESUME_NO,MEMBER_NO,STATUS,APPLY_DATE) values (70,85,101,5,1,'2021-12-28');
Insert into MINT.APPLICATION (APP_NO,ANNOUNCE_NO,RESUME_NO,MEMBER_NO,STATUS,APPLY_DATE) values (71,85,132,32,1,'2021-12-29');
Insert into MINT.APPLICATION (APP_NO,ANNOUNCE_NO,RESUME_NO,MEMBER_NO,STATUS,APPLY_DATE) values (81,85,102,1,2,'2021-12-29');
REM INSERTING into MINT.ATTACHMENT
SET DEFINE OFF;
Insert into MINT.ATTACHMENT (FILE_NO,MEMBER_NO,BOARD_TYPE,BOARD_NO,FILE_NAME,FILE_PATH) values (45,32,6,50,'main.png','main_2.png');
Insert into MINT.ATTACHMENT (FILE_NO,MEMBER_NO,BOARD_TYPE,BOARD_NO,FILE_NAME,FILE_PATH) values (61,32,6,61,'KakaoTalk_20211204_194940240.jpg','KakaoTalk_20211204_194940240_2.jpg');
Insert into MINT.ATTACHMENT (FILE_NO,MEMBER_NO,BOARD_TYPE,BOARD_NO,FILE_NAME,FILE_PATH) values (81,33,6,82,'KakaoTalk_20211204_194940240.jpg','KakaoTalk_20211204_194940240_2.jpg');
Insert into MINT.ATTACHMENT (FILE_NO,MEMBER_NO,BOARD_TYPE,BOARD_NO,FILE_NAME,FILE_PATH) values (82,32,6,84,'KakaoTalk_20211227_110011962.jpg','KakaoTalk_20211227_110011962.jpg');
Insert into MINT.ATTACHMENT (FILE_NO,MEMBER_NO,BOARD_TYPE,BOARD_NO,FILE_NAME,FILE_PATH) values (41,32,6,47,'KakaoTalk_20211204_194940240.jpg','KakaoTalk_20211204_194940240_2.jpg');
Insert into MINT.ATTACHMENT (FILE_NO,MEMBER_NO,BOARD_TYPE,BOARD_NO,FILE_NAME,FILE_PATH) values (42,32,6,48,'main.png','main.png');
Insert into MINT.ATTACHMENT (FILE_NO,MEMBER_NO,BOARD_TYPE,BOARD_NO,FILE_NAME,FILE_PATH) values (43,32,6,49,'main.png','main_1.png');
Insert into MINT.ATTACHMENT (FILE_NO,MEMBER_NO,BOARD_TYPE,BOARD_NO,FILE_NAME,FILE_PATH) values (44,32,6,50,'KakaoTalk_20211204_194940240.jpg','KakaoTalk_20211204_194940240_3.jpg');
REM INSERTING into MINT.CERTIFICATION
SET DEFINE OFF;
Insert into MINT.CERTIFICATION (CER_NO,MEMBER_NO,FILEPATH,APPROVE) values (41,110,'gg.jpg','N');
Insert into MINT.CERTIFICATION (CER_NO,MEMBER_NO,FILEPATH,APPROVE) values (42,5,'pingu.jpg','Y');
Insert into MINT.CERTIFICATION (CER_NO,MEMBER_NO,FILEPATH,APPROVE) values (3,61,'취업사진_1.jpg','N');
Insert into MINT.CERTIFICATION (CER_NO,MEMBER_NO,FILEPATH,APPROVE) values (26,64,'donggu.png','Y');
Insert into MINT.CERTIFICATION (CER_NO,MEMBER_NO,FILEPATH,APPROVE) values (61,33,'KakaoTalk_20211204_194940240.jpg','N');
Insert into MINT.CERTIFICATION (CER_NO,MEMBER_NO,FILEPATH,APPROVE) values (65,109,'pingu_1.jpg','Y');
Insert into MINT.CERTIFICATION (CER_NO,MEMBER_NO,FILEPATH,APPROVE) values (66,220,'unnamed.jpg','N');
Insert into MINT.CERTIFICATION (CER_NO,MEMBER_NO,FILEPATH,APPROVE) values (67,109,'qa.png','Y');
Insert into MINT.CERTIFICATION (CER_NO,MEMBER_NO,FILEPATH,APPROVE) values (68,206,'qa_1.png','N');
REM INSERTING into MINT.COMMENTS
SET DEFINE OFF;
Insert into MINT.COMMENTS (COMMENT_NO,MEMBER_ID,COMMENT_CONTENT,REG_DATE,BOARD_NO,BOARD_TYPE,COMMENT_TYPE,COMMENT_REF) values (156,'admin','너 신고','2021-12-16',22,1,2,105);
Insert into MINT.COMMENTS (COMMENT_NO,MEMBER_ID,COMMENT_CONTENT,REG_DATE,BOARD_NO,BOARD_TYPE,COMMENT_TYPE,COMMENT_REF) values (105,'user63','바보','2021-12-12',22,1,1,null);
Insert into MINT.COMMENTS (COMMENT_NO,MEMBER_ID,COMMENT_CONTENT,REG_DATE,BOARD_NO,BOARD_TYPE,COMMENT_TYPE,COMMENT_REF) values (123,'gosu1','우와~','2021-12-13 17:56',52,3,1,null);
Insert into MINT.COMMENTS (COMMENT_NO,MEMBER_ID,COMMENT_CONTENT,REG_DATE,BOARD_NO,BOARD_TYPE,COMMENT_TYPE,COMMENT_REF) values (124,'gosu1','우와~','2021-12-13',18,1,1,null);
Insert into MINT.COMMENTS (COMMENT_NO,MEMBER_ID,COMMENT_CONTENT,REG_DATE,BOARD_NO,BOARD_TYPE,COMMENT_TYPE,COMMENT_REF) values (131,'testda3','안녕','2021-12-15 16:06',85,3,1,null);
Insert into MINT.COMMENTS (COMMENT_NO,MEMBER_ID,COMMENT_CONTENT,REG_DATE,BOARD_NO,BOARD_TYPE,COMMENT_TYPE,COMMENT_REF) values (122,'gosu1','ㅎㅇㅎㅇㅎㅇ','2021-12-13 17:56',52,3,1,null);
Insert into MINT.COMMENTS (COMMENT_NO,MEMBER_ID,COMMENT_CONTENT,REG_DATE,BOARD_NO,BOARD_TYPE,COMMENT_TYPE,COMMENT_REF) values (126,'gosu1','고수세희','2021-12-13 18:05',51,3,1,null);
Insert into MINT.COMMENTS (COMMENT_NO,MEMBER_ID,COMMENT_CONTENT,REG_DATE,BOARD_NO,BOARD_TYPE,COMMENT_TYPE,COMMENT_REF) values (127,'qwerty','asdf','2021-12-14',16,1,1,null);
Insert into MINT.COMMENTS (COMMENT_NO,MEMBER_ID,COMMENT_CONTENT,REG_DATE,BOARD_NO,BOARD_TYPE,COMMENT_TYPE,COMMENT_REF) values (132,'testda','sdasd','2021-12-15 16:06',85,3,2,131);
Insert into MINT.COMMENTS (COMMENT_NO,MEMBER_ID,COMMENT_CONTENT,REG_DATE,BOARD_NO,BOARD_TYPE,COMMENT_TYPE,COMMENT_REF) values (367,'amthomas','대댔쓰','2021-12-25 11:27:52',6,2,2,235);
Insert into MINT.COMMENTS (COMMENT_NO,MEMBER_ID,COMMENT_CONTENT,REG_DATE,BOARD_NO,BOARD_TYPE,COMMENT_TYPE,COMMENT_REF) values (158,'admin','고수세히','2021-12-16',18,1,2,124);
Insert into MINT.COMMENTS (COMMENT_NO,MEMBER_ID,COMMENT_CONTENT,REG_DATE,BOARD_NO,BOARD_TYPE,COMMENT_TYPE,COMMENT_REF) values (189,'gosu1','fesf','2021-12-17',14,6,2,188);
Insert into MINT.COMMENTS (COMMENT_NO,MEMBER_ID,COMMENT_CONTENT,REG_DATE,BOARD_NO,BOARD_TYPE,COMMENT_TYPE,COMMENT_REF) values (160,'user01','dfdfd','2021-12-17',22,6,1,null);
Insert into MINT.COMMENTS (COMMENT_NO,MEMBER_ID,COMMENT_CONTENT,REG_DATE,BOARD_NO,BOARD_TYPE,COMMENT_TYPE,COMMENT_REF) values (139,'testda3','adasdsad','2021-12-15 17:47',85,5,1,null);
Insert into MINT.COMMENTS (COMMENT_NO,MEMBER_ID,COMMENT_CONTENT,REG_DATE,BOARD_NO,BOARD_TYPE,COMMENT_TYPE,COMMENT_REF) values (161,'gosu1','안ㄴ영','2021-12-17',25,6,1,null);
Insert into MINT.COMMENTS (COMMENT_NO,MEMBER_ID,COMMENT_CONTENT,REG_DATE,BOARD_NO,BOARD_TYPE,COMMENT_TYPE,COMMENT_REF) values (188,'gosu1','gdgdg','2021-12-17',14,6,1,null);
Insert into MINT.COMMENTS (COMMENT_NO,MEMBER_ID,COMMENT_CONTENT,REG_DATE,BOARD_NO,BOARD_TYPE,COMMENT_TYPE,COMMENT_REF) values (190,'testda2','테스트테스트22','2021-12-17',14,6,1,null);
Insert into MINT.COMMENTS (COMMENT_NO,MEMBER_ID,COMMENT_CONTENT,REG_DATE,BOARD_NO,BOARD_TYPE,COMMENT_TYPE,COMMENT_REF) values (165,'user01','dfe','2021-12-17',25,6,2,160);
Insert into MINT.COMMENTS (COMMENT_NO,MEMBER_ID,COMMENT_CONTENT,REG_DATE,BOARD_NO,BOARD_TYPE,COMMENT_TYPE,COMMENT_REF) values (191,'testda2','댓글 테스트테스트','2021-12-17',24,6,1,null);
Insert into MINT.COMMENTS (COMMENT_NO,MEMBER_ID,COMMENT_CONTENT,REG_DATE,BOARD_NO,BOARD_TYPE,COMMENT_TYPE,COMMENT_REF) values (192,'testda2','대댓글 테스트 테스트','2021-12-17',24,6,2,191);
Insert into MINT.COMMENTS (COMMENT_NO,MEMBER_ID,COMMENT_CONTENT,REG_DATE,BOARD_NO,BOARD_TYPE,COMMENT_TYPE,COMMENT_REF) values (193,'testda2','대댓글 22','2021-12-17',24,6,2,191);
Insert into MINT.COMMENTS (COMMENT_NO,MEMBER_ID,COMMENT_CONTENT,REG_DATE,BOARD_NO,BOARD_TYPE,COMMENT_TYPE,COMMENT_REF) values (194,'testda3','댓글 테스트 2222','2021-12-17',24,6,1,null);
Insert into MINT.COMMENTS (COMMENT_NO,MEMBER_ID,COMMENT_CONTENT,REG_DATE,BOARD_NO,BOARD_TYPE,COMMENT_TYPE,COMMENT_REF) values (195,'testda3','대댓글2','2021-12-17',24,6,2,194);
Insert into MINT.COMMENTS (COMMENT_NO,MEMBER_ID,COMMENT_CONTENT,REG_DATE,BOARD_NO,BOARD_TYPE,COMMENT_TYPE,COMMENT_REF) values (203,'testda3','대댓글3-2','2021-12-17',24,6,2,201);
Insert into MINT.COMMENTS (COMMENT_NO,MEMBER_ID,COMMENT_CONTENT,REG_DATE,BOARD_NO,BOARD_TYPE,COMMENT_TYPE,COMMENT_REF) values (201,'testda3','댓글 테스트 3','2021-12-17',24,6,1,null);
Insert into MINT.COMMENTS (COMMENT_NO,MEMBER_ID,COMMENT_CONTENT,REG_DATE,BOARD_NO,BOARD_TYPE,COMMENT_TYPE,COMMENT_REF) values (178,'user01','dfe','2021-12-17',25,6,2,161);
Insert into MINT.COMMENTS (COMMENT_NO,MEMBER_ID,COMMENT_CONTENT,REG_DATE,BOARD_NO,BOARD_TYPE,COMMENT_TYPE,COMMENT_REF) values (202,'testda3','대댓글3=1','2021-12-17',24,6,2,201);
Insert into MINT.COMMENTS (COMMENT_NO,MEMBER_ID,COMMENT_CONTENT,REG_DATE,BOARD_NO,BOARD_TYPE,COMMENT_TYPE,COMMENT_REF) values (209,'user103','fdsefdsfdsefd','2021-12-17',22,6,1,null);
Insert into MINT.COMMENTS (COMMENT_NO,MEMBER_ID,COMMENT_CONTENT,REG_DATE,BOARD_NO,BOARD_TYPE,COMMENT_TYPE,COMMENT_REF) values (205,'testda3','대댓글3-2 수정테스ㅡ','2021-12-17',24,6,2,201);
Insert into MINT.COMMENTS (COMMENT_NO,MEMBER_ID,COMMENT_CONTENT,REG_DATE,BOARD_NO,BOARD_TYPE,COMMENT_TYPE,COMMENT_REF) values (182,'user01',' 수정수정','2021-12-17',25,6,1,null);
Insert into MINT.COMMENTS (COMMENT_NO,MEMBER_ID,COMMENT_CONTENT,REG_DATE,BOARD_NO,BOARD_TYPE,COMMENT_TYPE,COMMENT_REF) values (243,'gosu1','댓글 테스트','2021-12-21',51,6,1,null);
Insert into MINT.COMMENTS (COMMENT_NO,MEMBER_ID,COMMENT_CONTENT,REG_DATE,BOARD_NO,BOARD_TYPE,COMMENT_TYPE,COMMENT_REF) values (184,'user01','ㄹㅇㄹㄷ','2021-12-17',22,6,2,182);
Insert into MINT.COMMENTS (COMMENT_NO,MEMBER_ID,COMMENT_CONTENT,REG_DATE,BOARD_NO,BOARD_TYPE,COMMENT_TYPE,COMMENT_REF) values (185,'user01','ㄹㄷㄹㄷ','2021-12-17',22,6,2,160);
Insert into MINT.COMMENTS (COMMENT_NO,MEMBER_ID,COMMENT_CONTENT,REG_DATE,BOARD_NO,BOARD_TYPE,COMMENT_TYPE,COMMENT_REF) values (210,'admin','여기에도 댓글을 달 수 있네','2021-12-17 22:40',24,5,1,null);
Insert into MINT.COMMENTS (COMMENT_NO,MEMBER_ID,COMMENT_CONTENT,REG_DATE,BOARD_NO,BOARD_TYPE,COMMENT_TYPE,COMMENT_REF) values (208,'user102','dsadw2','2021-12-17',24,6,2,194);
Insert into MINT.COMMENTS (COMMENT_NO,MEMBER_ID,COMMENT_CONTENT,REG_DATE,BOARD_NO,BOARD_TYPE,COMMENT_TYPE,COMMENT_REF) values (211,'admin','짱이다','2021-12-17 22:41',24,5,1,null);
Insert into MINT.COMMENTS (COMMENT_NO,MEMBER_ID,COMMENT_CONTENT,REG_DATE,BOARD_NO,BOARD_TYPE,COMMENT_TYPE,COMMENT_REF) values (235,'amthomas','응애쓰밥버거','2021-12-19 22:52:05',6,2,1,null);
Insert into MINT.COMMENTS (COMMENT_NO,MEMBER_ID,COMMENT_CONTENT,REG_DATE,BOARD_NO,BOARD_TYPE,COMMENT_TYPE,COMMENT_REF) values (213,'user142','??','2021-12-19',24,6,1,null);
Insert into MINT.COMMENTS (COMMENT_NO,MEMBER_ID,COMMENT_CONTENT,REG_DATE,BOARD_NO,BOARD_TYPE,COMMENT_TYPE,COMMENT_REF) values (214,'testda2','ghghghghghgiiii','2021-12-19',10,6,1,null);
Insert into MINT.COMMENTS (COMMENT_NO,MEMBER_ID,COMMENT_CONTENT,REG_DATE,BOARD_NO,BOARD_TYPE,COMMENT_TYPE,COMMENT_REF) values (215,'testda2','trtrt22jhjhu','2021-12-19',10,6,2,214);
Insert into MINT.COMMENTS (COMMENT_NO,MEMBER_ID,COMMENT_CONTENT,REG_DATE,BOARD_NO,BOARD_TYPE,COMMENT_TYPE,COMMENT_REF) values (216,'testda2','rrrrrrrrrrrrrrrrrrrrrrrrrrr','2021-12-19',10,6,2,214);
Insert into MINT.COMMENTS (COMMENT_NO,MEMBER_ID,COMMENT_CONTENT,REG_DATE,BOARD_NO,BOARD_TYPE,COMMENT_TYPE,COMMENT_REF) values (244,'gosu1','대댓글','2021-12-21',51,6,2,243);
Insert into MINT.COMMENTS (COMMENT_NO,MEMBER_ID,COMMENT_CONTENT,REG_DATE,BOARD_NO,BOARD_TYPE,COMMENT_TYPE,COMMENT_REF) values (346,'amthomas','ssssssssssssss','12-24 21:48',56,6,1,null);
Insert into MINT.COMMENTS (COMMENT_NO,MEMBER_ID,COMMENT_CONTENT,REG_DATE,BOARD_NO,BOARD_TYPE,COMMENT_TYPE,COMMENT_REF) values (219,'testda2','gftf','2021-12-19',10,6,2,214);
Insert into MINT.COMMENTS (COMMENT_NO,MEMBER_ID,COMMENT_CONTENT,REG_DATE,BOARD_NO,BOARD_TYPE,COMMENT_TYPE,COMMENT_REF) values (231,'amthomas','응애 ','2021-12-19 21:55:27',6,2,1,null);
Insert into MINT.COMMENTS (COMMENT_NO,MEMBER_ID,COMMENT_CONTENT,REG_DATE,BOARD_NO,BOARD_TYPE,COMMENT_TYPE,COMMENT_REF) values (237,'amthomas','반대여','2021-12-19 23:52:03',6,2,2,235);
Insert into MINT.COMMENTS (COMMENT_NO,MEMBER_ID,COMMENT_CONTENT,REG_DATE,BOARD_NO,BOARD_TYPE,COMMENT_TYPE,COMMENT_REF) values (238,'user99','저도 외주 맡겼다가 아주 망했습니다....','2021-12-20',46,6,1,null);
Insert into MINT.COMMENTS (COMMENT_NO,MEMBER_ID,COMMENT_CONTENT,REG_DATE,BOARD_NO,BOARD_TYPE,COMMENT_TYPE,COMMENT_REF) values (254,'user01','ㅇㅅㅇ','12-21 18:02',21,4,2,252);
Insert into MINT.COMMENTS (COMMENT_NO,MEMBER_ID,COMMENT_CONTENT,REG_DATE,BOARD_NO,BOARD_TYPE,COMMENT_TYPE,COMMENT_REF) values (239,'user105','ddddddddddddd','2021-12-20',52,6,1,null);
Insert into MINT.COMMENTS (COMMENT_NO,MEMBER_ID,COMMENT_CONTENT,REG_DATE,BOARD_NO,BOARD_TYPE,COMMENT_TYPE,COMMENT_REF) values (246,'seulgi','안녕회사야','12-21 11:11',21,4,1,null);
Insert into MINT.COMMENTS (COMMENT_NO,MEMBER_ID,COMMENT_CONTENT,REG_DATE,BOARD_NO,BOARD_TYPE,COMMENT_TYPE,COMMENT_REF) values (241,'admin','ㅋㅋㅋㅋㅋㅋㅋㅋㅋㅋㅋㅋㅋㅋㅋㅋㅋㅋㅋㅋㅋ','2021-12-20 18:33:44',6,2,1,null);
Insert into MINT.COMMENTS (COMMENT_NO,MEMBER_ID,COMMENT_CONTENT,REG_DATE,BOARD_NO,BOARD_TYPE,COMMENT_TYPE,COMMENT_REF) values (247,'seulgi','응응 그래안녕','12-21 11:12',21,4,2,246);
Insert into MINT.COMMENTS (COMMENT_NO,MEMBER_ID,COMMENT_CONTENT,REG_DATE,BOARD_NO,BOARD_TYPE,COMMENT_TYPE,COMMENT_REF) values (248,'admin','동구짱귀여웡','2021-12-21 16:43:20',23,2,1,null);
Insert into MINT.COMMENTS (COMMENT_NO,MEMBER_ID,COMMENT_CONTENT,REG_DATE,BOARD_NO,BOARD_TYPE,COMMENT_TYPE,COMMENT_REF) values (255,'seulgi','ㅎㅇㅎㅇ ㅋㅋ','12-21 18:58',21,4,2,252);
Insert into MINT.COMMENTS (COMMENT_NO,MEMBER_ID,COMMENT_CONTENT,REG_DATE,BOARD_NO,BOARD_TYPE,COMMENT_TYPE,COMMENT_REF) values (250,'amthomas','응애','2021-12-22',43,4,1,null);
Insert into MINT.COMMENTS (COMMENT_NO,MEMBER_ID,COMMENT_CONTENT,REG_DATE,BOARD_NO,BOARD_TYPE,COMMENT_TYPE,COMMENT_REF) values (256,'testda','호롤로로','2021-12-22 17:10',125,3,1,null);
Insert into MINT.COMMENTS (COMMENT_NO,MEMBER_ID,COMMENT_CONTENT,REG_DATE,BOARD_NO,BOARD_TYPE,COMMENT_TYPE,COMMENT_REF) values (252,'seulgi','안녕안녕 나 입사할게','12-22 14:12',21,4,1,null);
Insert into MINT.COMMENTS (COMMENT_NO,MEMBER_ID,COMMENT_CONTENT,REG_DATE,BOARD_NO,BOARD_TYPE,COMMENT_TYPE,COMMENT_REF) values (257,'testda','ghfghfghf
','2021-12-22 17:11',125,3,1,null);
Insert into MINT.COMMENTS (COMMENT_NO,MEMBER_ID,COMMENT_CONTENT,REG_DATE,BOARD_NO,BOARD_TYPE,COMMENT_TYPE,COMMENT_REF) values (258,'testda3','안뇽','2021-12-22 17:14',125,3,2,256);
Insert into MINT.COMMENTS (COMMENT_NO,MEMBER_ID,COMMENT_CONTENT,REG_DATE,BOARD_NO,BOARD_TYPE,COMMENT_TYPE,COMMENT_REF) values (259,'user141','킹구하이~','2021-12-22 17:37:49',23,2,1,null);
Insert into MINT.COMMENTS (COMMENT_NO,MEMBER_ID,COMMENT_CONTENT,REG_DATE,BOARD_NO,BOARD_TYPE,COMMENT_TYPE,COMMENT_REF) values (260,'qwerty','그럼 존귀탱','2021-12-22 21:30:25',23,2,2,248);
Insert into MINT.COMMENTS (COMMENT_NO,MEMBER_ID,COMMENT_CONTENT,REG_DATE,BOARD_NO,BOARD_TYPE,COMMENT_TYPE,COMMENT_REF) values (261,'qwerty','ㅎㅇㅎㅇ동구에오 잘부탁해오','2021-12-22 21:30:37',23,2,2,259);
Insert into MINT.COMMENTS (COMMENT_NO,MEMBER_ID,COMMENT_CONTENT,REG_DATE,BOARD_NO,BOARD_TYPE,COMMENT_TYPE,COMMENT_REF) values (265,'testda4','ddddd','2021-12-22 23:42',125,3,1,null);
Insert into MINT.COMMENTS (COMMENT_NO,MEMBER_ID,COMMENT_CONTENT,REG_DATE,BOARD_NO,BOARD_TYPE,COMMENT_TYPE,COMMENT_REF) values (263,'testda4','ㄹㄹㄹㄹ','2021-12-22 23:09',125,3,2,257);
Insert into MINT.COMMENTS (COMMENT_NO,MEMBER_ID,COMMENT_CONTENT,REG_DATE,BOARD_NO,BOARD_TYPE,COMMENT_TYPE,COMMENT_REF) values (268,'admin','ㅎㅅㅎ','2021-12-23 14:29',125,3,2,265);
Insert into MINT.COMMENTS (COMMENT_NO,MEMBER_ID,COMMENT_CONTENT,REG_DATE,BOARD_NO,BOARD_TYPE,COMMENT_TYPE,COMMENT_REF) values (266,'testda4','asdas','2021-12-22 23:42',46,5,1,null);
Insert into MINT.COMMENTS (COMMENT_NO,MEMBER_ID,COMMENT_CONTENT,REG_DATE,BOARD_NO,BOARD_TYPE,COMMENT_TYPE,COMMENT_REF) values (274,'testda','안녕
','2021-12-23 17:05',125,3,1,null);
Insert into MINT.COMMENTS (COMMENT_NO,MEMBER_ID,COMMENT_CONTENT,REG_DATE,BOARD_NO,BOARD_TYPE,COMMENT_TYPE,COMMENT_REF) values (340,'amthomas','큰진호','12-24 17:54',182,1,1,null);
Insert into MINT.COMMENTS (COMMENT_NO,MEMBER_ID,COMMENT_CONTENT,REG_DATE,BOARD_NO,BOARD_TYPE,COMMENT_TYPE,COMMENT_REF) values (347,'user01','ewwwwwwwwwwwww','12-24 22:11',56,6,1,null);
Insert into MINT.COMMENTS (COMMENT_NO,MEMBER_ID,COMMENT_CONTENT,REG_DATE,BOARD_NO,BOARD_TYPE,COMMENT_TYPE,COMMENT_REF) values (279,'testda','요론느낌','12-23 22:17',21,4,1,null);
Insert into MINT.COMMENTS (COMMENT_NO,MEMBER_ID,COMMENT_CONTENT,REG_DATE,BOARD_NO,BOARD_TYPE,COMMENT_TYPE,COMMENT_REF) values (278,'testda','dddddd','2021-12-23 22:11',135,3,1,null);
Insert into MINT.COMMENTS (COMMENT_NO,MEMBER_ID,COMMENT_CONTENT,REG_DATE,BOARD_NO,BOARD_TYPE,COMMENT_TYPE,COMMENT_REF) values (281,'amthomas','fdadsfadsf','2021-12-23 22:17:26',6,2,1,null);
Insert into MINT.COMMENTS (COMMENT_NO,MEMBER_ID,COMMENT_CONTENT,REG_DATE,BOARD_NO,BOARD_TYPE,COMMENT_TYPE,COMMENT_REF) values (328,'admin','ggggggggggㅎㅋ','12-24 17:04',182,1,1,null);
Insert into MINT.COMMENTS (COMMENT_NO,MEMBER_ID,COMMENT_CONTENT,REG_DATE,BOARD_NO,BOARD_TYPE,COMMENT_TYPE,COMMENT_REF) values (341,'amthomas','작은진호','12-24 17:54',182,1,2,340);
Insert into MINT.COMMENTS (COMMENT_NO,MEMBER_ID,COMMENT_CONTENT,REG_DATE,BOARD_NO,BOARD_TYPE,COMMENT_TYPE,COMMENT_REF) values (297,'user141','123hhhh123','2021-12-24',56,6,1,null);
Insert into MINT.COMMENTS (COMMENT_NO,MEMBER_ID,COMMENT_CONTENT,REG_DATE,BOARD_NO,BOARD_TYPE,COMMENT_TYPE,COMMENT_REF) values (348,'user01','zxcxczdsv','12-24 22:18',53,6,1,null);
Insert into MINT.COMMENTS (COMMENT_NO,MEMBER_ID,COMMENT_CONTENT,REG_DATE,BOARD_NO,BOARD_TYPE,COMMENT_TYPE,COMMENT_REF) values (342,'amthomas','또 작은진호','12-24 18:02',182,1,2,340);
Insert into MINT.COMMENTS (COMMENT_NO,MEMBER_ID,COMMENT_CONTENT,REG_DATE,BOARD_NO,BOARD_TYPE,COMMENT_TYPE,COMMENT_REF) values (325,'amthomas','dddddd','12-24 16:27',189,1,1,null);
Insert into MINT.COMMENTS (COMMENT_NO,MEMBER_ID,COMMENT_CONTENT,REG_DATE,BOARD_NO,BOARD_TYPE,COMMENT_TYPE,COMMENT_REF) values (326,'amthomas','dddd','12-24 16:27',189,1,2,316);
Insert into MINT.COMMENTS (COMMENT_NO,MEMBER_ID,COMMENT_CONTENT,REG_DATE,BOARD_NO,BOARD_TYPE,COMMENT_TYPE,COMMENT_REF) values (349,'user01','ddddddddddddd','12-24 22:26',53,6,1,null);
Insert into MINT.COMMENTS (COMMENT_NO,MEMBER_ID,COMMENT_CONTENT,REG_DATE,BOARD_NO,BOARD_TYPE,COMMENT_TYPE,COMMENT_REF) values (316,'admin','d','12-24 16:14',189,1,1,null);
Insert into MINT.COMMENTS (COMMENT_NO,MEMBER_ID,COMMENT_CONTENT,REG_DATE,BOARD_NO,BOARD_TYPE,COMMENT_TYPE,COMMENT_REF) values (317,'admin','gggggggggggsdsd','12-24 16:16',189,1,1,null);
Insert into MINT.COMMENTS (COMMENT_NO,MEMBER_ID,COMMENT_CONTENT,REG_DATE,BOARD_NO,BOARD_TYPE,COMMENT_TYPE,COMMENT_REF) values (350,'seulgi','gdgdgdgd','12-25 01:13',21,4,1,null);
Insert into MINT.COMMENTS (COMMENT_NO,MEMBER_ID,COMMENT_CONTENT,REG_DATE,BOARD_NO,BOARD_TYPE,COMMENT_TYPE,COMMENT_REF) values (351,'seulgi','ㅎㅇㅎㅇ ㅋㅋ','12-25 01:52',23,1,1,null);
Insert into MINT.COMMENTS (COMMENT_NO,MEMBER_ID,COMMENT_CONTENT,REG_DATE,BOARD_NO,BOARD_TYPE,COMMENT_TYPE,COMMENT_REF) values (354,'user01','ddddddddddddddddsssssswq','12-25 02:23',53,6,2,348);
Insert into MINT.COMMENTS (COMMENT_NO,MEMBER_ID,COMMENT_CONTENT,REG_DATE,BOARD_NO,BOARD_TYPE,COMMENT_TYPE,COMMENT_REF) values (353,'user01','gggggggggggggggggg','12-25 02:22',53,6,2,349);
Insert into MINT.COMMENTS (COMMENT_NO,MEMBER_ID,COMMENT_CONTENT,REG_DATE,BOARD_NO,BOARD_TYPE,COMMENT_TYPE,COMMENT_REF) values (358,'user01','ddddddddddddddd','12-25 02:53',57,6,2,357);
Insert into MINT.COMMENTS (COMMENT_NO,MEMBER_ID,COMMENT_CONTENT,REG_DATE,BOARD_NO,BOARD_TYPE,COMMENT_TYPE,COMMENT_REF) values (356,'user01','fdsfewsde','12-25 02:53',56,6,2,297);
Insert into MINT.COMMENTS (COMMENT_NO,MEMBER_ID,COMMENT_CONTENT,REG_DATE,BOARD_NO,BOARD_TYPE,COMMENT_TYPE,COMMENT_REF) values (357,'user01','sdfsfefdfdsdsfdfdddddddddddddd','12-25 02:53',57,6,1,null);
Insert into MINT.COMMENTS (COMMENT_NO,MEMBER_ID,COMMENT_CONTENT,REG_DATE,BOARD_NO,BOARD_TYPE,COMMENT_TYPE,COMMENT_REF) values (359,'user01','ddddddddddddd','12-25 02:56',20,1,1,null);
Insert into MINT.COMMENTS (COMMENT_NO,MEMBER_ID,COMMENT_CONTENT,REG_DATE,BOARD_NO,BOARD_TYPE,COMMENT_TYPE,COMMENT_REF) values (360,'user01','ddddddddddddd','12-25 02:56',20,1,2,359);
Insert into MINT.COMMENTS (COMMENT_NO,MEMBER_ID,COMMENT_CONTENT,REG_DATE,BOARD_NO,BOARD_TYPE,COMMENT_TYPE,COMMENT_REF) values (361,'seulgi','gdgdgd','12-25 03:01',21,4,2,350);
Insert into MINT.COMMENTS (COMMENT_NO,MEMBER_ID,COMMENT_CONTENT,REG_DATE,BOARD_NO,BOARD_TYPE,COMMENT_TYPE,COMMENT_REF) values (366,'amthomas','gg','2021-12-25 11:25:55',6,2,2,235);
Insert into MINT.COMMENTS (COMMENT_NO,MEMBER_ID,COMMENT_CONTENT,REG_DATE,BOARD_NO,BOARD_TYPE,COMMENT_TYPE,COMMENT_REF) values (368,'amthomas','후엥쓰','2021-12-25 11:33:51',6,2,2,231);
Insert into MINT.COMMENTS (COMMENT_NO,MEMBER_ID,COMMENT_CONTENT,REG_DATE,BOARD_NO,BOARD_TYPE,COMMENT_TYPE,COMMENT_REF) values (365,'admin','ㅇㅅㅇㅎ','12-25 03:10',21,4,2,350);
Insert into MINT.COMMENTS (COMMENT_NO,MEMBER_ID,COMMENT_CONTENT,REG_DATE,BOARD_NO,BOARD_TYPE,COMMENT_TYPE,COMMENT_REF) values (371,'user141','123','12-26 16:29',56,6,2,297);
Insert into MINT.COMMENTS (COMMENT_NO,MEMBER_ID,COMMENT_CONTENT,REG_DATE,BOARD_NO,BOARD_TYPE,COMMENT_TYPE,COMMENT_REF) values (372,'user01','dfdfd','12-26 19:02',88,4,1,null);
Insert into MINT.COMMENTS (COMMENT_NO,MEMBER_ID,COMMENT_CONTENT,REG_DATE,BOARD_NO,BOARD_TYPE,COMMENT_TYPE,COMMENT_REF) values (373,'user01','dddddddddd','12-26 19:02',88,4,2,372);
Insert into MINT.COMMENTS (COMMENT_NO,MEMBER_ID,COMMENT_CONTENT,REG_DATE,BOARD_NO,BOARD_TYPE,COMMENT_TYPE,COMMENT_REF) values (374,'testda3','테스트~~','2021-12-26 21:32',135,3,1,null);
Insert into MINT.COMMENTS (COMMENT_NO,MEMBER_ID,COMMENT_CONTENT,REG_DATE,BOARD_NO,BOARD_TYPE,COMMENT_TYPE,COMMENT_REF) values (375,'testda3','제발 되렴','2021-12-26 21:41',135,3,1,null);
Insert into MINT.COMMENTS (COMMENT_NO,MEMBER_ID,COMMENT_CONTENT,REG_DATE,BOARD_NO,BOARD_TYPE,COMMENT_TYPE,COMMENT_REF) values (376,'testda3','대댓 되렴','2021-12-26 22:16',135,3,2,375);
Insert into MINT.COMMENTS (COMMENT_NO,MEMBER_ID,COMMENT_CONTENT,REG_DATE,BOARD_NO,BOARD_TYPE,COMMENT_TYPE,COMMENT_REF) values (377,'testda','할루','2021-12-26 22:18',125,5,1,null);
Insert into MINT.COMMENTS (COMMENT_NO,MEMBER_ID,COMMENT_CONTENT,REG_DATE,BOARD_NO,BOARD_TYPE,COMMENT_TYPE,COMMENT_REF) values (378,'testda','뇽뇽','2021-12-26 22:26',125,5,1,null);
Insert into MINT.COMMENTS (COMMENT_NO,MEMBER_ID,COMMENT_CONTENT,REG_DATE,BOARD_NO,BOARD_TYPE,COMMENT_TYPE,COMMENT_REF) values (379,'testda','할ㄹ루','2021-12-26 22:48',125,5,1,null);
Insert into MINT.COMMENTS (COMMENT_NO,MEMBER_ID,COMMENT_CONTENT,REG_DATE,BOARD_NO,BOARD_TYPE,COMMENT_TYPE,COMMENT_REF) values (380,'testda','등록되렴','2021-12-26 22:55',125,5,1,null);
Insert into MINT.COMMENTS (COMMENT_NO,MEMBER_ID,COMMENT_CONTENT,REG_DATE,BOARD_NO,BOARD_TYPE,COMMENT_TYPE,COMMENT_REF) values (381,'testda','수정~!!','2021-12-26 23:04',134,3,1,null);
Insert into MINT.COMMENTS (COMMENT_NO,MEMBER_ID,COMMENT_CONTENT,REG_DATE,BOARD_NO,BOARD_TYPE,COMMENT_TYPE,COMMENT_REF) values (382,'testda','삭제','2021-12-26 23:11',134,3,1,null);
Insert into MINT.COMMENTS (COMMENT_NO,MEMBER_ID,COMMENT_CONTENT,REG_DATE,BOARD_NO,BOARD_TYPE,COMMENT_TYPE,COMMENT_REF) values (385,'testda','<script src="https://unpkg.com/sweetalert/dist/sweetalert.min.js','2021-12-26 23:15',125,3,1,null);
Insert into MINT.COMMENTS (COMMENT_NO,MEMBER_ID,COMMENT_CONTENT,REG_DATE,BOARD_NO,BOARD_TYPE,COMMENT_TYPE,COMMENT_REF) values (390,'testda','대댓','2021-12-26 23:23',125,5,2,388);
Insert into MINT.COMMENTS (COMMENT_NO,MEMBER_ID,COMMENT_CONTENT,REG_DATE,BOARD_NO,BOARD_TYPE,COMMENT_TYPE,COMMENT_REF) values (388,'testda','ㅇㅁㄴㅇㄴㅁㅇㅁ','2021-12-26 23:16',46,5,1,null);
Insert into MINT.COMMENTS (COMMENT_NO,MEMBER_ID,COMMENT_CONTENT,REG_DATE,BOARD_NO,BOARD_TYPE,COMMENT_TYPE,COMMENT_REF) values (389,'testda','ㅎㅎㅎㅎㅎ','2021-12-26 23:16',125,5,2,388);
Insert into MINT.COMMENTS (COMMENT_NO,MEMBER_ID,COMMENT_CONTENT,REG_DATE,BOARD_NO,BOARD_TYPE,COMMENT_TYPE,COMMENT_REF) values (391,'testda','sdasd','2021-12-26 23:28',125,5,2,388);
Insert into MINT.COMMENTS (COMMENT_NO,MEMBER_ID,COMMENT_CONTENT,REG_DATE,BOARD_NO,BOARD_TYPE,COMMENT_TYPE,COMMENT_REF) values (392,'qwerty1','워이씨 엄청 좋네','12-26 23:30',44,2,1,null);
Insert into MINT.COMMENTS (COMMENT_NO,MEMBER_ID,COMMENT_CONTENT,REG_DATE,BOARD_NO,BOARD_TYPE,COMMENT_TYPE,COMMENT_REF) values (393,'testda','dddd','2021-12-26 23:44',125,3,2,256);
Insert into MINT.COMMENTS (COMMENT_NO,MEMBER_ID,COMMENT_CONTENT,REG_DATE,BOARD_NO,BOARD_TYPE,COMMENT_TYPE,COMMENT_REF) values (394,'testda','버그 테스트중','2021-12-26 23:58',141,3,1,null);
Insert into MINT.COMMENTS (COMMENT_NO,MEMBER_ID,COMMENT_CONTENT,REG_DATE,BOARD_NO,BOARD_TYPE,COMMENT_TYPE,COMMENT_REF) values (395,'testda','ㄴㅁㅇㅁ','2021-12-26 23:58',141,3,1,null);
Insert into MINT.COMMENTS (COMMENT_NO,MEMBER_ID,COMMENT_CONTENT,REG_DATE,BOARD_NO,BOARD_TYPE,COMMENT_TYPE,COMMENT_REF) values (396,'testda3','수정','2021-12-27 00:01',61,5,1,null);
Insert into MINT.COMMENTS (COMMENT_NO,MEMBER_ID,COMMENT_CONTENT,REG_DATE,BOARD_NO,BOARD_TYPE,COMMENT_TYPE,COMMENT_REF) values (397,'testda3','ㅇㅇㅇㅇ','2021-12-27 00:02',135,5,2,396);
Insert into MINT.COMMENTS (COMMENT_NO,MEMBER_ID,COMMENT_CONTENT,REG_DATE,BOARD_NO,BOARD_TYPE,COMMENT_TYPE,COMMENT_REF) values (398,'testda3','ㅇㅇㅇㅇㅇ','2021-12-27 00:05',61,5,1,null);
Insert into MINT.COMMENTS (COMMENT_NO,MEMBER_ID,COMMENT_CONTENT,REG_DATE,BOARD_NO,BOARD_TYPE,COMMENT_TYPE,COMMENT_REF) values (399,'testda3','안녕 제발 되렴','2021-12-27 00:16',61,5,2,398);
Insert into MINT.COMMENTS (COMMENT_NO,MEMBER_ID,COMMENT_CONTENT,REG_DATE,BOARD_NO,BOARD_TYPE,COMMENT_TYPE,COMMENT_REF) values (431,'user185','gdgdaaaa','12-28 15:44',89,4,2,427);
Insert into MINT.COMMENTS (COMMENT_NO,MEMBER_ID,COMMENT_CONTENT,REG_DATE,BOARD_NO,BOARD_TYPE,COMMENT_TYPE,COMMENT_REF) values (401,'admin','ㅎ~ㅇ~','12-27 12:23',23,1,2,351);
Insert into MINT.COMMENTS (COMMENT_NO,MEMBER_ID,COMMENT_CONTENT,REG_DATE,BOARD_NO,BOARD_TYPE,COMMENT_TYPE,COMMENT_REF) values (402,'user185','인증된 회원만 작성가능','12-27 13:48',89,4,1,null);
Insert into MINT.COMMENTS (COMMENT_NO,MEMBER_ID,COMMENT_CONTENT,REG_DATE,BOARD_NO,BOARD_TYPE,COMMENT_TYPE,COMMENT_REF) values (404,'user01','된다 된다','12-27 14:52',43,4,1,null);
Insert into MINT.COMMENTS (COMMENT_NO,MEMBER_ID,COMMENT_CONTENT,REG_DATE,BOARD_NO,BOARD_TYPE,COMMENT_TYPE,COMMENT_REF) values (405,'user01','대댓글도 된당','12-27 14:52',43,4,2,404);
Insert into MINT.COMMENTS (COMMENT_NO,MEMBER_ID,COMMENT_CONTENT,REG_DATE,BOARD_NO,BOARD_TYPE,COMMENT_TYPE,COMMENT_REF) values (406,'user226','편하게 지원해주세용','12-27 19:35',142,3,1,null);
Insert into MINT.COMMENTS (COMMENT_NO,MEMBER_ID,COMMENT_CONTENT,REG_DATE,BOARD_NO,BOARD_TYPE,COMMENT_TYPE,COMMENT_REF) values (407,'gosu1',' 안녕','12-28 10:16',152,3,1,null);
Insert into MINT.COMMENTS (COMMENT_NO,MEMBER_ID,COMMENT_CONTENT,REG_DATE,BOARD_NO,BOARD_TYPE,COMMENT_TYPE,COMMENT_REF) values (408,'user209','이딴걸 누가해','12-28 10:25',13,1,1,null);
Insert into MINT.COMMENTS (COMMENT_NO,MEMBER_ID,COMMENT_CONTENT,REG_DATE,BOARD_NO,BOARD_TYPE,COMMENT_TYPE,COMMENT_REF) values (409,'user209','지원했습니다~','12-28 11:15',152,3,1,null);
Insert into MINT.COMMENTS (COMMENT_NO,MEMBER_ID,COMMENT_CONTENT,REG_DATE,BOARD_NO,BOARD_TYPE,COMMENT_TYPE,COMMENT_REF) values (417,'user225','ㄹㄹㄹ','12-28 11:27',74,5,1,null);
Insert into MINT.COMMENTS (COMMENT_NO,MEMBER_ID,COMMENT_CONTENT,REG_DATE,BOARD_NO,BOARD_TYPE,COMMENT_TYPE,COMMENT_REF) values (418,'user224','댓글테스트','12-28 11:40',72,5,1,null);
Insert into MINT.COMMENTS (COMMENT_NO,MEMBER_ID,COMMENT_CONTENT,REG_DATE,BOARD_NO,BOARD_TYPE,COMMENT_TYPE,COMMENT_REF) values (419,'user224','대댓테스트!','12-28 11:43',72,5,2,418);
Insert into MINT.COMMENTS (COMMENT_NO,MEMBER_ID,COMMENT_CONTENT,REG_DATE,BOARD_NO,BOARD_TYPE,COMMENT_TYPE,COMMENT_REF) values (413,'user225','호호호
','12-28 11:18',73,5,1,null);
Insert into MINT.COMMENTS (COMMENT_NO,MEMBER_ID,COMMENT_CONTENT,REG_DATE,BOARD_NO,BOARD_TYPE,COMMENT_TYPE,COMMENT_REF) values (414,'user225','호호호','12-28 11:18',150,5,1,null);
Insert into MINT.COMMENTS (COMMENT_NO,MEMBER_ID,COMMENT_CONTENT,REG_DATE,BOARD_NO,BOARD_TYPE,COMMENT_TYPE,COMMENT_REF) values (415,'user209','얍','12-28 11:21',152,5,1,null);
Insert into MINT.COMMENTS (COMMENT_NO,MEMBER_ID,COMMENT_CONTENT,REG_DATE,BOARD_NO,BOARD_TYPE,COMMENT_TYPE,COMMENT_REF) values (416,'user225','ㄹㄹㄹ','12-28 11:27',74,5,1,null);
Insert into MINT.COMMENTS (COMMENT_NO,MEMBER_ID,COMMENT_CONTENT,REG_DATE,BOARD_NO,BOARD_TYPE,COMMENT_TYPE,COMMENT_REF) values (420,'seulgi','댓글댓글','12-28 14:30',153,3,1,null);
Insert into MINT.COMMENTS (COMMENT_NO,MEMBER_ID,COMMENT_CONTENT,REG_DATE,BOARD_NO,BOARD_TYPE,COMMENT_TYPE,COMMENT_REF) values (421,'user209','ㅇㅅㅇ','12-28 14:57',73,5,1,null);
Insert into MINT.COMMENTS (COMMENT_NO,MEMBER_ID,COMMENT_CONTENT,REG_DATE,BOARD_NO,BOARD_TYPE,COMMENT_TYPE,COMMENT_REF) values (422,'user209','된당~!','12-28 14:57',73,5,2,421);
Insert into MINT.COMMENTS (COMMENT_NO,MEMBER_ID,COMMENT_CONTENT,REG_DATE,BOARD_NO,BOARD_TYPE,COMMENT_TYPE,COMMENT_REF) values (423,'amthomas','내회사는 쓰레기야','12-28 14:57',89,4,1,null);
Insert into MINT.COMMENTS (COMMENT_NO,MEMBER_ID,COMMENT_CONTENT,REG_DATE,BOARD_NO,BOARD_TYPE,COMMENT_TYPE,COMMENT_REF) values (424,'user226','안녕하세요!','12-28 15:11',164,3,1,null);
Insert into MINT.COMMENTS (COMMENT_NO,MEMBER_ID,COMMENT_CONTENT,REG_DATE,BOARD_NO,BOARD_TYPE,COMMENT_TYPE,COMMENT_REF) values (425,'user222','관심있어요!','12-28 15:15',164,3,1,null);
Insert into MINT.COMMENTS (COMMENT_NO,MEMBER_ID,COMMENT_CONTENT,REG_DATE,BOARD_NO,BOARD_TYPE,COMMENT_TYPE,COMMENT_REF) values (426,'user223','ghghghg','12-28 15:16',75,5,1,null);
Insert into MINT.COMMENTS (COMMENT_NO,MEMBER_ID,COMMENT_CONTENT,REG_DATE,BOARD_NO,BOARD_TYPE,COMMENT_TYPE,COMMENT_REF) values (427,'user185','aaaaaa','12-28 15:28',89,4,1,null);
Insert into MINT.COMMENTS (COMMENT_NO,MEMBER_ID,COMMENT_CONTENT,REG_DATE,BOARD_NO,BOARD_TYPE,COMMENT_TYPE,COMMENT_REF) values (436,'gosu1','직접 키우는 펭귄인가요?','12-29 01:06',201,1,1,null);
Insert into MINT.COMMENTS (COMMENT_NO,MEMBER_ID,COMMENT_CONTENT,REG_DATE,BOARD_NO,BOARD_TYPE,COMMENT_TYPE,COMMENT_REF) values (429,'seulgi','gdgd','12-28 15:41',57,6,1,null);
Insert into MINT.COMMENTS (COMMENT_NO,MEMBER_ID,COMMENT_CONTENT,REG_DATE,BOARD_NO,BOARD_TYPE,COMMENT_TYPE,COMMENT_REF) values (437,'amthomas','응애쓰','12-29 09:48',49,2,1,null);
Insert into MINT.COMMENTS (COMMENT_NO,MEMBER_ID,COMMENT_CONTENT,REG_DATE,BOARD_NO,BOARD_TYPE,COMMENT_TYPE,COMMENT_REF) values (435,'user226','안녕하세요','12-28 15:48',167,3,1,null);
Insert into MINT.COMMENTS (COMMENT_NO,MEMBER_ID,COMMENT_CONTENT,REG_DATE,BOARD_NO,BOARD_TYPE,COMMENT_TYPE,COMMENT_REF) values (441,'amthomas','ㅎㅇㅎㅇㅎㅇㅎㅇㅎㅇㅎ','12-29 18:05',53,6,1,null);
Insert into MINT.COMMENTS (COMMENT_NO,MEMBER_ID,COMMENT_CONTENT,REG_DATE,BOARD_NO,BOARD_TYPE,COMMENT_TYPE,COMMENT_REF) values (442,'amthomas','굿굿','12-29 18:05',46,2,1,null);
REM INSERTING into MINT.COMPANY
SET DEFINE OFF;
Insert into MINT.COMPANY (COMPANY_NO,COMPANY_NAME,OPEN_DATE,EMPLOYEE,CATEGORY,CEO,ADDRESS,CONTENT,BUSINESS_NO,FILEPATH) values (43,'회사회사1','2015-12-03',115,'si','이대표','경기도 광명시','시스템 구축 및 유지보수',1112344412,'jumpit.PNG');
Insert into MINT.COMPANY (COMPANY_NO,COMPANY_NAME,OPEN_DATE,EMPLOYEE,CATEGORY,CEO,ADDRESS,CONTENT,BUSINESS_NO,FILEPATH) values (21,'(주)슬기회사','1998-09-07',15,'우산제조','이슬기','경기도 광명시 소하로76번길 21','우산판매',1234512345,'seulgiCompany.PNG');
Insert into MINT.COMPANY (COMPANY_NO,COMPANY_NAME,OPEN_DATE,EMPLOYEE,CATEGORY,CEO,ADDRESS,CONTENT,BUSINESS_NO,FILEPATH) values (70,'(주)마커스코리아','2001-08-16',33,'si, 솔루션','이헌철','서울 금천구 가산디지털2로 115','기업 내 솔루션개발',1098172945,null);
Insert into MINT.COMPANY (COMPANY_NO,COMPANY_NAME,OPEN_DATE,EMPLOYEE,CATEGORY,CEO,ADDRESS,CONTENT,BUSINESS_NO,FILEPATH) values (23,'인터파크','1997-10-01',100,'웹개발','이기형, 강동화','서울특별시 강남구 삼성로 512','하는일 적는곳',2208147821,'interpark.PNG');
Insert into MINT.COMPANY (COMPANY_NO,COMPANY_NAME,OPEN_DATE,EMPLOYEE,CATEGORY,CEO,ADDRESS,CONTENT,BUSINESS_NO,FILEPATH) values (71,'삼성에스디에스(주)','1985-05-01',1244,'SI','홍원표','서울 송파구 올림픽로35길 125','삼성 계열의 전산업체, 삼성의 IT서비스와 물류 사업을 담당하고 있다.',1108128774,'samsungSDS.jpg');
Insert into MINT.COMPANY (COMPANY_NO,COMPANY_NAME,OPEN_DATE,EMPLOYEE,CATEGORY,CEO,ADDRESS,CONTENT,BUSINESS_NO,FILEPATH) values (76,'(주)코오롱베니트','1999-11-01',585,'시스템 소프트웨어 개발 및 공급업','이진용','경기 과천시 코오롱로 11','코오롱베니트는 코오롱그룹의 IT서비스 전문기업입니다.
제조, 금융, 패션, 건설 등 각 산업 분야에서 쌓은 폭넓은 IT기술과 경험을 바탕으로 Big Data, IoT, Cloud, Smart Factory, Smart Construction 등 융·복합서비스 분야를 선도해 나가고 있습니다.
또한, IT솔루션 분야의 전문성과 파트너 네트워크를 통해 다양한 글로벌 IT솔루션의 No.1 Distributor로서의 입지를 공고히 하고 있습니다.
IT서비스 사업 분야에서도 그룹 내/외 IT아웃소싱을 비롯하여 전자공시 및 시장감시, 금융IT 사업 등을 활발히 펼쳐나가고 있습니다.

코오롱베니트(KOLON BENIT)의 BENIT는 Be in IT라는 의미로
‘IT 세상에서 우리의 미래를 만들어갑니다’라는 뜻을 담고 있습니다.',1238151422,'코오롱베니트.PNG');
Insert into MINT.COMPANY (COMPANY_NO,COMPANY_NAME,OPEN_DATE,EMPLOYEE,CATEGORY,CEO,ADDRESS,CONTENT,BUSINESS_NO,FILEPATH) values (77,'(주)아시아나개발','1997-05-09',13,'si 및 솔루션','남기형','인천 중구 공항동로295번길 77-6','산업별로 축적된 프로젝트 경험과 노하우를 가진 최고의 전문 인력과 글로벌 네트워크, 차별화된 기술력을 바탕으로 아시아나IDT는 고객의 수익 창출과 경쟁력 강화를 지원하기 위한 최첨단 IT 솔루션과 서비스를 제공합니다.',1048141563,'아시아나개발.PNG');
Insert into MINT.COMPANY (COMPANY_NO,COMPANY_NAME,OPEN_DATE,EMPLOYEE,CATEGORY,CEO,ADDRESS,CONTENT,BUSINESS_NO,FILEPATH) values (68,'(주)카카오 게임즈','2013-08-26',400,'게임 소프트웨어 개발 및 공급업','남궁훈','경기 성남시 분당구 판교역로 152','게임 개발 및 유지 보수',1448118454,'kakaoGames.png');
Insert into MINT.COMPANY (COMPANY_NO,COMPANY_NAME,OPEN_DATE,EMPLOYEE,CATEGORY,CEO,ADDRESS,CONTENT,BUSINESS_NO,FILEPATH) values (78,'(주)한화에스앤씨','2017-10-10',35,'컴퓨터시스템 통합 자문 및 구축 서비스업','김경한','서울 중구 을지로 100','1994년 한화그룹 계열사의 전산인력 통합으로 발족, 1997년 ㈜한화/정보부문으로 독립

하여 그룹내 종합 전산 운영 서비스 사업을 수행해 온 한화그룹내 IT서비스 전문업체입

니다. 2001년 4월 ㈜한화로부터 분사하여 한화S&C로 새로 태어났으며, ㈜한화의 별정

사업부문과 온라인 교육사업을 인수하여 사업 다각화를 꾀하여 왔습니다. 최근 시장선

도적 자체 ERP 솔루션인 SFAR 솔루션, 종합인재관리 시스템 e-HRD, 유비쿼터스 시대

를 대비해 모바일과 웹통신을 기반으로 한 미래형 EP(Enterprise Portal) 등을 차례로

개발하여 금융권을 중심으로 검증을 마쳤으며, 선진 IT 서비스 기술 도입과 한화그룹

내 전산자원 운용기술의 시너지효과를 기반으로 하여 업계내 지배적 종합 SI업체로서

의 위치를 공고히 하려 노력하고 있습니다. 한편 한화S&C는 ISO9001, BSI7799 인증

을 이미 획득하였고, 최근 고객 정보화서비스 발전전략을 새롭게 수립하여 IT 운용 서

비스의 역량강화를 위한 혁신적 방법론 적용을 추진하고, IT서비스 선진화를 위한 품질

경영시스템(CMMi)을 도입해 고객사의 비용절감과 효율성 제고를 진행하고 있습니다.

앞으로 한화S&C는 고객중심경영을 통한 최고의 회사가치 실현이라는 비전을 달성하

기 위해 인재육성과 제품경쟁력 강화에 주력할 방침입니다.',5278600800,'한화S&C.PNG');
Insert into MINT.COMPANY (COMPANY_NO,COMPANY_NAME,OPEN_DATE,EMPLOYEE,CATEGORY,CEO,ADDRESS,CONTENT,BUSINESS_NO,FILEPATH) values (79,'(주)누리인포스','1993-06-01',72,'시스템 소프트웨어 개발 및 공급업','허용도','서울 영등포구 국제금융로 20','4차 산업혁명의 시대에 정부가 지속적으로 관심을 갖고 추진하고 있는 정부 3.0을 실현하기 위한 지능형 전자정부 솔루션을 제공합니다.
특히 중앙행정기관, 지방행정기관, 주요 교육기관 및 공단 등 주요 공공기관에 ICT기반의 정보시스템을 제공하기 위한 컨설팅, 시스템구축 및 이전, 운영 및 유지보수 등의 업무를 수행합니다.',1168145276,'누리인포스.PNG');
Insert into MINT.COMPANY (COMPANY_NO,COMPANY_NAME,OPEN_DATE,EMPLOYEE,CATEGORY,CEO,ADDRESS,CONTENT,BUSINESS_NO,FILEPATH) values (80,'(주)부뜰정보시스템','1998-01-10',190,'시스템 소프트웨어 개발 및 공급업','이성중','서울 구로구 디지털로34길 43','CTMS(Computer Relephony Management System)분야의 선두주자

(주)부뜰정보시스템은

축적된 기술과 경험, 그리고 우수한 전문인력을 바탕으로
고객의 요구사항에 부합하는 최상의 요소 기술로 고객만족을 실행하고 있습니다.',2298130593,'부뜰정보시스템.PNG');
Insert into MINT.COMPANY (COMPANY_NO,COMPANY_NAME,OPEN_DATE,EMPLOYEE,CATEGORY,CEO,ADDRESS,CONTENT,BUSINESS_NO,FILEPATH) values (81,'(주)영림원소프트랩','1993-05-22',273,'시스템 소프트웨어 개발 및 공급업','권영범','서울 강서구 양천로 583','Why?
좋은 ERP 선택을 위한 기준을
제시해 드립니다.

왜 제대로 된 ERP를 사용해야 할까요?
회사성장과 함께 할 수 있는 그런 ERP는 없을까요?
다양한 고객을 위해 좋은 ERP 선택기준을 제시합니다.

How?
ERP의 어려움을
어떻게 해결할 수 있을까요?

다양한 산업군에서 축적된 27년 이상의 ERP 컨설팅 업력.
이를 바탕으로 만들어진 10가지 ERP 고민 해결카드로
속 시원하게 ERP 고민을 해결하세요.

What?
여기, 회사 성장과 함께 할 수 있는
ERP 솔루션이 있습니다.

업무에 따른 기능을 골라 쓰고 싶으세요?
회사가 성장하여 체계적 관리 프로세스의 정립이 필요하세요?
영림원소프트랩 ERP를 검토해 보세요.

',2208123474,'영림원소프트랩.PNG');
Insert into MINT.COMPANY (COMPANY_NO,COMPANY_NAME,OPEN_DATE,EMPLOYEE,CATEGORY,CEO,ADDRESS,CONTENT,BUSINESS_NO,FILEPATH) values (82,'(주)한미IT','2005-04-13',54,'정보서비스업','임종훈','서울 송파구 위례성대로 14','RF Prisma는 최대 7미터, 30dBm의 강력한 출력으로 혼합적재된 다량의 태그들을 일괄 인식하기 위한 최적의 블루투스 기반 리더기입니다.또한, 220g의 경량화와 소형화를 실현하였으며, 부드러운 그립감과 유려한 디자인을 가미하여, 리딩시 편안하고 유쾌한 작업환경을 조성해 드립니다.',2158669866,'한미IT.PNG');
Insert into MINT.COMPANY (COMPANY_NO,COMPANY_NAME,OPEN_DATE,EMPLOYEE,CATEGORY,CEO,ADDRESS,CONTENT,BUSINESS_NO,FILEPATH) values (83,'(주)아이비피','2008-04-07',1,'리눅스엔지니어','정승은','서울 중구 세종대로9길 20','ㆍ리눅스시스템 구축
ㆍ가상화시스템 구축
ㆍ Cloud 환경 구축
ㆍ 기술지원 및 유지보수',1048613849,'아이비피.PNG');
Insert into MINT.COMPANY (COMPANY_NO,COMPANY_NAME,OPEN_DATE,EMPLOYEE,CATEGORY,CEO,ADDRESS,CONTENT,BUSINESS_NO,FILEPATH) values (84,'우아한형제들','2011-03-10',734,'응용 소프트웨어 개발 및 공급업','김봉진','서울 송파구 위례성대로 2','[개발환경]
- 사용언어: Java, Kotlin
- 주요 라이브러리: RxJava2, Retrofit2, OkHttp3, Glide, Room
- 업무도구: Github, Jira, Confluence, Zeplin 사용

[업무내용]
- Github를 통한 PR 방식의 온라인 코드 리뷰 진행
- Jenkins, Fabric를 이용한 빌드, 배포, 테스트 자동화
- 클린아키텍처 구조의 프리젠테이션 레이어 MVP 패턴으로 구성',1208765763,'우아한형제들.PNG');
Insert into MINT.COMPANY (COMPANY_NO,COMPANY_NAME,OPEN_DATE,EMPLOYEE,CATEGORY,CEO,ADDRESS,CONTENT,BUSINESS_NO,FILEPATH) values (85,'(주)케이사인','2013-12-26',87,'시스템 소프트웨어 개발 및 공급업','최승락','서울 강남구 논현로64길 18','케이사인은 1999년 공개키 기반 암호 인증 원천 기술 개발을 시작으로 회사를 설립하였습니다.
지난 20여년 간 암호 인증 기술을 바탕으로 끊임없는 기술 개발을 통해 국내 다양한 분야의 보안 서비스를 제공하는 보안 솔루션 Provider로 성장하였습니다.

이제 케이사인은 새로운 ICT 시대에 걸맞는 기술 및 서비스를 제공하기 위하여 케이사인은 지속적으로 R&D 투자를 하였으며 비즈니스 영역을 확장하여 4차 산업 혁명을 견인하는 사물인터넷, 블록체인 등의 기술력으로 Digital Transformation 시대의 보안을 책임지는 기업으로 성장하고자 합니다.',1148713936,'케이사인.PNG');
Insert into MINT.COMPANY (COMPANY_NO,COMPANY_NAME,OPEN_DATE,EMPLOYEE,CATEGORY,CEO,ADDRESS,CONTENT,BUSINESS_NO,FILEPATH) values (86,'(주)대성엘텍','1979-06-05',645,'영상 및 음향기기 제조업','박상규','서울 금천구 벚꽃로 278','대성엘텍은 1979년 설립 이후 카오디오와 AMP등을 생산하기 시작하여 현재는 글로벌 자동차 기업에 AVNC(Audio, Video, Navigation, Communication). Display Audio, Monitor, Amplifier, ADAS 등 IVI(In-Vehicle Infotainment) 시스템과 ICT기술이 융합된 제품을 개발하여 공급하고 있습니다.

급격하게 변화하는 글로벌 자동차 시장에서 대성엘텍은 지금까지 축적한 폭넓은 사업 네트워크와 노하우를 기반으로 고객Needs에 부합하는 ''Innovative Infotiment Global Partner''를 지향하고 있으며, Connectivity, HMI, Security 등의 기술으로 고객의 편의와 안전 증진을 위해 지속적인 연구개발을 하고 있습니다.',1198102446,'대성엘텍.PNG');
Insert into MINT.COMPANY (COMPANY_NO,COMPANY_NAME,OPEN_DATE,EMPLOYEE,CATEGORY,CEO,ADDRESS,CONTENT,BUSINESS_NO,FILEPATH) values (87,'(주)이글루시큐리티','1999-11-02',784,'기타 정보 서비스업','이득춘','서울 송파구 정의로8길 7','㈜이글루시큐리티는 국내외 보안시장의 확대와 성장에 힘써오며 10년이 넘는 기간동안
명실상부 No.1 정보보안 관리기업으로 인정받고 있습니다.
방대한 보안 데이터를 저장, 분석하는 통합보안관리솔루션 ‘SPiDER TM(스파이더 TM)’은
출시 이후 국내 시장 점유율 1위를 차지하고 있습니다.
또한, 융복합 보안관제 솔루션 ‘LIGER-1’과, 보안 관제 서비스 ‘HUSKY Service(허스키 서비스)’ 등을 잇달아 선보이며
솔루션과 서비스 사업 부문의 꾸준한 매출 성장을 기록하여 왔습니다.
이글루시큐리티는 국내외 선도 기업과의 협력을 통해 미래 성장 동력 확보에도 총력을 기울일 계획입니다.
국내를 넘어 글로벌을 대표하는 정보보안 선도기업으로 도약을 꿈꾸는
당사의 비전과 목표를 함께할 훌륭한 인재를 찾습니다.',1078172385,'이글루se.jpg');
Insert into MINT.COMPANY (COMPANY_NO,COMPANY_NAME,OPEN_DATE,EMPLOYEE,CATEGORY,CEO,ADDRESS,CONTENT,BUSINESS_NO,FILEPATH) values (88,'SK C&C','1991-04-13',800,'개발 솔루션/서비스','장동현','서울 종로구 종로 26','국내 3위의 IT서비스 기업입니다. 시스템통합(SI) 및 IT 아웃소싱(Outsourcing) 사업을 영위합니다.',2208116503,'SK.png');
Insert into MINT.COMPANY (COMPANY_NO,COMPANY_NAME,OPEN_DATE,EMPLOYEE,CATEGORY,CEO,ADDRESS,CONTENT,BUSINESS_NO,FILEPATH) values (89,'(주)신영정보기술','1999-09-10',30,'SI','최영묵','경기 하남시 조정대로 150','고객이 만족하는 최고의 환경을 전달하기 위하여 각각의 빌딩 특성에 맞는 빌딩자동제어 시스템을 구현함으로서 편리하고 쾌적한 환경을 유지함과 동시에 에너지 절감 솔루션 통한 높은 에너지 효율성과 가치성을 유지할 수 있는 빌딩 환경 조성을 위해 노력합니다.',2068117262,'신영_logo수정04.png');
Insert into MINT.COMPANY (COMPANY_NO,COMPANY_NAME,OPEN_DATE,EMPLOYEE,CATEGORY,CEO,ADDRESS,CONTENT,BUSINESS_NO,FILEPATH) values (90,'(주) 이즈세라믹','2017-10-16',20,'SM','민경진','경기 성남시 분당구 대왕판교로606번길 45','인력 아웃소싱업체입니다.',8858101001,'이즈세라믹.png');
Insert into MINT.COMPANY (COMPANY_NO,COMPANY_NAME,OPEN_DATE,EMPLOYEE,CATEGORY,CEO,ADDRESS,CONTENT,BUSINESS_NO,FILEPATH) values (91,'(주)비젼아이티','2000-09-06',15,'정보통신 공사 및 SI, NI 시스템 구축, 방송장비, CCTV','이지환','충남 공주시 한적2길 47','네트워크 구축,클라우드 시스템,스마트 스쿨,RFID / USN',3078115849,'비전아이티.png');
Insert into MINT.COMPANY (COMPANY_NO,COMPANY_NAME,OPEN_DATE,EMPLOYEE,CATEGORY,CEO,ADDRESS,CONTENT,BUSINESS_NO,FILEPATH) values (92,'(주)메디헬프라인','2004-01-01',80,'의학 및 약학 연구개발업','박옥남','서울 금천구 가산디지털1로 168','(주)메디헬프라인은 1998년에 설립된 회사로 고용노동부에서 선정한 강소기업 입니다.
서울 중구 퇴계로 131 (충무로2가, 신일빌딩)에 위치하고 있으며,
의약품/의료기기/임상시험 대행 및 인허가 업무, 신약 연구 개발 사업을 하고 있습니다.',1078642571,'메디헬프라인.PNG');
Insert into MINT.COMPANY (COMPANY_NO,COMPANY_NAME,OPEN_DATE,EMPLOYEE,CATEGORY,CEO,ADDRESS,CONTENT,BUSINESS_NO,FILEPATH) values (93,'대신통신기술','1995-12-01',200,'종합정보통신 전문회사','김지영','경기 시흥시 공단3대로 303','우리나라 최초 전국 체인화를 구축한 종합정보통신 전문회사입니다. ',1188115778,'dsn.png');
REM INSERTING into MINT.CONTEST
SET DEFINE OFF;
Insert into MINT.CONTEST (CONTEST_NO,CONTEST_HOST,MEMBER_ID,CONTEST_TYPE,CONTEST_QUALIFY,CONTEST_DATE,CONTEST_DEADLINE,CONTEST_PRIZE,PHONE,EMAIL,CONTEST_TITLE,CONTEST_CONTENT,CONTEST_IMG,CONTEST_STATUS,CONTEST_COUNT) values (12,'한국지능정보사회진흥원','user99',2,'대학생,대학원생','2021-12-02','2021-12-12',500,'010-1234-1234','tionee@naver.com','디지털 산업혁신 빅데이터 플랫폼 경진대회','공모전명
2021 디지털 산업혁신 빅데이터 플랫폼 경진대회

참여대상
- 모든 대학(원)생
- 개인 및 팀 접수 가능 (1인 이상 3인 이내)

공모주제
- 빅데이터 기반의 산업분석 및 모니터링
- 기업분석 및 산업뉴스 분석 및 시각화

* 예시
① 앵커기업 이주에 따른 지역별 산업생태계 변화 시각화
② 뉴스 키워드 기반 경영위험지수 분석

접수방법
디벨로민트 공모전 게시판에서 신청
※ 팀일 경우 팀장이 대표로 신청

진행일정
- 공모접수: 2021년 12월 2일 (목) ~ 2022년 1월 17일 (월)
- 예선결과발표: 2022년 1월 21일 (금)
- 경진대회 OT: 2022년 1월 29일 (월) 13:00

시상안내
- 대상: 상장 및 상금 500만원 (1팀)
- 최우수상: 상장 및 상금 200만원 (2팀)
- 우수상: 상장 및 상금 100만원 (3팀)

유의사항
- 본 경진대회에 제출된 응모작들에 대한 저작권은 응모자에게 있습니다.
다만, 주관기관은 응모작의 사연 화면 또는 이와 유사한 결과물을 디지털 산업혁신 플랫폼 등에 게시하거나 출판, 전시하는 등의 방법으로 활용하여 경진대회의 결과 등을 홍보할 수 있으며, 응모자와의 별도 협의를 통해 응모작의 일부 또는 전부를 주관기관이 제공하는 서비스에 적용하거나 기타 목적으로 활용할 수 있습니다.
- 제안된 아이디어는 순수 창작물이어야 하며, 타 경진대회에서 입선한 작품은 응모의 대상이 될 수 없습니다.
- 경진대회의 진행일정은 주관사의 사정에 따라 변경될 수 있으며, 수상에 적합한 수준의 공모작이 없는 경우 시상규모를 축소하거나 변경할 수 있습니다.

주최
한국지능정보사회진흥원
','poster4.png',2,22);
Insert into MINT.CONTEST (CONTEST_NO,CONTEST_HOST,MEMBER_ID,CONTEST_TYPE,CONTEST_QUALIFY,CONTEST_DATE,CONTEST_DEADLINE,CONTEST_PRIZE,PHONE,EMAIL,CONTEST_TITLE,CONTEST_CONTENT,CONTEST_IMG,CONTEST_STATUS,CONTEST_COUNT) values (8,'부산대학교','user99',2,'대학생,대학원생','2021-12-01','2021-12-31',50,'010-1234-1234','tionee@naver.com','스마트 톡톡 코딩 공모전','? 공모전명 : 스마트 톡톡 코딩 공모전(Smart Talk Talk Coding Challenge)

? 공모부문 : 2개 부문 ☞ 대학생, 대학원생

? 활용SW : 5종 ☞ 스크래치, 엔트리, 마이크로비트, 앱 인벤터, 안드로이드 스튜디오

? 추진시기

- 공 모 : 2021.12.01(수)～12.31(금) 18:00까지

- 심 사 : 2022.01.03(월)～01.07(금)

- 시상식 : 2022.01.10(월)

? 접수방법 : 디벨로민트 홈페이지에서 깃주소 전송

공모 주제

? 건전한 정보문화 확산 및 정보화 역기능 예방을 위한 내용

☞ 사이버 범죄신고, 게임중독 예방방법, 정보화 역기능 대안활동 제시 등

? 인터넷?스마트폰 과의존 해소방안 및 바르게 활용할 수 있는 내용

☞ 스마트폰 사용시간 알아보기, 공공장소에서 스마트폰 사용예절 등

※ 참가자 중 50명을 추첨해 2만원 상당의 코딩교구를 기념품으로 증정합니다.','poster1.png',2,6);
Insert into MINT.CONTEST (CONTEST_NO,CONTEST_HOST,MEMBER_ID,CONTEST_TYPE,CONTEST_QUALIFY,CONTEST_DATE,CONTEST_DEADLINE,CONTEST_PRIZE,PHONE,EMAIL,CONTEST_TITLE,CONTEST_CONTENT,CONTEST_IMG,CONTEST_STATUS,CONTEST_COUNT) values (10,'통일부','user99',1,'대학생','2021-12-01','2021-12-31',50,'010-1234-1234','tionee@naver.com','2021 대학생 스마트 공모','대회명
2021 대학생 스마트 공모
- AI 및 알고리즘을 활용한 스마트 공모전

대회일정
- 참가 작품 접수 : 12. 01 ~ 12. 31
- 참가 작품 심사 : 1.3 ~ 1. 7
- 본선 참가자 발표 : 1. 10 / 20명
- 본선 PT 대회 : 1. 17(현장대회가 원칙이나 코로나 상황에 의거 온라인 화상 대회로 대체)
- 최종 입상자 발표 : 1. 21

응모대상
재학중인 대학생 모두

작품규격
ㅇ A.I 및 알고리즘을 활용한 스마트 공모전
- 4차 산업 시대를 맞이하여, 변화되어지는 통일 미래의 사업 및 공유경제에 대한 아이디어
- 코딩언어(블록코딩, 텍스트코딩 등) 및 HW(아두이노, 라즈베리파이 등) 및 통신방식(유선,무선) 제한 없음

대회주제
통일이 되면 우리의 생활은 어떻게 변할까?
ㅇ 통일 된 한반도의 긍정적 미래상이 포함
ㅇ 통일 이후 발전될 기술, 문화 등에 대한 아이디어 작품
ㅇ 통일 후 한반도에 펼쳐질 새로운 4차 사업 등

작품접수
디벨로민트 공모전 홈페이지에서 신청서 작성
','poster2_1.png',2,12);
Insert into MINT.CONTEST (CONTEST_NO,CONTEST_HOST,MEMBER_ID,CONTEST_TYPE,CONTEST_QUALIFY,CONTEST_DATE,CONTEST_DEADLINE,CONTEST_PRIZE,PHONE,EMAIL,CONTEST_TITLE,CONTEST_CONTENT,CONTEST_IMG,CONTEST_STATUS,CONTEST_COUNT) values (13,'과학기술정보통신부','user99',3,'대학생,고등학생','2021-12-02','2021-12-31',60,'010-1234-5678','tionee@naver.com','2021년 메타버스 체험 디자인 경진대회','공모명
2021년 메타버스 체험 디자인 경진대회

주 제
메타버스(제페토)를 통한 미래SW기술체험과 디지털 드로잉으로 로고 디자인하기

참가대상
고등학생 또는 대학교 재학생

접수기간 및 일정
- 공모전 모집 및 접수 : 2021. 12. 14(화) ~ 12. 31(금) 까지
- 1차 합격자발표 : 2021. 1. 7(금)
- 2차 평가 : 2021. 1. 17(월)
- 시상 및 발표 : 2021. 1. 28(금)
※ 상기 일정은 내부 상황에 따라 변경될 수 있음

접수방법
디벨로민트 공모전 게시판에서 접수가능

시상내역
- 최우수상 : 1작품 / 상장 및 상금 60만원
- 우수상 : 2작품 / 상장 및 상금 40만원
- 장려상 : 3작품 / 상장 및 상금 20만원
※ 훈격 : 경기도경제과학진흥원상
※ 모든 상금은 세액 공제 후 지급

주최
과학기술정보통신부

','poster5.png',2,30);
Insert into MINT.CONTEST (CONTEST_NO,CONTEST_HOST,MEMBER_ID,CONTEST_TYPE,CONTEST_QUALIFY,CONTEST_DATE,CONTEST_DEADLINE,CONTEST_PRIZE,PHONE,EMAIL,CONTEST_TITLE,CONTEST_CONTENT,CONTEST_IMG,CONTEST_STATUS,CONTEST_COUNT) values (14,'과학기술정보통신부','user99',2,'제한없음','2021-12-04','2021-12-31',1000,'010-1234-5678','tionee@naver.com','2021년 공개SW 개발자대회','2021년 공개SW 개발자대회
개(발)똥(손) 탈출 넘버원, 오픈소스!

참가자격
공개SW에 관심이 있는 국민 누구나(팀 단위)
■ 학생부문 : 초·중·고교생 및 대학(원)생
■ 일반부문 : 일반인
※ 1인도 팀으로 인정되며, 학생과 일반인이 함께 구성할 경우 일반부문으로 참여

대회일정
- 참가 신청 : 2021.12.04(토) ~ 2021.12.31(금)
- 합격자발표 : 2021. 01. 03(월)

대회과제
■ 자유과제 : 인공지능(AI), 빅데이터, 클라우드, 사물인터넷(IoT), 블록체인, 보안/안전, 모바일 등 신기술 활용한 자유 공개SW 프로젝트

접수방법
디벨로민트 공모전 게시판에서 신청가능

시상규모
총 상금 7,300만원(27점 시상)

- (대상) 과학기술정보통신부장관상 / 학생 1, 일반 1 / 각 1,000만원
- (금상) 정보통신산업진흥원장상 / 학생 1, 일반 1 / 각 500만원
- (은상) 한국정보과학회장상 / 학생 2, 일반 2 / 각 200만원
- (업그레이드) 한국공개소프트웨어협회장상 / 학생, 일반 1 / 총 300만원
- (동상) 후원기업상 / 자유과제, 지정과제 11 / 각 200만원
- (특별상) 조직위원장상 / 학생 2 / 현물

※ 후원기업상 추가 혜택
- TmaxOS : 수상팀 노트북 1대 + 채용 혜택(가산점 및 인턴쉽) 제공
- 매니코어SW : 수상팀 외, 에어팟 프로 2개 제공
- 메가존클라우드 : 수상팀 상금 외, 100만원 상당의 부상 제공

주최
과학기술정보통신부

후원
더존비즈온, 락플레이스, 리원에이스, 메가존클라우드, 알티베이스, 에프에이리눅스, 엔에이치엔, 오에스비씨, 이노그리드, 인베슘, 케이티디에스, 큐브리드, 티맥스오에스, 한국전자통신연구원, 한글과컴퓨터, 한빛미디어

문의
- 홈페이지 : https://www.oss.kr/dev_competition','poster6.png',2,13);
Insert into MINT.CONTEST (CONTEST_NO,CONTEST_HOST,MEMBER_ID,CONTEST_TYPE,CONTEST_QUALIFY,CONTEST_DATE,CONTEST_DEADLINE,CONTEST_PRIZE,PHONE,EMAIL,CONTEST_TITLE,CONTEST_CONTENT,CONTEST_IMG,CONTEST_STATUS,CONTEST_COUNT) values (16,'포스코ICT','user99',2,'고등학생','2021-12-02','2021-12-31',500,'010-2222-2222','tionee@naver.com','포스코ICT 2021 AI 챌린지','대회명
포스코ICT 2021 AI 챌린지

대회 개요
AI, Creating a Better Life! : AI기술을 활용한 “더 스마트한, 더 나은 사회”만들기

대회 목적
AI 기술을 접목해 사회적 문제해결을 위한 다양한 아이디어를 실제 프로그램으로 구현함으로써 AI프로그래밍 능력 및 창의력 증진 도모
* 당사 대표사업인 ‘Smart School’ 사업 중 ‘Creative Smart School’과 연계하여 개최되는 전국 AI창의경진대회

참가 대상
인공지능(AI)과 코딩에 관심있는 고등학생이라면 누구나

분야
환경, 안전, 교육, 지역사회, 생활, 의료, 헬스케어, 엔터테인먼트 등
예시) AI기술을 활용한 장애인 생활 인프라 개선, COVID-19 블루 예방 제품 아이디어 등

출품가능프로그램
모든 프로그래밍 언어(C언어, JAVA, 파이썬 등) 

일정
[예선 접수]
- 2021년 12월 2일(목) ~ 12월 31일(금)
- 디벨로민트 홈페이지 내 공모전 게시판에서 신청 가능

[최종 PT 및 본선 심사, 시상식]
- 2022년 1월 10일(월) / 서울 구로호텔 4F 강당

※ 일정은 대회 운영 상황에 따라 조정될 수 있음

공식 홈페이지
https://aichallenge.poscoict.com/

시상
총 상금 1700만원
대상(1팀, 500만원)
지능정보산업협회장상(1팀, 300만원)
최우수상(1팀, 300만원)
우수상(2팀, 200만원)
장려상(2팀, 100만원)

주최
포스코ICT
','poster8_1.png',2,45);
Insert into MINT.CONTEST (CONTEST_NO,CONTEST_HOST,MEMBER_ID,CONTEST_TYPE,CONTEST_QUALIFY,CONTEST_DATE,CONTEST_DEADLINE,CONTEST_PRIZE,PHONE,EMAIL,CONTEST_TITLE,CONTEST_CONTENT,CONTEST_IMG,CONTEST_STATUS,CONTEST_COUNT) values (17,'(주)맨텍','user99',2,'대학생,대학원생','2021-12-02','2021-12-30',500,'010-9999-9999','tionee@naver.com','제 6회 오픈인프라 경진대회','참가 자격
- 국내 대학생 및 대학원생 (휴학생 및 졸업유예자 참여 가능)
- 참가는 팀 자격으로만 가능하며, 일반인과 기업 또는 법인은 참여 불가
- 팀원은 최소 2명 이상 4명 이하

일 정
- 참가신청: 12월 2일 (목) ~ 12월 31일 (금)
- 결선 및 시상식: 1월 10일 (금) (시간 및 장소 추후 공지)

* 상기 일정은 진행에 따라 일부 변경될 수 있습니다.

대회 과제
클라우드 기반의 애플리케이션 개발

신청 방법
디벨로민트 공모전 게시판에서 신청 가능

시상 내역
대상 (1팀) : 500만원 및 상장
금상 (1팀) : 200만원 및 상장
은상 (1팀) : 100만원 및 상장
동상 (2팀) : 50만원 및 상장
* 수상자 및 우수개발자에 기업 인턴 참여 기회 제공','poster9.png',2,49);
Insert into MINT.CONTEST (CONTEST_NO,CONTEST_HOST,MEMBER_ID,CONTEST_TYPE,CONTEST_QUALIFY,CONTEST_DATE,CONTEST_DEADLINE,CONTEST_PRIZE,PHONE,EMAIL,CONTEST_TITLE,CONTEST_CONTENT,CONTEST_IMG,CONTEST_STATUS,CONTEST_COUNT) values (18,'오늘의집, 마켓컬리','user99',2,'제한없음','2021-12-03','2022-01-12',300,'010-2222-2222','tionee@naver.com','스타트업 코딩 페스티벌','스타트업 코딩 페스티벌 
국내에서 가장 빠르게 로켓성장하고 있는 스타트업인
오늘의집, 마켓컬리가
''스타트업 코딩 페스티벌 2021(스코페 2021)''을 개최합니다.

신청기간 및 일정
- 코딩대회 신청기간 : 2021.12.03(금) ~ 2022.01.12(수)?
- 코딩대회 모의테스트 : 1.14(금)
- 대회 진행 일정(1차) : 1.22 (토) 14시~18시
- 대회 진행 일정(2차) : 1.29 (토) 14시~16시
- 대회 결과 발표 : 2.4 (금)

개발분야
- AOS / iOS / Frontend / Backend / Data Engineering / Full Stack

응모자격
- 제한없음

시 상
- 1등(1명) : 300만원
- 2등(1명) : 100만원
- 3등(1명) : 50만원

문 의
e-mail. team@scofe2021.co.kr

','poster10.png',2,111);
Insert into MINT.CONTEST (CONTEST_NO,CONTEST_HOST,MEMBER_ID,CONTEST_TYPE,CONTEST_QUALIFY,CONTEST_DATE,CONTEST_DEADLINE,CONTEST_PRIZE,PHONE,EMAIL,CONTEST_TITLE,CONTEST_CONTENT,CONTEST_IMG,CONTEST_STATUS,CONTEST_COUNT) values (19,'제주로온코딩','user99',1,'제한없음','2021-12-02','2021-12-29',50,'010-1234-1234','tionee@naver.com','제주로 on 코딩대회 아이디어 공모전','대회명
랜선으로 만나는 제주로 on 코딩대회 아이디어 공모전

대회주제
- 소프트웨어를 활용한 스마트한 제주만들기 프로젝트!
당신의 아이디어가 스마트한 제주를 만듭니다.

대회일정
-지원 : 2021/12/2(목) ~ 2022/1/3(월)
-대회일시 : 2022.01.20(목) am10:00

참여대상
누구나(개인참여)

대회내용
다양한 분야별 아이디어 제안
※ 분야 : 코로나 19, 제주관광, 학교, 건강/의료, 지역사회, 환경, 미래교육, 미래기술 등

참가방법
디벨로민트 홈페이지 내 공모전 게시판에서 신청 가능

시상내역
- 창의상, 공감상, 인기상, 참가상 (총 30명 선발)
(50만원, 30만원, 10만원 상품권 차등 지급)
- 선착순 100명 카카오 이모티콘 지급

기타사항
- 1인 아이디어 개수 제한 없음

주최/주관
제주로온코딩

문의
064-803-0585

담당자 TIP
1. 당신의 창의적인 아이디어가 스마트한 제주를 만듭니다.
2. 남!녀!노!소! 기발한 아이디어가 생각난다면 누구나 공모 해 주세요!','poster11.png',2,49);
Insert into MINT.CONTEST (CONTEST_NO,CONTEST_HOST,MEMBER_ID,CONTEST_TYPE,CONTEST_QUALIFY,CONTEST_DATE,CONTEST_DEADLINE,CONTEST_PRIZE,PHONE,EMAIL,CONTEST_TITLE,CONTEST_CONTENT,CONTEST_IMG,CONTEST_STATUS,CONTEST_COUNT) values (20,'코딩플러스학원','user99',2,'제한없음','2021-12-01','2022-01-31',50,'010-3333-3333','tionee@naver.com','코딩플러스 소프트웨어 경진대회','대회명
제4회 코딩플러스 소프트웨어 경진대회

대회부문
1) 스크래치 부문
- 주 제 : 코로나 시대, 우리가 할 수있는 일!
- 표현방법 : 게임, 애니메이션 등

2) C언어 부문
- 평 가 : C언어 문제 구현하기(총 5문제)

접수기간
2021.12.01(수) ~ 2022.01.31(월)

시상
2022.02.07(월)

시상내역
1등 50만원 / 2등 30만원
상금 외 에어팟, 키보드, 마우스, 수강료 할인권 외 다양한 상품

접수방법
디벨로민트 홈페이지 내 공모전 게시판에서 신청 가능

주최/주관
코딩플러스학원

문의
- 목동점 : 02-2648-7577 양천구 목동동로 339 트윈빌 2층 207.208호
- 상도점 : 02-2138-7577 동작구 상도로 219 극동빌딩 5층','poster12.png',2,149);
Insert into MINT.CONTEST (CONTEST_NO,CONTEST_HOST,MEMBER_ID,CONTEST_TYPE,CONTEST_QUALIFY,CONTEST_DATE,CONTEST_DEADLINE,CONTEST_PRIZE,PHONE,EMAIL,CONTEST_TITLE,CONTEST_CONTENT,CONTEST_IMG,CONTEST_STATUS,CONTEST_COUNT) values (21,'인천국제공항공사 ','user99',1,'대학생,대학원생','2021-12-01','2021-12-29',100,'010-1234-1234','tionee@naver.com','인천공항 빅데이터 서비스 아이디어 공모전','
인천공항 빅데이터 서비스 아이디어 공모전

 

■ 공모주제 : 인천공항 공항운영 효율 및 여객 서비스 향상을 위한  창의적 빅데이터 서비스 아이디어

 

■ 참가대상 : 대학 및 대학원 재학생

 

■ 접수기간 : 2021. 12. 1(수)?~ 2021. 12. 29.(수)?

 

■ 시상내용 : 최우수상(1명) 100만원, 우수상(2명) 50만원

 

■ 응모방법 : 디벨로민트 공모전게시판에서 신청

 

■ 결과발표 : 2022.01.07(수)

 

■ 문의 : 인천국제공항공사 스마트공항팀 (hss@airport.kr, ☎ 032-741-5560)
','postermain2.png',2,275);
Insert into MINT.CONTEST (CONTEST_NO,CONTEST_HOST,MEMBER_ID,CONTEST_TYPE,CONTEST_QUALIFY,CONTEST_DATE,CONTEST_DEADLINE,CONTEST_PRIZE,PHONE,EMAIL,CONTEST_TITLE,CONTEST_CONTENT,CONTEST_IMG,CONTEST_STATUS,CONTEST_COUNT) values (22,'웅진북센','user99',2,'제한없음','2021-12-01','2021-12-31',500,'010-1234-1234','tionee@naver.com','2021 인공지능 서비스 공모전','
2021 한국어 도서 말뭉치를 활용한 인공지능 서비스 공모전

 

■ 진행배경

과학기술정보통신부와 한국지능정보사회진흥원은 국가ㆍ사회 전반의 혁신을 좌우할 인공지능 강국 도약을 위해 지능화 서비스 개발에 핵심 기반인 대규모 인공지능 학습용 데이터를 구축하고 있습니다.

특히 금번에 구축되는 한국어 도서 기반의 대규모 말뭉치를 통해 다양한 한국어 기반 인공지능 서비스가 개발될 것을 기대하며 말뭉치 데이터의 홍보, 확산을 위해 본 공모전을 진행하고자 합니다.

 

■ 공모대상

- 전국민 누구나(개인, 기업 모두 응모가능)

 

■ 공모주제

- 대규모의 한국어 빅데이터(말뭉치)를 활용한 인공지능 서비스

- 한글, 한국어 활용 및 학습 관련 소프트웨어

 

■ 접수방법

- 디벨로민트 홈페이지 내 공모전 게시판에서 신청 가능




■ 시상

- 최우수상 : 500만원 (1팀)

- 우수상 : 200만원 (1팀)

- 장려상 : 100만원 (1팀)

 

■ 결과 발표

- 발표일 : 2022.01.07

- 공지 방법 : 공모전 안내페이지 공지 및 개별 연락

※ 발표일은 공모전 진행 상황에 따라 변경될 수 있습니다.


','postermain2_1.png',2,529);
Insert into MINT.CONTEST (CONTEST_NO,CONTEST_HOST,MEMBER_ID,CONTEST_TYPE,CONTEST_QUALIFY,CONTEST_DATE,CONTEST_DEADLINE,CONTEST_PRIZE,PHONE,EMAIL,CONTEST_TITLE,CONTEST_CONTENT,CONTEST_IMG,CONTEST_STATUS,CONTEST_COUNT) values (23,'인트인','user99',1,'대학생,대학원생','2021-12-01','2021-12-31',100,'010-9999-9999','tionee@naver.com','인트인 4차산업 공모전','인트인 4차산업 공모전

 
■ 모집기간 

2021년 12월 01일(수)부터 2021년 12월 31일(금)

 

■ 모집대상 

- 국내외 대학(원)에 재학생(휴학 생 포함)

 

■ 분야 및 주제 

▶ 아이디어 분야 : 

- 메타버스

ㅇ 메타버스 환경에서 제공할 수 있는 금융 서비스 및 금융관련 콘텐츠 아이디어를 제출 합니다.

ㅇ 아이디어를 시각적으로 확인할 수 있는 시제품(영상, 이미지 등)을 함께 제출합니다.


?■ 시상내역 

- 총  상금 : 300만원

- 대    상 : 100만원(1팀)

- 최우수상 : 50만원(2팀)

- 우 수 상 : 25만원(4팀)

- 추가혜택 : 수상자의 경우 주최/후원사의 인턴십 또는 우선 입사 기회 제공

＊ 시상은 분야 통합으로 진행됩니다.

 

?■ 신청 방법

디벨로민트 홈페이지 내 공모전 게시판에서 신청 가능

 

?■ 심사

심사 일정 내에 수상팀에게 개별 연락을 진행할 예정이며, 수상팀의 경우 1인 이상 시상식 참석 필수입니다.

 
','postermain3.png',2,1029);
Insert into MINT.CONTEST (CONTEST_NO,CONTEST_HOST,MEMBER_ID,CONTEST_TYPE,CONTEST_QUALIFY,CONTEST_DATE,CONTEST_DEADLINE,CONTEST_PRIZE,PHONE,EMAIL,CONTEST_TITLE,CONTEST_CONTENT,CONTEST_IMG,CONTEST_STATUS,CONTEST_COUNT) values (101,'test','user01',1,'대학생,대학원생','2021-12-10','2021-12-23',50,'010-1234-1234','tionee@naver.com','test','dd','관리자이미지.png',3,6);
Insert into MINT.CONTEST (CONTEST_NO,CONTEST_HOST,MEMBER_ID,CONTEST_TYPE,CONTEST_QUALIFY,CONTEST_DATE,CONTEST_DEADLINE,CONTEST_PRIZE,PHONE,EMAIL,CONTEST_TITLE,CONTEST_CONTENT,CONTEST_IMG,CONTEST_STATUS,CONTEST_COUNT) values (102,'e','admin',1,'대학생','2021-12-10','2021-12-10',500,'010-1234-1234','tionee@naver.com','e','test','관리자이미지_1.png',3,3);
Insert into MINT.CONTEST (CONTEST_NO,CONTEST_HOST,MEMBER_ID,CONTEST_TYPE,CONTEST_QUALIFY,CONTEST_DATE,CONTEST_DEADLINE,CONTEST_PRIZE,PHONE,EMAIL,CONTEST_TITLE,CONTEST_CONTENT,CONTEST_IMG,CONTEST_STATUS,CONTEST_COUNT) values (201,'데이콘','user01',2,'제한없음','2021-12-28','2021-12-30',50,'010-7890-4561','develeomints@gmail.com','펭귄 몸무게 예측 경진대회','● 배경

안녕하세요 여러분! 펭귄 몸무게 예측 경진대회에 오신 것을 환영합니다
세 종류 펭귄들의 정보가 담긴 데이터셋을 통해 데이터 분석 대회에 입문해보세요.
다른 사람들과 실력을 겨뤄보며 데이터 분석 대회의 즐거움을 느껴보세요.
자신만의 시각화 방법과 분석 방법을 공유하여 “좋아요”와 “댓글”을 모아보세요!

● 목적

펭귄의 종류, 날개 길이, 부리 깊이 등 펭귄들의 정보를 담은 데이터를 통해 각 펭귄의 몸무게를 예측
주어진 데이터 이외의 데이터는 사용 금지!

● 주최/주관
데이콘

● 시상금
1등 : 50 만원 (1명)
2등 : 20 만원 (3명)
3등 : 10만원 (5명)


데이콘은 활발한 코드 공유를 통한 참가자 전원의 실력 향상을 목표로 합니다!
모든 정보 교환은 적극 환영합니다.
가장 많은 호응을 얻으신 분께는 데이콘 후드를 선물로 드립니다!','펭귀닝_4.png',2,35);
Insert into MINT.CONTEST (CONTEST_NO,CONTEST_HOST,MEMBER_ID,CONTEST_TYPE,CONTEST_QUALIFY,CONTEST_DATE,CONTEST_DEADLINE,CONTEST_PRIZE,PHONE,EMAIL,CONTEST_TITLE,CONTEST_CONTENT,CONTEST_IMG,CONTEST_STATUS,CONTEST_COUNT) values (141,'DeveloMint','admin',1,'대학생,대학원생','2021-12-15','2021-12-15',100,'010-1234-1234','tionee@naver.com','test 공모다','test공모지롱
테스트 
테스트 공모','contest_test_1.png',2,4);
Insert into MINT.CONTEST (CONTEST_NO,CONTEST_HOST,MEMBER_ID,CONTEST_TYPE,CONTEST_QUALIFY,CONTEST_DATE,CONTEST_DEADLINE,CONTEST_PRIZE,PHONE,EMAIL,CONTEST_TITLE,CONTEST_CONTENT,CONTEST_IMG,CONTEST_STATUS,CONTEST_COUNT) values (161,'산업통상지원부','user01',2,'제한없음','2022-12-17','2021-12-29',200,'010-1234-5677','develeomints@gmail.com','제17회 임베디드 경진대회','◎대회목적
1. 창의적이고 혁신적인 임베디드SW 개발 아이디어 획득
2. 임베디드SW 분야 우수 인력 발굴 및 양성
3. 임베디드SW에 대한 범 국민적 인식 제고 및 글로벌 저변 확대

◎참가자격
임베디드SW에 관심이 있는 누구나!!

◎대회일정
1. 참가신청 및 개발보고서 접수
- 12.17 ~ 12.29 디벨로민트 공모전페이지에서 신청
- 기한내에만 접수가 가능하니, 반드시 날짜 확인바랍니다

2. 결선
- 결선(2022.01.10)전 부문 최종 서류심사를 통과한 팀들의 작품을 전시, 시연 및 경기 등을 통해 우승 작품을 심사합니다.

◎시상내역
1등(1팀) : 상장 및 상금 200만원
2등(2팀) : 상장 및 상금 100만원
3등(5팀) : 상장 및 상금 50만원

◎문의
Tel. 02-2132-0755 ~ 6 ㅣ Fax. 02-782-1266 ㅣ E-mail. develeomints@gmail.com','poster14.png',2,10);
Insert into MINT.CONTEST (CONTEST_NO,CONTEST_HOST,MEMBER_ID,CONTEST_TYPE,CONTEST_QUALIFY,CONTEST_DATE,CONTEST_DEADLINE,CONTEST_PRIZE,PHONE,EMAIL,CONTEST_TITLE,CONTEST_CONTENT,CONTEST_IMG,CONTEST_STATUS,CONTEST_COUNT) values (203,'현대중공업그룹','admin',2,'대학생,대학원생','2021-12-28','2022-01-21',500,'02-521-3925  ','develeomints@gmail.com','조선/해양 산업 Big Data/AI 대학생 경진대회','⊙ 대회 주제
 : 제조 공정 지능화를 위한 빅데이터 및 AI 과제
   (세부 내용은 서류 통과자에게만 개별 통보 됩니다)

⊙ 참가 대상
: 국내 거주자로서 전국 대학생 및 대학원생( 3명까지 팀 구성 가능 )

⊙ 시상 내역
: 최우수상 1팀 ( 5,000,000 원 )
  우수상 2팀 ( 3,000,000 원 )
  장려상 3팀 ( 1,000,000 원 )

⊙ 대회 일정
: 2021.12.28 ~ 2022.01.21

⊙ 문의사항 및 지원 방법
: 디벨로민트 홈페이지

본 경진대회에서 조선/해양 빅데이터 분석 영역에 대한 진지한 고민, 차별화된 아이디어로 디지털 혁신을 이끌어갈 대학생 및 대학원생 여러분의 많은 참여를 기대합니다.','현중.png',1,0);
Insert into MINT.CONTEST (CONTEST_NO,CONTEST_HOST,MEMBER_ID,CONTEST_TYPE,CONTEST_QUALIFY,CONTEST_DATE,CONTEST_DEADLINE,CONTEST_PRIZE,PHONE,EMAIL,CONTEST_TITLE,CONTEST_CONTENT,CONTEST_IMG,CONTEST_STATUS,CONTEST_COUNT) values (209,'ㅎㅎㅇㅎㅇㅎㅇㅎㅇㅎㅇㅎㅇㅎㅇㅎㅇㅎㅇㅎㅎㅎㅎㅎㅎㅎㅎㅎㅎㅎㅎ','admin',2,'대학생','2021-12-28','2022-01-01',100,'010-1234-1234','ha_eeee@naver.com','test','test','펭귀닝_4_1.png',3,0);
Insert into MINT.CONTEST (CONTEST_NO,CONTEST_HOST,MEMBER_ID,CONTEST_TYPE,CONTEST_QUALIFY,CONTEST_DATE,CONTEST_DEADLINE,CONTEST_PRIZE,PHONE,EMAIL,CONTEST_TITLE,CONTEST_CONTENT,CONTEST_IMG,CONTEST_STATUS,CONTEST_COUNT) values (210,'안안안안안안안안안안안안안안안안안안안안안안안안안안안안안안안','admin',2,'대학원생','2021-12-28','2021-12-29',50,'010-1234-1234','tionee@naver.com','2021 대학생 스마트 공모','werfef','펭귀닝_4_2.png',3,0);
Insert into MINT.CONTEST (CONTEST_NO,CONTEST_HOST,MEMBER_ID,CONTEST_TYPE,CONTEST_QUALIFY,CONTEST_DATE,CONTEST_DEADLINE,CONTEST_PRIZE,PHONE,EMAIL,CONTEST_TITLE,CONTEST_CONTENT,CONTEST_IMG,CONTEST_STATUS,CONTEST_COUNT) values (81,'test','admin',1,'대학생','2021-12-05','2021-12-31',50,'010-1234-1234','abcc@naver.com','test제목','test내용','poster4.png',3,18);
REM INSERTING into MINT.CONTEST_MEMBER
SET DEFINE OFF;
Insert into MINT.CONTEST_MEMBER (CM_NO,CONTEST_NO,MEMBER_ID,CM_GIT,CM_STATUS) values (123,19,'user01','https://github.com/user01/jejuon.git',1);
Insert into MINT.CONTEST_MEMBER (CM_NO,CONTEST_NO,MEMBER_ID,CM_GIT,CM_STATUS) values (124,22,'user01','https://github.com/user01/ingong.git',1);
Insert into MINT.CONTEST_MEMBER (CM_NO,CONTEST_NO,MEMBER_ID,CM_GIT,CM_STATUS) values (125,16,'user01','https://github.com/user01/posco.git',1);
Insert into MINT.CONTEST_MEMBER (CM_NO,CONTEST_NO,MEMBER_ID,CM_GIT,CM_STATUS) values (126,23,'testda3','https://github.com/testda3/intin.git',1);
Insert into MINT.CONTEST_MEMBER (CM_NO,CONTEST_NO,MEMBER_ID,CM_GIT,CM_STATUS) values (127,21,'testda3','https://github.com/testda3/bigdata.git',1);
Insert into MINT.CONTEST_MEMBER (CM_NO,CONTEST_NO,MEMBER_ID,CM_GIT,CM_STATUS) values (128,19,'testda3','https://github.com/testda3/jejuon.git',1);
Insert into MINT.CONTEST_MEMBER (CM_NO,CONTEST_NO,MEMBER_ID,CM_GIT,CM_STATUS) values (129,23,'user61','https://github.com/user61/intin.git',1);
Insert into MINT.CONTEST_MEMBER (CM_NO,CONTEST_NO,MEMBER_ID,CM_GIT,CM_STATUS) values (130,21,'user61','https://github.com/user61/bigdata.git',1);
Insert into MINT.CONTEST_MEMBER (CM_NO,CONTEST_NO,MEMBER_ID,CM_GIT,CM_STATUS) values (131,18,'user61','https://github.com/user61/coding.git',2);
Insert into MINT.CONTEST_MEMBER (CM_NO,CONTEST_NO,MEMBER_ID,CM_GIT,CM_STATUS) values (132,17,'user61','https://github.com/user61/open.git',1);
Insert into MINT.CONTEST_MEMBER (CM_NO,CONTEST_NO,MEMBER_ID,CM_GIT,CM_STATUS) values (163,201,'testda3','https://github.com/testda3/Penguin.git',1);
Insert into MINT.CONTEST_MEMBER (CM_NO,CONTEST_NO,MEMBER_ID,CM_GIT,CM_STATUS) values (161,201,'user01','https://github.com/user01/Penguin.git',1);
Insert into MINT.CONTEST_MEMBER (CM_NO,CONTEST_NO,MEMBER_ID,CM_GIT,CM_STATUS) values (162,201,'user64','https://github.com/user64/Penguin.git',1);
Insert into MINT.CONTEST_MEMBER (CM_NO,CONTEST_NO,MEMBER_ID,CM_GIT,CM_STATUS) values (164,201,'amthomas','https://github.com/iwasthomas/Penguin.git',1);
Insert into MINT.CONTEST_MEMBER (CM_NO,CONTEST_NO,MEMBER_ID,CM_GIT,CM_STATUS) values (165,19,'amthomas','https://github.com/iwasthomas/Penguin.git',1);
Insert into MINT.CONTEST_MEMBER (CM_NO,CONTEST_NO,MEMBER_ID,CM_GIT,CM_STATUS) values (166,20,'amthomas','https://github.com/iwasthomas/develomints.git',1);
Insert into MINT.CONTEST_MEMBER (CM_NO,CONTEST_NO,MEMBER_ID,CM_GIT,CM_STATUS) values (167,161,'amthomas','https://github.com/iwasthomas/develomints.git',1);
Insert into MINT.CONTEST_MEMBER (CM_NO,CONTEST_NO,MEMBER_ID,CM_GIT,CM_STATUS) values (168,14,'amthomas','https://github.com/iwasthomas/develomints.git',1);
Insert into MINT.CONTEST_MEMBER (CM_NO,CONTEST_NO,MEMBER_ID,CM_GIT,CM_STATUS) values (169,201,'gosu1','https://github.com/gosu1/Penguin.git',1);
Insert into MINT.CONTEST_MEMBER (CM_NO,CONTEST_NO,MEMBER_ID,CM_GIT,CM_STATUS) values (170,14,'gosu1','https://github.com/gosu1/develomints.git',1);
Insert into MINT.CONTEST_MEMBER (CM_NO,CONTEST_NO,MEMBER_ID,CM_GIT,CM_STATUS) values (143,13,'user01','https://github.com/user01/meta.git',1);
Insert into MINT.CONTEST_MEMBER (CM_NO,CONTEST_NO,MEMBER_ID,CM_GIT,CM_STATUS) values (171,13,'gosu1','https://github.com/gosu1/meta.git',1);
Insert into MINT.CONTEST_MEMBER (CM_NO,CONTEST_NO,MEMBER_ID,CM_GIT,CM_STATUS) values (172,10,'gosu1','https://github.com/gosu1/develomints.git',1);
Insert into MINT.CONTEST_MEMBER (CM_NO,CONTEST_NO,MEMBER_ID,CM_GIT,CM_STATUS) values (173,8,'user216','https://github.com/user216/develomints.git',1);
Insert into MINT.CONTEST_MEMBER (CM_NO,CONTEST_NO,MEMBER_ID,CM_GIT,CM_STATUS) values (174,10,'user216','https://github.com/user216/develomints.git',1);
Insert into MINT.CONTEST_MEMBER (CM_NO,CONTEST_NO,MEMBER_ID,CM_GIT,CM_STATUS) values (175,16,'user216','https://github.com/user216/develomints.git',1);
Insert into MINT.CONTEST_MEMBER (CM_NO,CONTEST_NO,MEMBER_ID,CM_GIT,CM_STATUS) values (176,17,'user216','https://github.com/user216/develomints.git',1);
Insert into MINT.CONTEST_MEMBER (CM_NO,CONTEST_NO,MEMBER_ID,CM_GIT,CM_STATUS) values (201,201,'2055862237','1',1);
Insert into MINT.CONTEST_MEMBER (CM_NO,CONTEST_NO,MEMBER_ID,CM_GIT,CM_STATUS) values (101,22,'qwerty','https://github.com/saewsw/test.git',1);
Insert into MINT.CONTEST_MEMBER (CM_NO,CONTEST_NO,MEMBER_ID,CM_GIT,CM_STATUS) values (121,23,'user01','https://github.com/user01/gongmo.git',1);
Insert into MINT.CONTEST_MEMBER (CM_NO,CONTEST_NO,MEMBER_ID,CM_GIT,CM_STATUS) values (122,21,'user01','https://github.com/user01/bigdata.git',1);
Insert into MINT.CONTEST_MEMBER (CM_NO,CONTEST_NO,MEMBER_ID,CM_GIT,CM_STATUS) values (183,23,'user181','ruru0907@naver.com',1);
REM INSERTING into MINT.DELETE_MEMBER
SET DEFINE OFF;
Insert into MINT.DELETE_MEMBER (DM_NO,DM_ID,DM_DATE) values (1,'testuser','2021-12-03');
Insert into MINT.DELETE_MEMBER (DM_NO,DM_ID,DM_DATE) values (2,'testuser2','2021-12-06');
Insert into MINT.DELETE_MEMBER (DM_NO,DM_ID,DM_DATE) values (3,'testuser3','2021-12-06');
Insert into MINT.DELETE_MEMBER (DM_NO,DM_ID,DM_DATE) values (71,'amthomas','2021-12-07');
Insert into MINT.DELETE_MEMBER (DM_NO,DM_ID,DM_DATE) values (72,'amthomas','2021-12-07');
Insert into MINT.DELETE_MEMBER (DM_NO,DM_ID,DM_DATE) values (21,'testuser3','2021-12-08');
Insert into MINT.DELETE_MEMBER (DM_NO,DM_ID,DM_DATE) values (161,'wasthomas','2021-12-21');
Insert into MINT.DELETE_MEMBER (DM_NO,DM_ID,DM_DATE) values (162,'wasthomas','2021-12-21');
Insert into MINT.DELETE_MEMBER (DM_NO,DM_ID,DM_DATE) values (163,'wasthomas','2021-12-21');
Insert into MINT.DELETE_MEMBER (DM_NO,DM_ID,DM_DATE) values (164,'2043525473','2021-12-27');
Insert into MINT.DELETE_MEMBER (DM_NO,DM_ID,DM_DATE) values (207,'user207','2021-12-27');
Insert into MINT.DELETE_MEMBER (DM_NO,DM_ID,DM_DATE) values (208,'user208','2021-12-27');
Insert into MINT.DELETE_MEMBER (DM_NO,DM_ID,DM_DATE) values (227,'iwasthomas','2021-12-28');
Insert into MINT.DELETE_MEMBER (DM_NO,DM_ID,DM_DATE) values (230,'2054008634','2021-12-28');
REM INSERTING into MINT.DEVELOP_LANGUAGE
SET DEFINE OFF;
Insert into MINT.DEVELOP_LANGUAGE (LANGUAGE_NO,LANGUAGE_NAME,LANGUAGE_IMG) values (15,'c','/resources/img/recruitTeamProject/common/language/c.png');
Insert into MINT.DEVELOP_LANGUAGE (LANGUAGE_NO,LANGUAGE_NAME,LANGUAGE_IMG) values (16,'django','/resources/img/recruitTeamProject/common/language/django.png');
Insert into MINT.DEVELOP_LANGUAGE (LANGUAGE_NO,LANGUAGE_NAME,LANGUAGE_IMG) values (17,'flutter','/resources/img/recruitTeamProject/common/language/flutter.png');
Insert into MINT.DEVELOP_LANGUAGE (LANGUAGE_NO,LANGUAGE_NAME,LANGUAGE_IMG) values (18,'go','/resources/img/recruitTeamProject/common/language/go.png');
Insert into MINT.DEVELOP_LANGUAGE (LANGUAGE_NO,LANGUAGE_NAME,LANGUAGE_IMG) values (19,'java','/resources/img/recruitTeamProject/common/language/java.png');
Insert into MINT.DEVELOP_LANGUAGE (LANGUAGE_NO,LANGUAGE_NAME,LANGUAGE_IMG) values (20,'javascript','/resources/img/recruitTeamProject/common/language/javascript.png');
Insert into MINT.DEVELOP_LANGUAGE (LANGUAGE_NO,LANGUAGE_NAME,LANGUAGE_IMG) values (21,'kotlin','/resources/img/recruitTeamProject/common/language/kotlin.png');
Insert into MINT.DEVELOP_LANGUAGE (LANGUAGE_NO,LANGUAGE_NAME,LANGUAGE_IMG) values (22,'node.js','/resources/img/recruitTeamProject/common/language/node.js.png');
Insert into MINT.DEVELOP_LANGUAGE (LANGUAGE_NO,LANGUAGE_NAME,LANGUAGE_IMG) values (23,'python','/resources/img/recruitTeamProject/common/language/python.png');
Insert into MINT.DEVELOP_LANGUAGE (LANGUAGE_NO,LANGUAGE_NAME,LANGUAGE_IMG) values (24,'react','/resources/img/recruitTeamProject/common/language/react.png');
Insert into MINT.DEVELOP_LANGUAGE (LANGUAGE_NO,LANGUAGE_NAME,LANGUAGE_IMG) values (25,'spring','/resources/img/recruitTeamProject/common/language/spring.png');
Insert into MINT.DEVELOP_LANGUAGE (LANGUAGE_NO,LANGUAGE_NAME,LANGUAGE_IMG) values (26,'swift','/resources/img/recruitTeamProject/common/language/swift.png');
Insert into MINT.DEVELOP_LANGUAGE (LANGUAGE_NO,LANGUAGE_NAME,LANGUAGE_IMG) values (27,'typescript','/resources/img/recruitTeamProject/common/language/typescript.png');
Insert into MINT.DEVELOP_LANGUAGE (LANGUAGE_NO,LANGUAGE_NAME,LANGUAGE_IMG) values (28,'vue','/resources/img/recruitTeamProject/common/language/vue.png');
REM INSERTING into MINT.FAQ
SET DEFINE OFF;
Insert into MINT.FAQ (FAQ_NO,FAQ_Q,FAQ_A,CATEGORY) values (86,'이벤트는 언제하나요?','안해',20);
Insert into MINT.FAQ (FAQ_NO,FAQ_Q,FAQ_A,CATEGORY) values (41,'견적은 어떻게 보내나요?','관심이 있는 요청서를 받으셨다면 고객에게 견적을 보내보세요.   
<br>
요청서를 여러 개 받았더라도, 나와 조건이 맞는 요청서에만 견적을 보내면 됩니다.',8);
Insert into MINT.FAQ (FAQ_NO,FAQ_Q,FAQ_A,CATEGORY) values (42,'고수에게 리뷰는 어떻게 남기나요?','고수에게 만족스러운 서비스를 받으셨다면 숨고 프로필에 리뷰를 남겨주세요.
<br>
고객님이 남겨주신 한 마디가 고수님에게는 큰 힘이 될 수 있습니다.',8);
Insert into MINT.FAQ (FAQ_NO,FAQ_Q,FAQ_A,CATEGORY) values (45,'카드로 결제했는데 계좌로 환불 받을 수 있을까요?','환불은 결제하신 수단으로만 가능합니다. 카드 결제 시 카드 취소로 진행됩니다.',9);
Insert into MINT.FAQ (FAQ_NO,FAQ_Q,FAQ_A,CATEGORY) values (46,'휴대폰으로 결제했는데 부분 취소가 가능한가요?','휴대폰 결제 시 부분 취소는 불가합니다. 부분 환불 또는 결제 월이 지났을 경우 계좌로 환불됩니다.',9);
Insert into MINT.FAQ (FAQ_NO,FAQ_Q,FAQ_A,CATEGORY) values (48,'공모전은 어떻게 등록하나요?','로그인 후 공모전 페이지 우측 상단의 "공모전 등록" 버튼을 클릭하시면 공모전을 등록하실 수 있습니다.',10);
Insert into MINT.FAQ (FAQ_NO,FAQ_Q,FAQ_A,CATEGORY) values (50,'공모전 리뷰는 어떻게 남기나요?','함께한 공모전이 모두 끝나면 해당 공모페이지에 리뷰를 달 수 있습니다.',10);
Insert into MINT.FAQ (FAQ_NO,FAQ_Q,FAQ_A,CATEGORY) values (51,'공모전에 참여한다고 했는데 일정이 생겨 참여못할 것 같아요.','공모페이지의 주최자 이메일이나 전화번호를 통해 참여를 취소한다고 연락바랍니다.',10);
Insert into MINT.FAQ (FAQ_NO,FAQ_Q,FAQ_A,CATEGORY) values (53,'공모전 상금은 어떻게 받나요?','순위에 들게되면 주최한 공모전의 상금을 세금을 제한 금액으로 계좌로 송금해드립니다.',10);
Insert into MINT.FAQ (FAQ_NO,FAQ_Q,FAQ_A,CATEGORY) values (54,'구인공고를 올리고 싶어요','구인공고는 기업회원만 등록이 가능합니다. 기업회원은 마이페이지에서 인증 후 전환이 가능합니다.',11);
Insert into MINT.FAQ (FAQ_NO,FAQ_Q,FAQ_A,CATEGORY) values (56,'이력서 등록은 어떻게 하나요?','로그인 후 구인공고 > 이력서 작성하기에서 양식에 맞춰 작성하시면 됩니다.',11);
Insert into MINT.FAQ (FAQ_NO,FAQ_Q,FAQ_A,CATEGORY) values (57,'대표이력서를 변경하고 싶어요.','대표이력서는 이력서관리 페이지에서 일반이력서 상단에 "대표이력서 등록" 버튼을 on으로 바꾸시면 변경됩니다.',11);
Insert into MINT.FAQ (FAQ_NO,FAQ_Q,FAQ_A,CATEGORY) values (58,'기업정보에 리뷰를 달고싶어요.','기업정보 리뷰는 해당기업에 종사하고 계신 또는 종사하셨던 회원만 작성 가능합니다. <br> 회사 인증은 마이페이지에서 가능합니다.',11);
Insert into MINT.FAQ (FAQ_NO,FAQ_Q,FAQ_A,CATEGORY) values (59,'개발지식 공유 게시판은 누가 작성할 수 있나요?','개발지식 공유 게시판은 누구나 작성할 수 있습니다. 고객님의 지식을 회원들에게 공유해주세요! ',12);
Insert into MINT.FAQ (FAQ_NO,FAQ_Q,FAQ_A,CATEGORY) values (60,'개발지식 공유 게시판 작성자에게 연락하고 싶어요.','작성글의 상세보기에 들어가시면 오른쪽 상단에 "쪽지보내기" 기능이 있습니다. 버튼을 눌러 쪽지를 보내보세요.',12);
Insert into MINT.FAQ (FAQ_NO,FAQ_Q,FAQ_A,CATEGORY) values (62,'올린 게시글을 삭제하고싶어요.','해당 게시글에 들어가면 작성자에게만 수정/삭제 버튼이 있습니다. 삭제버튼을 클릭하시면 삭제가능합니다.',12);
Insert into MINT.FAQ (FAQ_NO,FAQ_Q,FAQ_A,CATEGORY) values (63,'게시글에 댓글은 누가 작성할 수 있나요?','게시글의 댓글은 회원이라면 누구나 작성할 수 있습니다. 질문하여 새로운 지식을 습득하세요.',12);
Insert into MINT.FAQ (FAQ_NO,FAQ_Q,FAQ_A,CATEGORY) values (64,'회원등급은 어떻게 올리나요?','팀프로젝트, 개발지식공유, 공모전 등의 활동에 참여에서 좋은 평가를 받게되면 회원등급 점수가 올라갑니다.',13);
Insert into MINT.FAQ (FAQ_NO,FAQ_Q,FAQ_A,CATEGORY) values (66,'"팀원모집"은 무엇인가요?','회원 중 기획자 한분이 프로젝트를 기획하고 디벨로민트 팀원을 모집하여 팀프로젝트를 진행하는 페이지입니다.',13);
Insert into MINT.FAQ (FAQ_NO,FAQ_Q,FAQ_A,CATEGORY) values (67,'"개발지식공유"는 무엇인가요?','회원간에 개발에 대한 지식을 주고 받는 자유게시판입니다. 많은 정보를 공유하거나 받아보세요.',13);
Insert into MINT.FAQ (FAQ_NO,FAQ_Q,FAQ_A,CATEGORY) values (69,'"고수의 노하우"는 무엇인가요?','고수의 노하우는 "개발지식공유"에서 더 나아가 어려운 문제거리를 고수에게 1:1 피드백 받을 수 있는 공간입니다. <br> 해결하지 못한 문제가 있다면 고수에게 문의해보세요!',13);
Insert into MINT.FAQ (FAQ_NO,FAQ_Q,FAQ_A,CATEGORY) values (70,'"공모전"은 무엇인가요?','주최자가 공모전을 열게되면 팀을 구성하여 공모전에 참여해보세요. 순위에 들게 된다면 상금이 주어집니다.',13);
Insert into MINT.FAQ (FAQ_NO,FAQ_Q,FAQ_A,CATEGORY) values (71,'팀원모집은 어떻게 이용하나요?','기획중인 프로젝트가 있다면 팀원을 모아 프로젝트를 진행해보세요. 팀원으로 들어가고 싶다면 원하는 프로젝트를 찾아 지원해보세요!',14);
Insert into MINT.FAQ (FAQ_NO,FAQ_Q,FAQ_A,CATEGORY) values (73,'상단에 그림은 무엇인가요?','프로그래밍 언어의 이미지입니다. 이미지를 클릭하면 선택된 언어가 포함된 팀원모집 글만 출력됩니다.',14);
Insert into MINT.FAQ (FAQ_NO,FAQ_Q,FAQ_A,CATEGORY) values (21,'아이디, 비밀번호가 기억나지 않아요.','아이디/비밀번호가 기억나지 않으신다면, 로그인페이지의 아이디/비밀번호 찾기를 통해 확인하실 수 있습니다.',7);
Insert into MINT.FAQ (FAQ_NO,FAQ_Q,FAQ_A,CATEGORY) values (22,'회원가입이 잘 안돼요.','회원가입은 아이디 5~12글자, 비밀번호 영문,숫자로 최소8글자와 이메일인증을 받으셔야 가입이 가능합니다. 확인 후 다시 가입해보세요!',7);
Insert into MINT.FAQ (FAQ_NO,FAQ_Q,FAQ_A,CATEGORY) values (23,'회원가입시 이메일 인증이 안와요','이메일 오류로 잠시 인증메일이 가지 않을 수 있습니다.<br> 이메일을 정확히 입력하셨는지 한번 더 확인 후 계속 인증메일이 오지 않으면 고객센터에 문의해주세요.',7);
Insert into MINT.FAQ (FAQ_NO,FAQ_Q,FAQ_A,CATEGORY) values (24,'회원가입은 어떻게 하나요?','회원가입은<br> 1. 일반 가입(회원가입 시 반드시 최초 1회 본인인증이 필요합니다.)<br> 2. 카카오 계정을 통한 가입 두가지로 가능합니다.',7);
Insert into MINT.FAQ (FAQ_NO,FAQ_Q,FAQ_A,CATEGORY) values (25,'회원 탈퇴는 어떻게 하나요?','마이페이지 > 정보수정하기 > 회원탈퇴에서 할 수 있습니다.',7);
Insert into MINT.FAQ (FAQ_NO,FAQ_Q,FAQ_A,CATEGORY) values (26,'회원 탈퇴를 취소하고 싶습니다.','회원 탈퇴는 취소가 불가능합니다.',7);
Insert into MINT.FAQ (FAQ_NO,FAQ_Q,FAQ_A,CATEGORY) values (27,'개명을 했습니다. 이름을 변경하고 싶어요.','마이페이지 > 회원정보변경에서 변경할 수 있습니다.',7);
Insert into MINT.FAQ (FAQ_NO,FAQ_Q,FAQ_A,CATEGORY) values (28,'아이디를 변경할 수 있나요?','등록된 아이디는 변경이 불가능합니다.',7);
Insert into MINT.FAQ (FAQ_NO,FAQ_Q,FAQ_A,CATEGORY) values (29,'회원 등급이 낮아졌어요','회원 등급은 리뷰나 신고를 받으면 낮아질 수 있습니다.',7);
Insert into MINT.FAQ (FAQ_NO,FAQ_Q,FAQ_A,CATEGORY) values (30,'기업회원으로 가입은 어떻게 하나요?','일반 회원가입을 완료한 후 마이페이지에서 기업고객 전환을 통해 가입이 가능합니다.',7);
Insert into MINT.FAQ (FAQ_NO,FAQ_Q,FAQ_A,CATEGORY) values (31,'회사인증은 어떻게 하나요?','마이페이지에서 회사인증이 가능합니다.',7);
Insert into MINT.FAQ (FAQ_NO,FAQ_Q,FAQ_A,CATEGORY) values (32,'타인 명의로 된 휴대전화로 가입이 가능한가요?','가능합니다만, 허락받지 않고 타인 명의로 된 휴대전화 사용 시 법적 처벌을 받을 수 있으므로 주의해주세요.',7);
Insert into MINT.FAQ (FAQ_NO,FAQ_Q,FAQ_A,CATEGORY) values (33,'이메일 인증을 할 수 없는 경우 어떻게 하나요?','디벨로민트는 안전을 위해 본인인증 절차를 진행하고 있습니다.<br> 인증이 불가능한 경우 회원가입이 되지 않는 점 양해바랍니다.',7);
Insert into MINT.FAQ (FAQ_NO,FAQ_Q,FAQ_A,CATEGORY) values (34,'카카오 로그인 연동을 해제하고 싶어요. 어떻게 하면 되나요?','카카오 로그인 연동은 카카오톡 앱 설정에서 해제가 가능합니다.<br> * 경로: 카카오톡 설정 > 개인/보안 > 카카오 계정 > 연결된 서비스 관리 > 디벨로민트 선택 > 모든 정보 삭제',7);
Insert into MINT.FAQ (FAQ_NO,FAQ_Q,FAQ_A,CATEGORY) values (35,'이메일 인증 시 이미 존재하는 이메일이라고 뜰 경우 어떻게 해야 하나요?','인증하고자 하는 이메일이 이미 다른 아이디 또는 사용자에 의해 인증이 완료되어 있는 경우 중복으로 추가 인증이 되지 않습니다. 가입한 적이 없다면 고객센터로 문의 부탁드립니다.',7);
Insert into MINT.FAQ (FAQ_NO,FAQ_Q,FAQ_A,CATEGORY) values (36,'고수는 어떤 서비스인가요?','고수는 고객이 요청서를 작성하면 고수가 견적금액을 보내고 거래가 성사되면 고수가 피드백을 해주는 방식입니다.',8);
Insert into MINT.FAQ (FAQ_NO,FAQ_Q,FAQ_A,CATEGORY) values (37,'고수/고객과 어떻게 거래하나요?','고객이 원하는 서비스의 요청서를 작성해서 보내면, 고수는 고객에게 견적(견적금액과 프로필)을 보냅니다.<br> 서비스를 진행하기로 협의했다면 결제 폼을 통해 거래하시면 됩니다.',8);
Insert into MINT.FAQ (FAQ_NO,FAQ_Q,FAQ_A,CATEGORY) values (38,'요청서는 무엇인가요? 작성은 어떻게 하나요?','고객은 전문가인 고수에게 서비스 견적을 요청하기 위해 요청서를 작성합니다.<br> 요청서를 작성하실 때는, 요청서의 모든 질문에 답변을 해야 합니다.
원하는 서비스 내용을 구체적으로 작성해야 정확한 견적금액을 확인할 수 있고, 조건에 맞는 고수를 찾을 확률이 더 높아집니다.',8);
Insert into MINT.FAQ (FAQ_NO,FAQ_Q,FAQ_A,CATEGORY) values (39,'고수/고객과 연결되면 수수료가 있나요?','고수와 거래를 하더라도 고객에게 수수료가 부과되지 않습니다.
<br>
고객이 서비스 요청서를 작성하면 적합한 고수에게 전달되고, 고수는 요청서를 확인한 후 견적을 보냅니다.',8);
Insert into MINT.FAQ (FAQ_NO,FAQ_Q,FAQ_A,CATEGORY) values (40,'고수로 가입하고 싶어요. 자격조건이 있나요?','고수는 일반회원이 팀프로젝트, 개발지식공유, 공모전 등의 참여에서 좋은 평가를 받아 점수가 80점에 도달하면 고수회원으로 전환됩니다.',8);
Insert into MINT.FAQ (FAQ_NO,FAQ_Q,FAQ_A,CATEGORY) values (43,'환불 접수 절차','환불 접수는 고객센터에 사유와 함께 문의 부탁드립니다.',9);
Insert into MINT.FAQ (FAQ_NO,FAQ_Q,FAQ_A,CATEGORY) values (44,'고수가 마음에 안들어요. 환불해주세요.','고수에게 문의드려 환불받을 수 있도록 조치하겠습니다.',9);
Insert into MINT.FAQ (FAQ_NO,FAQ_Q,FAQ_A,CATEGORY) values (47,'환불 소요 기간 안내','- 환불요청 승인 후 1~3 영업일 이내 취소됩니다.',9);
Insert into MINT.FAQ (FAQ_NO,FAQ_Q,FAQ_A,CATEGORY) values (49,'공모전은 누가 등록할 수 있나요?','공모전은 차단된 회원이 아니라면 누구나 등록할 수 있습니다.',10);
Insert into MINT.FAQ (FAQ_NO,FAQ_Q,FAQ_A,CATEGORY) values (52,'공모전 중간 하차가 가능한가요?','가능합니다만, 주최자에게 미리 연락 부탁드립니다.',10);
Insert into MINT.FAQ (FAQ_NO,FAQ_Q,FAQ_A,CATEGORY) values (55,'구인공고를 여러개 올리고 싶어요.','구인공고는 한 회원당 1개의 공고만 올릴 수 있습니다.',11);
Insert into MINT.FAQ (FAQ_NO,FAQ_Q,FAQ_A,CATEGORY) values (61,'올린 게시글을 수정하고싶어요.','해당 게시글에 들어가면 작성자에게만 수정/삭제 버튼이 있습니다. 수정버튼을 클릭하시면 수정가능합니다.',12);
Insert into MINT.FAQ (FAQ_NO,FAQ_Q,FAQ_A,CATEGORY) values (65,'디벨로민트 뜻이 무엇인가요?','개발의 develop과 시그니쳐 색상 mint를 합쳐 develo + mint로, 민트색 색상의 개발자 커뮤니티를 뜻합니다.',13);
Insert into MINT.FAQ (FAQ_NO,FAQ_Q,FAQ_A,CATEGORY) values (68,'"구인구직"은 무엇인가요?','디벨로민트 자체에서 IT기업이 구인모집을 합니다. 관심이 있는 회원은 공고를 보고 지원해보세요.',13);
Insert into MINT.FAQ (FAQ_NO,FAQ_Q,FAQ_A,CATEGORY) values (72,'팀을 구하고싶어요.','팀원모집 페이지의 오른쪽 상단에 "글 쓰기" 버튼을 눌러 해당프로젝트 소개 글을 작성하고 팀원을 모집하세요.',14);
Insert into MINT.FAQ (FAQ_NO,FAQ_Q,FAQ_A,CATEGORY) values (74,'팀프로젝트 지원신청을 취소하고싶어요.','신청하신 팀모집 공고페이지 왼쪽 하단에 "작성한 지원글 확인"에 들어가시면 취소가 가능합니다.',14);
Insert into MINT.FAQ (FAQ_NO,FAQ_Q,FAQ_A,CATEGORY) values (75,'팀원 선발은 언제되는건가요?','팀원 선발은 프로젝트 모집자가 선발버튼을 눌러야 선발이 됩니다. 오랫동안 응답이 없을 경우 고객센터로 문의 부탁드립니다.',14);
Insert into MINT.FAQ (FAQ_NO,FAQ_Q,FAQ_A,CATEGORY) values (76,'문의 답변은 언제오나요?','평일 09:00 ~ 16:30 에 문의하셨다면 30분 내로 답변이 등록됩니다. 업무시간 외에 문의하셨다면 다음 업무시간에 답변이 등록됩니다.',40);
Insert into MINT.FAQ (FAQ_NO,FAQ_Q,FAQ_A,CATEGORY) values (77,'고객센터 업무 시간이 궁금해요. 주말에도 문의가 가능한가요?','고객센터 업무시간 안내입니다. <br> 평일 : 오전 9시 ~ 오후6시 토, 일, 공휴일 : 휴무',40);
Insert into MINT.FAQ (FAQ_NO,FAQ_Q,FAQ_A,CATEGORY) values (78,'디벨로민트는 무료 사이트인가요?','고수의 노하우를 제외한 모든 페이지는 무료입니다. 고수의 페이지는 고수에게 페이를 지불하고 피드백을 받는 형식입니다.',40);
Insert into MINT.FAQ (FAQ_NO,FAQ_Q,FAQ_A,CATEGORY) values (80,'신고는 어떻게 하나요?','댓글 오른쪽 "!" 버튼을 클릭하시면 사유와 함께 신고하실 수 있습니다.',22);
Insert into MINT.FAQ (FAQ_NO,FAQ_Q,FAQ_A,CATEGORY) values (85,'기능 작동이 안돼요.','작동하지 않는 기능을 관리자에게 문의해주세요.',21);
Insert into MINT.FAQ (FAQ_NO,FAQ_Q,FAQ_A,CATEGORY) values (79,'휴대폰 번호가 변경되었습니다. 내 정보와 다른데 상관없나요?','마이페이지 > 내 정보 수정에서 바뀐 휴대폰 번호로 변경해주시기 바랍니다.',40);
Insert into MINT.FAQ (FAQ_NO,FAQ_Q,FAQ_A,CATEGORY) values (81,'신고를 받으면 어떻게 되나요?','신고가 4회 누적시 별도의 쪽지가 발송되며, 5회 누적될 경우 회원 아이디가 차단됩니다.',22);
Insert into MINT.FAQ (FAQ_NO,FAQ_Q,FAQ_A,CATEGORY) values (82,'허위신고를 하면 어떻게 되나요?','의도된 허위신고는 패널티를 받을 수 있으므로 주의해주시기 바랍니다.',22);
Insert into MINT.FAQ (FAQ_NO,FAQ_Q,FAQ_A,CATEGORY) values (83,'댓글 말고 게시글을 신고할 수는 없나요?','현재 신고는 댓글만 가능합니다. 게시글을 신고하고 싶으신 경우 관리자에게 문의 바랍니다.',22);
Insert into MINT.FAQ (FAQ_NO,FAQ_Q,FAQ_A,CATEGORY) values (84,'신고가 누적되어 로그인이 안돼요. 차단은 어떻게 푸나요?','차단은 풀 수 없습니다. 억울한 상황으로 차단을 당하셨다면 관리자에게 문의 바랍니다.',22);
REM INSERTING into MINT.GOSU
SET DEFINE OFF;
Insert into MINT.GOSU (GGOSU_NO,GOSU_NO,GOSU_TITLE,GOSU_SELF,GOSU_COST,GOSU_DATE) values (65,35,'엔서스컴퍼니','온라인광고 바이럴, 키워드, 컨텐트 등 8000여곳 진행',3000,'2021-12-19');
Insert into MINT.GOSU (GGOSU_NO,GOSU_NO,GOSU_TITLE,GOSU_SELF,GOSU_COST,GOSU_DATE) values (66,96,'?홍정민 #jm코딩 #1200시간 수업 경력','?월 4회수업 6개월만에 웹/앱, 서버, 데이터베이스',4000,'2021-12-19');
Insert into MINT.GOSU (GGOSU_NO,GOSU_NO,GOSU_TITLE,GOSU_SELF,GOSU_COST,GOSU_DATE) values (67,97,'레아나LEE','토탈 서비스 (사진촬영 광고 홈페이지제작&홈페이지와앱개발)',5000,'2021-12-19');
Insert into MINT.GOSU (GGOSU_NO,GOSU_NO,GOSU_TITLE,GOSU_SELF,GOSU_COST,GOSU_DATE) values (68,98,' 최고고수_코딩/개발/취업/공모전/대학(원)/자소서/면접','서울대 컴퓨터공 박사수료, 카카오 외주 개발',5000,'2021-12-19');
Insert into MINT.GOSU (GGOSU_NO,GOSU_NO,GOSU_TITLE,GOSU_SELF,GOSU_COST,GOSU_DATE) values (70,101,'ALOHA','ALOHA 의 프로그래밍(웹개발 정보처리기사 컴활 웹디자인기능사)',4000,'2021-12-19');
Insert into MINT.GOSU (GGOSU_NO,GOSU_NO,GOSU_TITLE,GOSU_SELF,GOSU_COST,GOSU_DATE) values (71,102,'폭스IT','매크로/VBA 개발',3000,'2021-12-20');
Insert into MINT.GOSU (GGOSU_NO,GOSU_NO,GOSU_TITLE,GOSU_SELF,GOSU_COST,GOSU_DATE) values (72,103,'웹하는언니','반응형웹사이트제작 전문, SEO최적화 전문입니다.',4000,'2021-12-20');
Insert into MINT.GOSU (GGOSU_NO,GOSU_NO,GOSU_TITLE,GOSU_SELF,GOSU_COST,GOSU_DATE) values (74,157,'김진호/KH당산점 최고의 인재!','프로그래밍/코딩레슨 ',5000,'2021-12-20');
Insert into MINT.GOSU (GGOSU_NO,GOSU_NO,GOSU_TITLE,GOSU_SELF,GOSU_COST,GOSU_DATE) values (75,104,'YIMIKJU','[실무에 유용한 엑셀 활용] & [엑셀 매크로&VBA를 활용한 업무 자동화] & [파워쿼리를 활용한 데이터 자동취합 및 시각화] & 외주작업',4000,'2021-12-20');
Insert into MINT.GOSU (GGOSU_NO,GOSU_NO,GOSU_TITLE,GOSU_SELF,GOSU_COST,GOSU_DATE) values (76,105,'it서비스 개발 기획 전문가 이민후 본부장','IT서비스개발 및 전략기획, 컨설팅 만족도 98%의 플랫폼 사업 개발&기획 전문가 이민후본부장입니다.',3000,'2021-12-20');
Insert into MINT.GOSU (GGOSU_NO,GOSU_NO,GOSU_TITLE,GOSU_SELF,GOSU_COST,GOSU_DATE) values (77,106,'훈이즈히어','수 많은 경험과 포트폴리오로 UI UX에 관련된 모든 부분에 큰 도움을 드릴수 있습니다.  포트폴리오는 아래 홈페이지 버튼을 눌러주세요~!',4000,'2021-12-20');
Insert into MINT.GOSU (GGOSU_NO,GOSU_NO,GOSU_TITLE,GOSU_SELF,GOSU_COST,GOSU_DATE) values (78,155,'드루피의 코딩/임한sol','드루피 임한sol에게 맡겨주세요!',50000,'2021-12-20');
Insert into MINT.GOSU (GGOSU_NO,GOSU_NO,GOSU_TITLE,GOSU_SELF,GOSU_COST,GOSU_DATE) values (79,107,'연주환/코익인간','코익인간 누적 수강생 50명 달성?',4000,'2021-12-20');
Insert into MINT.GOSU (GGOSU_NO,GOSU_NO,GOSU_TITLE,GOSU_SELF,GOSU_COST,GOSU_DATE) values (80,129,'안형태','데이터 크롤링 부터 다양한 알고리즘 적용을 통한 분석 그리고 설명까지 책임지고 진행합니다. 주로 R과 Python을 사용합니다.',4500,'2021-12-20');
Insert into MINT.GOSU (GGOSU_NO,GOSU_NO,GOSU_TITLE,GOSU_SELF,GOSU_COST,GOSU_DATE) values (82,130,'니버렉(Neever-Lec)','Mark Ten 고수의 프로그래밍/코딩 레슨, 아두이노/AVR 레슨, 외주개발, 컴퓨터 활용 레슨',3550,'2021-12-20');
Insert into MINT.GOSU (GGOSU_NO,GOSU_NO,GOSU_TITLE,GOSU_SELF,GOSU_COST,GOSU_DATE) values (83,131,'박관홍','PC & 모바일 게임 개발 프로그래밍 15년',5500,'2021-12-20');
Insert into MINT.GOSU (GGOSU_NO,GOSU_NO,GOSU_TITLE,GOSU_SELF,GOSU_COST,GOSU_DATE) values (84,132,'이재만','웹과 SW개발자 컴퓨터공학 전공',2500,'2021-12-20');
Insert into MINT.GOSU (GGOSU_NO,GOSU_NO,GOSU_TITLE,GOSU_SELF,GOSU_COST,GOSU_DATE) values (85,133,'WOOYEON DESIGN','가성비 좋게 디자인 받아보실 수 있도록 최선을 다하는 우연 디자이너가 되겠습니다.',3500,'2021-12-20');
Insert into MINT.GOSU (GGOSU_NO,GOSU_NO,GOSU_TITLE,GOSU_SELF,GOSU_COST,GOSU_DATE) values (86,134,'개발괴발life','프로그래밍/코딩 레슨',4000,'2021-12-20');
Insert into MINT.GOSU (GGOSU_NO,GOSU_NO,GOSU_TITLE,GOSU_SELF,GOSU_COST,GOSU_DATE) values (87,135,'IT전문멘토','IT서비스 마케팅과 솔루션 개발, 취업/비즈니스 컨설팅을 제공하는 회사입니다.',6000,'2021-12-20');
Insert into MINT.GOSU (GGOSU_NO,GOSU_NO,GOSU_TITLE,GOSU_SELF,GOSU_COST,GOSU_DATE) values (88,136,'MODA DESIGN','웹사이트 제작 / 유지보수 / 디자인 전문 모다 디자인입니다 :) 원하시는 작업에 맞추어 디자인과 웹사이트 제작까지 친절히 도와드립니다 !',4000,'2021-12-20');
Insert into MINT.GOSU (GGOSU_NO,GOSU_NO,GOSU_TITLE,GOSU_SELF,GOSU_COST,GOSU_DATE) values (89,137,'이창수','IT 대기업 현직자입니다. 소프트웨어 개발, 프로그래밍 교육 모두 가능합니다. 편하게 연락주세요 :)',4500,'2021-12-20');
REM INSERTING into MINT.GOSU_FEEDBACK
SET DEFINE OFF;
Insert into MINT.GOSU_FEEDBACK (FEEDBACK_NO,GGOSU_NO,FEEDBACK_CONTENT,FEEDBACK_TITLE,FEEDBACK_DATE,FEEDBACK_NUM,MEMBER_ID) values (42,89,'요즘 웹 개발 진행 중인데 어려움을 겪고 있습니다.
좋은 모델은 주석을 보지 않고도 모델이 나타내는 실세계의 개념에 비추어 자연스럽게 읽히는 형태입니다. 예컨대 ''CardDeck''이란 클래스에 ''cards: List<Card>''라는 속성이 있고 ''shuffle()''이라는 메서드가 있다면 특별히 주석을 달지 않아도, 어떻게 하면 카드덱의 카드를 섞을 수 있는지 직관적으로 알 수 있을 것입니다.

반면 ''CardGame.shuffle()'' 같은 메서드를 만들었다면 카드를 섞는행위는 카드 게임의 동작이라기 보다는 카드덱이나 플레이어의 동작으로 생각하는 것이 더 자연스럽다는 점을 감안하면 좋지 못한 모델링이 될 수 있습니다.

이런 식으로 어느 정도 기본적인 모델링에 익숙해지면 그 다음에는 일반화, 추상화에 대해 고민을 하는 것이 좋습니다.','피드백 신청합니다~!','2021-12-20',3,'user01');
Insert into MINT.GOSU_FEEDBACK (FEEDBACK_NO,GGOSU_NO,FEEDBACK_CONTENT,FEEDBACK_TITLE,FEEDBACK_DATE,FEEDBACK_NUM,MEMBER_ID) values (43,89,'EDIUS X 는 방송국에서. 특히 뉴스 같은 영상 매체에서 주로 사용하고, 그 이유는 매우 명백합니다.

''신속하고 빠른 작업''

가장 특화되어 있고, 가장 명백한 장점입니다. 하지만 그와 반대로 단점 또한 너무 뚜렷합니다. After Effect 또한 장점과 단점이 뚜렷이 존재합니다.

After Effect의 장점은 EDIUS X의 단점으로, EDIUS X의 장점은 After Effect의 단점으로 서로 상반된 장·단점을 가지고 있습니다. 그렇기에 두 가지 프로그램의 장점을 서로 살리고, 반대로 단점은 보완해주며 좀 더 상향된 영상의 제작이 가능해졌습니다.','After Effect의 장점은 EDIUS X의 단점으로, EDIUS X의 장점은 After Effect의 단점으로 서로 상반된 장·단점을 가지고 있습니다.','2021-12-20',3,'seulgi');
Insert into MINT.GOSU_FEEDBACK (FEEDBACK_NO,GGOSU_NO,FEEDBACK_CONTENT,FEEDBACK_TITLE,FEEDBACK_DATE,FEEDBACK_NUM,MEMBER_ID) values (44,88,'사용한 기술 스택과 어떤 역할을 했는지 핵심을 적습니다.
단순히 무엇을 가지고 무엇을 구현 했다만 적지 마시고 무언가 더 개선하기 위해서 시도했던 노력들을 적으시면 더 좋습니다.
일관성 없는 기술 스택은 매우 안좋은 신호를 줍니다.
back-end 했다가 front-end 했다가 하면 경력을 쌓는 동안 전문적으로 기술 스택을 잘 쌓아 왔을거라는 기대감이 줄어듭니다.
물론 첫회사에서는 이것 저것 할 확률이 매우 높습니다. 저도 그랬으니까요. 하지만 두번째 회사 부터의 경력은 최대한 한 우물을 깊게 파는 형태로 커리어를 쌓아나가시는게 매우 유리합니다.
서비스회사의 큰 기업들은 한사람이 여러가지 파트를 다 맡아서 하지 않습니다. 특정 파트를 전문적으로 하게 됩니다.
너무 많은 기술들의 나열도 좋지 않은 신호입니다. 특히나 javascript 80%, React.js 90% 이런 수치적으로 나타내는 것은 아무 의미도 없을 뿐더러 믿지도 않고 더욱더 의심만 키워줍니다.
차라리 잘 다룰 줄 아는 것과 어느 정도 알고 있는 것 정도로 나누시되 핵심적인 기술들만 적으세요. 온갖 툴 이름들까지 기술스택에 난무하면... 네 안좋습니다. 
이전 회사가 SI회사다(서비스 회사에서 기피하는 이력이 아니라고는 말씀 못드리겠습니다.) 그렇다고 해도 기술에 대해서 어필하면 됩니다.','경력사항 (기술 스택, 진행한 프로젝트 소개)','2021-12-20',3,'testda');
Insert into MINT.GOSU_FEEDBACK (FEEDBACK_NO,GGOSU_NO,FEEDBACK_CONTENT,FEEDBACK_TITLE,FEEDBACK_DATE,FEEDBACK_NUM,MEMBER_ID) values (45,87,'case1 ) 비슷한 규모의 회사를 이직한 케이스는 매우 안 좋습니다. 성장해서 이직한게 아닌 회사의 환경(돈)만을 i는 것으로 오해할 소지가 많습니다. 이력서에서 탈락할 여지가 많습니다.
case2 ) 소기업 -> 중소기업 -> 중견기업 이런 형태의 빌드업 이직이다? 이건 좋은 신호로 봅니다. 성장을 하면서 이직을 했다라는 것이 보여지니까요. 또한 짧은 이직 주기에도 규모가 더 좋고 개발 문화가 좋은 회사로 빌드업 이직을 했다라는게 보여지면 면접이 기대되는 인재가 되기도 합니다.','경력사항 (짧은 이직 주기) 예) 6개월 -> 1년 -> 1년 6개월','2021-12-20',2,'testda');
Insert into MINT.GOSU_FEEDBACK (FEEDBACK_NO,GGOSU_NO,FEEDBACK_CONTENT,FEEDBACK_TITLE,FEEDBACK_DATE,FEEDBACK_NUM,MEMBER_ID) values (46,86,'경력사항 (기술 스택, 진행한 프로젝트 소개)

사용한 기술 스택과 어떤 역할을 했는지 핵심을 적습니다.
단순히 무엇을 가지고 무엇을 구현 했다만 적지 마시고 무언가 더 개선하기 위해서 시도했던 노력들을 적으시면 더 좋습니다.
일관성 없는 기술 스택은 매우 안좋은 신호를 줍니다.
back-end 했다가 front-end 했다가 하면 경력을 쌓는 동안 전문적으로 기술 스택을 잘 쌓아 왔을거라는 기대감이 줄어듭니다.
물론 첫회사에서는 이것 저것 할 확률이 매우 높습니다. 저도 그랬으니까요. 하지만 두번째 회사 부터의 경력은 최대한 한 우물을 깊게 파는 형태로 커리어를 쌓아나가시는게 매우 유리합니다.
서비스회사의 큰 기업들은 한사람이 여러가지 파트를 다 맡아서 하지 않습니다. 특정 파트를 전문적으로 하게 됩니다.
너무 많은 기술들의 나열도 좋지 않은 신호입니다. 특히나 javascript 80%, React.js 90% 이런 수치적으로 나타내는 것은 아무 의미도 없을 뿐더러 믿지도 않고 더욱더 의심만 키워줍니다.
차라리 잘 다룰 줄 아는 것과 어느 정도 알고 있는 것 정도로 나누시되 핵심적인 기술들만 적으세요. 온갖 툴 이름들까지 기술스택에 난무하면... 네 안좋습니다. 
이전 회사가 SI회사다(서비스 회사에서 기피하는 이력이 아니라고는 말씀 못드리겠습니다.) 그렇다고 해도 기술에 대해서 어필하면 됩니다.','사용한 기술 스택과 어떤 역할을 했는지 핵심을 적습니다.','2021-12-20',2,'user99');
Insert into MINT.GOSU_FEEDBACK (FEEDBACK_NO,GGOSU_NO,FEEDBACK_CONTENT,FEEDBACK_TITLE,FEEDBACK_DATE,FEEDBACK_NUM,MEMBER_ID) values (47,80,'프로젝트 진행을 하면서 여러가지 이슈들이 있었을텐데요 그 중에서 가장 많은 고민과 시도를 해서 성공적인 사례를 만들었다거나.
실패를 했더라도 무언가 많은 것을 배웠던 이슈가 있었다거나
기술적으로 매우 깊게 무언가를 연구해서 이슈를 해결했다거나
등등을 적어주시면 플러스 알파 되시겠습니다.
"IE 구버전 브라우저에서 오류가 나서 스택 오버 플로우/구글 등 검색하고 해결방법을 찾아 적용하여 이슈를 해결했습니다." 와 같은 것은 안 적으시는게 낫겠습니다.
무슨 말이냐면 근본적인 원인을 찾는 "과정"이 있어야 합니다. 해결 방법만 있는건 아무런 의미가 없습니다.','트러플 슈팅 경험(장애만 얘기하는 것이 아닙니다.)','2021-12-20',2,'testda2');
Insert into MINT.GOSU_FEEDBACK (FEEDBACK_NO,GGOSU_NO,FEEDBACK_CONTENT,FEEDBACK_TITLE,FEEDBACK_DATE,FEEDBACK_NUM,MEMBER_ID) values (41,87,'안녕하세요.
IT 서비스 마케팅과 솔루션 개발, 취업/비즈니스 컴설팅에 관하여 문의가 있습니다.
또 제가 개발 중인 솔루션에 대해 피드백을 받고 싶습니다.','솔루션 개발 부탁드립니다.','2021-12-20',3,'user103');
Insert into MINT.GOSU_FEEDBACK (FEEDBACK_NO,GGOSU_NO,FEEDBACK_CONTENT,FEEDBACK_TITLE,FEEDBACK_DATE,FEEDBACK_NUM,MEMBER_ID) values (48,88,'* CIO(Chief Information Officer)는 정보관리책임자로 조직의 경영과 전략적 관점에서 정보기술(IT) 및 정보 시스템을 총괄 관리합니다. 기업의 IT 분야와 컴퓨터 시스템 부문을 책임지고 있는 사람에게 이 직함을 줍니다.','유지보수 관하여 피드백 부탁드립니다.','2021-12-21',3,'seulgi');
Insert into MINT.GOSU_FEEDBACK (FEEDBACK_NO,GGOSU_NO,FEEDBACK_CONTENT,FEEDBACK_TITLE,FEEDBACK_DATE,FEEDBACK_NUM,MEMBER_ID) values (49,88,'창업했을 때 직접 제가 개발을 해야 하니 그때부터 개발을 시작했고요. 막상 해보니 돈이 잘 안 벌려서 개발자를 더 채용할 조건이 안 되다 보니 끝까지 혼자 하게 되었습니다. 그래서 React Native 백엔드 개발, Node.js 개발. 그런 걸 많이 해서 개발자로…. 물론 다른 경력이 있고 React Native 이외에도 다른 지식, 소프트 스킬 등이 개발자를 하려면 필요하니까요. 그런 걸 봐주길 원하면서 개발자로 여러 곳에 지원했습니다.','개발자님','2021-12-21',3,'gosu1');
Insert into MINT.GOSU_FEEDBACK (FEEDBACK_NO,GGOSU_NO,FEEDBACK_CONTENT,FEEDBACK_TITLE,FEEDBACK_DATE,FEEDBACK_NUM,MEMBER_ID) values (50,86,'막상 해보니 돈이 잘 안 벌려서 개발자를 더 채용할 조건이 안 되다 보니 끝까지 혼자 하게 되었습니다. 그래서 React Native 백엔드 개발, Node.js 개발. 그런 걸 많이 해서 개발자로…. 물론 다른 경력이 있고 React Native 이외에도 다른 지식, 소프트 스킬 등이 개발자를 하려면 필요하니까요. 그런 걸 봐주길 원하면서 개발자로 여러 곳에 지원했습니다.','창업했을 때 직접 제가 개발을 해야 하니 그때부터 개발을 시작했고요. ','2021-12-21',2,'gosu1');
Insert into MINT.GOSU_FEEDBACK (FEEDBACK_NO,GGOSU_NO,FEEDBACK_CONTENT,FEEDBACK_TITLE,FEEDBACK_DATE,FEEDBACK_NUM,MEMBER_ID) values (51,65,'바이럴마케팅에 관한 피드백 부탁드립니다.!  
다른 지식, 소프트 스킬 등이 개발자를 하려면 필요하니까요. 그런 걸 봐주길 원하면서 개발자로 여러 곳에 지원했습니다.','바이럴마케팅에 관한 피드백 부탁드립니다.','2021-12-21',2,'testda');
Insert into MINT.GOSU_FEEDBACK (FEEDBACK_NO,GGOSU_NO,FEEDBACK_CONTENT,FEEDBACK_TITLE,FEEDBACK_DATE,FEEDBACK_NUM,MEMBER_ID) values (52,65,'다른 곳에서 그동안 해오셨던 커리어, 커머스 경력도 있으시고. 소위 말하는 매니저로서 CIO같은 역할을 해주는 그런 쪽보다 ‘연봉 깎고서라도 개발하겠다!’라는 생각으로 개발자 포지션만 알아보신건가요, 아님 다른 쪽도 오픈하셨는데 가능하다면 개발자로 가길 원하셨나요?','커리어, 커머스','2021-12-21',3,'testda2');
Insert into MINT.GOSU_FEEDBACK (FEEDBACK_NO,GGOSU_NO,FEEDBACK_CONTENT,FEEDBACK_TITLE,FEEDBACK_DATE,FEEDBACK_NUM,MEMBER_ID) values (61,86,'프로그램 
Overview of  ML
5 Components of ML System
Enterprise ML
ML Platform
Korean IT Startups + ML
 

참가등록
참가비 : 1만원
등록 방법 
Google 설문 응답 : 등록 확인 후 입금 계좌 안내 메일 발송
계좌 이체 
입금 확인 및 참가 확정 : 별도의 입금 확인 메일이 발송되지 않음
행사 당일 참여 링크 이메일 및 문자 안내 
 

o    등록 취소 신청 시점에 따른 환불 안내 (OKKY 세미나 공통)

§  세미나 3일 전 까지 등록 결제 금액 100% 환불 가능합니다. 

§  세미나 2일 전 까지 세미나 등록 결제 금액 50% 환불 가능합니다. 

§  세미나 1일 전부터 환불이 불가합니다. 

§  행사 당일 접속 장애, 이메일 및 문자 오입력으로 참여 링크를 수신하지 못하여 불참하는 경우 환불이 불가합니다. ','모두를 위한 ML / Data, ML, Service, and Platform','2021-12-26',3,'user01');
Insert into MINT.GOSU_FEEDBACK (FEEDBACK_NO,GGOSU_NO,FEEDBACK_CONTENT,FEEDBACK_TITLE,FEEDBACK_DATE,FEEDBACK_NUM,MEMBER_ID) values (81,86,'어제 게시판에서 몇몇 분들과 저수준 지식의 중요성 등에 대해 꽤 격앙된 토론을 했습니다. 주제 자체는 사실 하마님 말씀대로 이 곳에서도 주기적으로 등장하는 고수준 언어에 대한 이런 저런 오해에 관한 내용이라, 못 보신 분들께 굳이 찾아볼 것을 권할 만큼 대단한 내용은 아니었다고 생각합니다.','패러다임, 디자인 패턴, 리팩터링의 중요성 그리고 성능에 대해','2021-12-28',1,'user141');
Insert into MINT.GOSU_FEEDBACK (FEEDBACK_NO,GGOSU_NO,FEEDBACK_CONTENT,FEEDBACK_TITLE,FEEDBACK_DATE,FEEDBACK_NUM,MEMBER_ID) values (82,85,'이는 얼핏 당연하게 들릴 수 있는 말이기 때문에 성능이나 최적화에 대한 경험이 부족한 개발자들이 쉽게 빠지는 함정이라고 생각합니다. 자바 언어 초창기에는 비슷한 논리로 많은 공격을 당했지만 자바는 한 때 미션 크리티컬한 비즈니스 시스템 시장을 장악할 수 있었고, 요즘에는 자바보다도 성능이 훨씬 느린 언어들이 그 시장에 진입하고 있습니다. 그렇다면 위의 주장이 어떻게 잘못된 것일까요?

이에 대한 답은 기술적인 설명 보다는 쉬운 비유를 드는 것이 더 효과적인 방법이라고 생각합니다. 여기서는 빠른 언어 A는 F1 레이싱카, 느린 언어 B는 평범한 SUV라고 하겠습니다. 그리고 편이를 위해 고속도로의 속도 제한 같은 건 없다고 가정하겠습니다.

F1 경주차와 SUV가 트랙에서 경주를 한다면 보나마다 경주차가 압승할 것입니다. 문제는 일반적인 시스템이라는 환경은 자동차 경주 트랙이 아니라 명절에 꽉막힌 고속도로와 비슷하다는 것입니다.','어떤 언어 A는 B 보다 50% 빠르다. 50%는 엄청난 차이이고, 성능이 곧 돈이나 사용자 경험에 직결되는 마당에 50%나 느린 언어를 쓰는 건 바보 짓이다.','2021-12-28',3,'user141');
Insert into MINT.GOSU_FEEDBACK (FEEDBACK_NO,GGOSU_NO,FEEDBACK_CONTENT,FEEDBACK_TITLE,FEEDBACK_DATE,FEEDBACK_NUM,MEMBER_ID) values (83,84,'패러다임, 리팩터링, 디자인 패턴 등의 지식은 그런식으로 언어의 기본 문법을 가지도 더 복잡한 구조를 쌓아 올리는 원리를 제시하며, 그 과정에서 접할 수 있는 흔한 문제를 풀 수 있는 가이드라인을 제공합니다. 물론 그런 해법이 항상 정답은 아닐 수 있겠지만, 오랜 기간 여러 능력있는 개발자들이 쌓아올린 경험에서 비롯된 그런 가이드라인이, 그런 걸 깡그리 무시하고 언어 문법만 가지고 혼자서 도닦듯 수련해서 ''발견''한 패턴보다 정답에 가까울 확률은 매우 높습니다.','AbstractSingletonProxyFactoryBean''이란 클래스를 접한다면, ','2021-12-28',3,'user141');
REM INSERTING into MINT.GOSU_NOTICE
SET DEFINE OFF;
Insert into MINT.GOSU_NOTICE (GNOTICE_NO,MEMBER_ID,GNOTICE_TITLE,GNOTICE_PHOTO,GNOTICE_DATE) values (42,'user135','파이썬을 이용한 데이터마이닝 인공지능 개발','/resources/upload/gosu/gosuNotice/97b8b110-57aa-43f0-b16e-efe51383b984_1.png','2021-12-20');
Insert into MINT.GOSU_NOTICE (GNOTICE_NO,MEMBER_ID,GNOTICE_TITLE,GNOTICE_PHOTO,GNOTICE_DATE) values (43,'gosu1','스마트폰 데이터 복구, 망하지 않는 비법','/resources/upload/gosu/gosuNotice/a3682b0f-59a3-43af-bf09-123a81efc0ee.jpg','2021-12-20');
Insert into MINT.GOSU_NOTICE (GNOTICE_NO,MEMBER_ID,GNOTICE_TITLE,GNOTICE_PHOTO,GNOTICE_DATE) values (44,'user96','4차 산업혁명은 프로그래밍으로 이루어진다.','/resources/upload/gosu/gosuNotice/29af1bcb-d1e7-45a2-8818-76ecbc4090d8.jpeg','2021-12-20');
Insert into MINT.GOSU_NOTICE (GNOTICE_NO,MEMBER_ID,GNOTICE_TITLE,GNOTICE_PHOTO,GNOTICE_DATE) values (45,'user97','무료 로고 디자인은 피해주세요!','/resources/upload/gosu/gosuNotice/4e0b4c2f-6b95-4a07-a717-a210ff6ccc30.png','2021-12-20');
Insert into MINT.GOSU_NOTICE (GNOTICE_NO,MEMBER_ID,GNOTICE_TITLE,GNOTICE_PHOTO,GNOTICE_DATE) values (46,'user98','홈페이지 외주, 실력자 찾는 확실한 방법','/resources/upload/gosu/gosuNotice/7a731296-a1bd-4162-b63f-a75f1794fd52.png','2021-12-20');
Insert into MINT.GOSU_NOTICE (GNOTICE_NO,MEMBER_ID,GNOTICE_TITLE,GNOTICE_PHOTO,GNOTICE_DATE) values (47,'user102','홈페이지개설 합리적 지출을 위한 체크리스트','/resources/upload/gosu/gosuNotice/545a8f1a-9b7b-4711-8769-b2f987fad0b0.jpeg','2021-12-20');
Insert into MINT.GOSU_NOTICE (GNOTICE_NO,MEMBER_ID,GNOTICE_TITLE,GNOTICE_PHOTO,GNOTICE_DATE) values (48,'user136','로고 제작! 한국소비자만족 1위의 비밀!','/resources/upload/gosu/gosuNotice/91830839-0ddc-4f24-bded-25c5b0019617.png','2021-12-20');
Insert into MINT.GOSU_NOTICE (GNOTICE_NO,MEMBER_ID,GNOTICE_TITLE,GNOTICE_PHOTO,GNOTICE_DATE) values (49,'user137','50세에 프론트엔드 개발자로 취업한 어느 ex-CIO님과의 대화','/resources/upload/gosu/gosuNotice/33f1521f-a991-47cd-bda0-5a1fbe8ee906.png','2021-12-20');
Insert into MINT.GOSU_NOTICE (GNOTICE_NO,MEMBER_ID,GNOTICE_TITLE,GNOTICE_PHOTO,GNOTICE_DATE) values (50,'user103','개발자의 ''코딩'' 과 소설가의 ''글쓰기''','/resources/upload/gosu/gosuNotice/1636444453563.jpeg','2021-12-20');
Insert into MINT.GOSU_NOTICE (GNOTICE_NO,MEMBER_ID,GNOTICE_TITLE,GNOTICE_PHOTO,GNOTICE_DATE) values (51,'user104','언어는 도구에 불과하다','/resources/upload/gosu/gosuNotice/shutterstock_571668544.jpg','2021-12-20');
Insert into MINT.GOSU_NOTICE (GNOTICE_NO,MEMBER_ID,GNOTICE_TITLE,GNOTICE_PHOTO,GNOTICE_DATE) values (52,'user105','비전공자 국비학원 과정들을 위한 공부 팁','/resources/upload/gosu/gosuNotice/170621_세상을잇IT는이야기_코딩의본질과미래이미지09.jpg','2021-12-20');
Insert into MINT.GOSU_NOTICE (GNOTICE_NO,MEMBER_ID,GNOTICE_TITLE,GNOTICE_PHOTO,GNOTICE_DATE) values (53,'user106','빠르고 정확하게 공부하는 방법: 가르치기와 1차 자료 보기','/resources/upload/gosu/gosuNotice/image.png','2021-12-20');
Insert into MINT.GOSU_NOTICE (GNOTICE_NO,MEMBER_ID,GNOTICE_TITLE,GNOTICE_PHOTO,GNOTICE_DATE) values (54,'user107','개발자라면 반드시 알아야하는 기본기','/resources/upload/gosu/gosuNotice/307f17ba-b926-4864-95f9-f0fa46570a6c.jpg','2021-12-20');
Insert into MINT.GOSU_NOTICE (GNOTICE_NO,MEMBER_ID,GNOTICE_TITLE,GNOTICE_PHOTO,GNOTICE_DATE) values (55,'user129','신입 개발자를 위한 간단한 포트폴리오 작성 팁','/resources/upload/gosu/gosuNotice/apple_coding-programs-for-educators-and-students_07092020_big.jpg.large.jpg','2021-12-20');
Insert into MINT.GOSU_NOTICE (GNOTICE_NO,MEMBER_ID,GNOTICE_TITLE,GNOTICE_PHOTO,GNOTICE_DATE) values (56,'user130','초보 개발자에게 권장하는 객체지향 모델링 공부 방법','/resources/upload/gosu/gosuNotice/DrcPYEyU8AA8LgL.jpg','2021-12-20');
Insert into MINT.GOSU_NOTICE (GNOTICE_NO,MEMBER_ID,GNOTICE_TITLE,GNOTICE_PHOTO,GNOTICE_DATE) values (57,'gosu1','개발자로 취업한 어느 ex-CIO님과의 대화','/resources/upload/gosu/gosuNotice/생각코딩_책소개.png','2021-12-21');
REM INSERTING into MINT.GOSU_PHOTO
SET DEFINE OFF;
Insert into MINT.GOSU_PHOTO (FILE_NO,GGOSU_NO,FILEPATH) values (210,66,'/resources/upload/gosu/gosuPhoto/667b6160-016b-4498-80e2-a38a38c29790_6.png');
Insert into MINT.GOSU_PHOTO (FILE_NO,GGOSU_NO,FILEPATH) values (211,66,'/resources/upload/gosu/gosuPhoto/7518eb3d-6e1d-4266-b470-351ef78b7976_5.png');
Insert into MINT.GOSU_PHOTO (FILE_NO,GGOSU_NO,FILEPATH) values (212,66,'/resources/upload/gosu/gosuPhoto/7898d8b2-3b3e-4bbb-897f-ff3925d38cec_4.png');
Insert into MINT.GOSU_PHOTO (FILE_NO,GGOSU_NO,FILEPATH) values (213,66,'/resources/upload/gosu/gosuPhoto/37376192-eca0-4882-8f03-0ac94a3e14fe_5.png');
Insert into MINT.GOSU_PHOTO (FILE_NO,GGOSU_NO,FILEPATH) values (214,66,'/resources/upload/gosu/gosuPhoto/aa597dd2-2906-456e-800b-9ec28de41f0a_7.png');
Insert into MINT.GOSU_PHOTO (FILE_NO,GGOSU_NO,FILEPATH) values (215,66,'/resources/upload/gosu/gosuPhoto/c10463d8-dd79-4eba-ad36-e3c12505b540_9.jpg');
Insert into MINT.GOSU_PHOTO (FILE_NO,GGOSU_NO,FILEPATH) values (216,66,'/resources/upload/gosu/gosuPhoto/daa9415d-6036-4fef-b144-49a196141a3f_5.png');
Insert into MINT.GOSU_PHOTO (FILE_NO,GGOSU_NO,FILEPATH) values (217,67,'/resources/upload/gosu/gosuPhoto/tourguide2-2.jpg');
Insert into MINT.GOSU_PHOTO (FILE_NO,GGOSU_NO,FILEPATH) values (218,67,'/resources/upload/gosu/gosuPhoto/tourguide2-3.jpg');
Insert into MINT.GOSU_PHOTO (FILE_NO,GGOSU_NO,FILEPATH) values (219,67,'/resources/upload/gosu/gosuPhoto/tourguide2-4.jpg');
Insert into MINT.GOSU_PHOTO (FILE_NO,GGOSU_NO,FILEPATH) values (220,68,'/resources/upload/gosu/gosuPhoto/2fb792ba-ccfc-42e9-a313-64d91d7e60ac.png');
Insert into MINT.GOSU_PHOTO (FILE_NO,GGOSU_NO,FILEPATH) values (221,68,'/resources/upload/gosu/gosuPhoto/6c3c121e-2852-4c34-b873-51b943963097.jpg');
Insert into MINT.GOSU_PHOTO (FILE_NO,GGOSU_NO,FILEPATH) values (204,65,'/resources/upload/gosu/gosuPhoto/1.png');
Insert into MINT.GOSU_PHOTO (FILE_NO,GGOSU_NO,FILEPATH) values (205,65,'/resources/upload/gosu/gosuPhoto/2.png');
Insert into MINT.GOSU_PHOTO (FILE_NO,GGOSU_NO,FILEPATH) values (206,65,'/resources/upload/gosu/gosuPhoto/3.jpg');
Insert into MINT.GOSU_PHOTO (FILE_NO,GGOSU_NO,FILEPATH) values (207,65,'/resources/upload/gosu/gosuPhoto/5.jpg');
Insert into MINT.GOSU_PHOTO (FILE_NO,GGOSU_NO,FILEPATH) values (208,65,'/resources/upload/gosu/gosuPhoto/9c90cee6-72c3-4d73-8282-72b012221971.jpg');
Insert into MINT.GOSU_PHOTO (FILE_NO,GGOSU_NO,FILEPATH) values (209,66,'/resources/upload/gosu/gosuPhoto/1b6784c2-995f-47bb-99b3-0251cbcefa18_4.png');
Insert into MINT.GOSU_PHOTO (FILE_NO,GGOSU_NO,FILEPATH) values (222,68,'/resources/upload/gosu/gosuPhoto/21b35ec4-3b38-4093-8107-b85bd7600bed.png');
Insert into MINT.GOSU_PHOTO (FILE_NO,GGOSU_NO,FILEPATH) values (223,68,'/resources/upload/gosu/gosuPhoto/58fc4f4b-ecfb-4791-8f5c-d9c192ee043d.png');
Insert into MINT.GOSU_PHOTO (FILE_NO,GGOSU_NO,FILEPATH) values (224,68,'/resources/upload/gosu/gosuPhoto/593a2ea0-02bc-4f14-8340-dbe172055bef.png');
Insert into MINT.GOSU_PHOTO (FILE_NO,GGOSU_NO,FILEPATH) values (225,68,'/resources/upload/gosu/gosuPhoto/bb495105-37f2-4ac9-97f2-13a7126d27c4.png');
Insert into MINT.GOSU_PHOTO (FILE_NO,GGOSU_NO,FILEPATH) values (239,72,'/resources/upload/gosu/gosuPhoto/8d62694b-a04e-4aa0-823a-6f8b8428bf53.jpg');
Insert into MINT.GOSU_PHOTO (FILE_NO,GGOSU_NO,FILEPATH) values (240,72,'/resources/upload/gosu/gosuPhoto/54ff30a9-e419-489b-bd66-6144a2d582a0.png');
Insert into MINT.GOSU_PHOTO (FILE_NO,GGOSU_NO,FILEPATH) values (241,72,'/resources/upload/gosu/gosuPhoto/131f5819-7a77-47c9-8fec-888c27ce5e47.jpg');
Insert into MINT.GOSU_PHOTO (FILE_NO,GGOSU_NO,FILEPATH) values (242,72,'/resources/upload/gosu/gosuPhoto/419d8fa0-720b-4e6a-a0a8-2fdbf1a09796.png');
Insert into MINT.GOSU_PHOTO (FILE_NO,GGOSU_NO,FILEPATH) values (243,72,'/resources/upload/gosu/gosuPhoto/430db8b3-b16b-4b75-8e65-a051147f5f8b.png');
Insert into MINT.GOSU_PHOTO (FILE_NO,GGOSU_NO,FILEPATH) values (244,72,'/resources/upload/gosu/gosuPhoto/28457483-d2f7-4139-a492-b5ab08de614b.png');
Insert into MINT.GOSU_PHOTO (FILE_NO,GGOSU_NO,FILEPATH) values (232,70,'/resources/upload/gosu/gosuPhoto/97b8b110-57aa-43f0-b16e-efe51383b984.png');
Insert into MINT.GOSU_PHOTO (FILE_NO,GGOSU_NO,FILEPATH) values (233,70,'/resources/upload/gosu/gosuPhoto/98f17003-81d1-45c9-a72b-61114341a996.jpg');
Insert into MINT.GOSU_PHOTO (FILE_NO,GGOSU_NO,FILEPATH) values (234,70,'/resources/upload/gosu/gosuPhoto/ae9cdb25-88e6-4c68-bebc-d085c75010d4.png');
Insert into MINT.GOSU_PHOTO (FILE_NO,GGOSU_NO,FILEPATH) values (235,70,'/resources/upload/gosu/gosuPhoto/f8bd0c13-34ac-4646-bfa9-01b5f096eb1b.png');
Insert into MINT.GOSU_PHOTO (FILE_NO,GGOSU_NO,FILEPATH) values (236,70,'/resources/upload/gosu/gosuPhoto/f455385a-873b-4a63-8113-17dbbd0dac68.png');
Insert into MINT.GOSU_PHOTO (FILE_NO,GGOSU_NO,FILEPATH) values (237,70,'/resources/upload/gosu/gosuPhoto/fcdd19ca-c341-477b-85e1-55cc026f5cdf.png');
Insert into MINT.GOSU_PHOTO (FILE_NO,GGOSU_NO,FILEPATH) values (238,71,'/resources/upload/gosu/gosuPhoto/4fe4e224-6081-491e-a7f2-fcfa2ed68cfd.jpeg');
Insert into MINT.GOSU_PHOTO (FILE_NO,GGOSU_NO,FILEPATH) values (245,72,'/resources/upload/gosu/gosuPhoto/c3a97a87-1b92-40ef-a9e3-be7bb922301a.png');
Insert into MINT.GOSU_PHOTO (FILE_NO,GGOSU_NO,FILEPATH) values (246,74,'/resources/upload/gosu/gosuPhoto/3f90b3e0-b71d-4611-9b33-a4ce204806e3_1.jpeg');
Insert into MINT.GOSU_PHOTO (FILE_NO,GGOSU_NO,FILEPATH) values (247,74,'/resources/upload/gosu/gosuPhoto/aaad268b-76ad-48fa-8163-a1ada0d99b9a_1.jpeg');
Insert into MINT.GOSU_PHOTO (FILE_NO,GGOSU_NO,FILEPATH) values (248,75,'/resources/upload/gosu/gosuPhoto/3a0216f2-3345-4805-8aa2-c4335cb85e87.png');
Insert into MINT.GOSU_PHOTO (FILE_NO,GGOSU_NO,FILEPATH) values (249,75,'/resources/upload/gosu/gosuPhoto/1181d0d3-4ab3-44d7-997a-b27dda71c6b9.png');
Insert into MINT.GOSU_PHOTO (FILE_NO,GGOSU_NO,FILEPATH) values (250,75,'/resources/upload/gosu/gosuPhoto/4166ff9f-99d2-4273-a498-638fe50b93b1.png');
Insert into MINT.GOSU_PHOTO (FILE_NO,GGOSU_NO,FILEPATH) values (251,75,'/resources/upload/gosu/gosuPhoto/40786db4-e401-457f-8fca-4b1d38e1795f.png');
Insert into MINT.GOSU_PHOTO (FILE_NO,GGOSU_NO,FILEPATH) values (252,75,'/resources/upload/gosu/gosuPhoto/ea6f1542-bd58-421f-aaa5-dd6c964b621e.jpg');
Insert into MINT.GOSU_PHOTO (FILE_NO,GGOSU_NO,FILEPATH) values (253,76,'/resources/upload/gosu/gosuPhoto/3f90b3e0-b71d-4611-9b33-a4ce204806e3_2.jpeg');
Insert into MINT.GOSU_PHOTO (FILE_NO,GGOSU_NO,FILEPATH) values (254,76,'/resources/upload/gosu/gosuPhoto/4fe4e224-6081-491e-a7f2-fcfa2ed68cfd_1.jpeg');
Insert into MINT.GOSU_PHOTO (FILE_NO,GGOSU_NO,FILEPATH) values (255,76,'/resources/upload/gosu/gosuPhoto/5_1.jpg');
Insert into MINT.GOSU_PHOTO (FILE_NO,GGOSU_NO,FILEPATH) values (256,77,'/resources/upload/gosu/gosuPhoto/1_1.png');
Insert into MINT.GOSU_PHOTO (FILE_NO,GGOSU_NO,FILEPATH) values (257,77,'/resources/upload/gosu/gosuPhoto/2_1.png');
Insert into MINT.GOSU_PHOTO (FILE_NO,GGOSU_NO,FILEPATH) values (258,77,'/resources/upload/gosu/gosuPhoto/2fb792ba-ccfc-42e9-a313-64d91d7e60ac_2.png');
Insert into MINT.GOSU_PHOTO (FILE_NO,GGOSU_NO,FILEPATH) values (259,77,'/resources/upload/gosu/gosuPhoto/3_1.jpg');
Insert into MINT.GOSU_PHOTO (FILE_NO,GGOSU_NO,FILEPATH) values (260,77,'/resources/upload/gosu/gosuPhoto/3a0216f2-3345-4805-8aa2-c4335cb85e87_1.png');
Insert into MINT.GOSU_PHOTO (FILE_NO,GGOSU_NO,FILEPATH) values (261,77,'/resources/upload/gosu/gosuPhoto/3f90b3e0-b71d-4611-9b33-a4ce204806e3_3.jpeg');
Insert into MINT.GOSU_PHOTO (FILE_NO,GGOSU_NO,FILEPATH) values (262,77,'/resources/upload/gosu/gosuPhoto/4fe4e224-6081-491e-a7f2-fcfa2ed68cfd_2.jpeg');
Insert into MINT.GOSU_PHOTO (FILE_NO,GGOSU_NO,FILEPATH) values (263,77,'/resources/upload/gosu/gosuPhoto/5_2.jpg');
Insert into MINT.GOSU_PHOTO (FILE_NO,GGOSU_NO,FILEPATH) values (264,78,'/resources/upload/gosu/gosuPhoto/4166ff9f-99d2-4273-a498-638fe50b93b1_1.png');
Insert into MINT.GOSU_PHOTO (FILE_NO,GGOSU_NO,FILEPATH) values (265,78,'/resources/upload/gosu/gosuPhoto/40786db4-e401-457f-8fca-4b1d38e1795f_1.png');
Insert into MINT.GOSU_PHOTO (FILE_NO,GGOSU_NO,FILEPATH) values (266,78,'/resources/upload/gosu/gosuPhoto/28457483-d2f7-4139-a492-b5ab08de614b_1.png');
Insert into MINT.GOSU_PHOTO (FILE_NO,GGOSU_NO,FILEPATH) values (267,78,'/resources/upload/gosu/gosuPhoto/aaad268b-76ad-48fa-8163-a1ada0d99b9a_2.jpeg');
Insert into MINT.GOSU_PHOTO (FILE_NO,GGOSU_NO,FILEPATH) values (268,78,'/resources/upload/gosu/gosuPhoto/ae9cdb25-88e6-4c68-bebc-d085c75010d4_1.png');
Insert into MINT.GOSU_PHOTO (FILE_NO,GGOSU_NO,FILEPATH) values (269,78,'/resources/upload/gosu/gosuPhoto/b46dbeda-e22d-428c-b0b2-51ce7614df05.png');
Insert into MINT.GOSU_PHOTO (FILE_NO,GGOSU_NO,FILEPATH) values (270,78,'/resources/upload/gosu/gosuPhoto/bb495105-37f2-4ac9-97f2-13a7126d27c4_2.png');
Insert into MINT.GOSU_PHOTO (FILE_NO,GGOSU_NO,FILEPATH) values (271,78,'/resources/upload/gosu/gosuPhoto/c3a97a87-1b92-40ef-a9e3-be7bb922301a_1.png');
Insert into MINT.GOSU_PHOTO (FILE_NO,GGOSU_NO,FILEPATH) values (272,78,'/resources/upload/gosu/gosuPhoto/dddd.jpg');
Insert into MINT.GOSU_PHOTO (FILE_NO,GGOSU_NO,FILEPATH) values (273,78,'/resources/upload/gosu/gosuPhoto/dddru.jfif');
Insert into MINT.GOSU_PHOTO (FILE_NO,GGOSU_NO,FILEPATH) values (274,78,'/resources/upload/gosu/gosuPhoto/e98f5d34-0ac2-45b6-b5b4-0b6f79f16187.png');
Insert into MINT.GOSU_PHOTO (FILE_NO,GGOSU_NO,FILEPATH) values (275,78,'/resources/upload/gosu/gosuPhoto/ea6f1542-bd58-421f-aaa5-dd6c964b621e_1.jpg');
Insert into MINT.GOSU_PHOTO (FILE_NO,GGOSU_NO,FILEPATH) values (276,79,'/resources/upload/gosu/gosuPhoto/3a0216f2-3345-4805-8aa2-c4335cb85e87_2.png');
Insert into MINT.GOSU_PHOTO (FILE_NO,GGOSU_NO,FILEPATH) values (277,79,'/resources/upload/gosu/gosuPhoto/3f90b3e0-b71d-4611-9b33-a4ce204806e3_4.jpeg');
Insert into MINT.GOSU_PHOTO (FILE_NO,GGOSU_NO,FILEPATH) values (278,79,'/resources/upload/gosu/gosuPhoto/4fe4e224-6081-491e-a7f2-fcfa2ed68cfd_3.jpeg');
Insert into MINT.GOSU_PHOTO (FILE_NO,GGOSU_NO,FILEPATH) values (279,79,'/resources/upload/gosu/gosuPhoto/5_3.jpg');
Insert into MINT.GOSU_PHOTO (FILE_NO,GGOSU_NO,FILEPATH) values (280,80,'/resources/upload/gosu/gosuPhoto/58fc4f4b-ecfb-4791-8f5c-d9c192ee043d_2.png');
Insert into MINT.GOSU_PHOTO (FILE_NO,GGOSU_NO,FILEPATH) values (281,80,'/resources/upload/gosu/gosuPhoto/97b8b110-57aa-43f0-b16e-efe51383b984_1.png');
Insert into MINT.GOSU_PHOTO (FILE_NO,GGOSU_NO,FILEPATH) values (282,80,'/resources/upload/gosu/gosuPhoto/98f17003-81d1-45c9-a72b-61114341a996_1.jpg');
Insert into MINT.GOSU_PHOTO (FILE_NO,GGOSU_NO,FILEPATH) values (283,80,'/resources/upload/gosu/gosuPhoto/131f5819-7a77-47c9-8fec-888c27ce5e47_1.jpg');
Insert into MINT.GOSU_PHOTO (FILE_NO,GGOSU_NO,FILEPATH) values (284,82,'/resources/upload/gosu/gosuPhoto/4166ff9f-99d2-4273-a498-638fe50b93b1_2.png');
Insert into MINT.GOSU_PHOTO (FILE_NO,GGOSU_NO,FILEPATH) values (285,82,'/resources/upload/gosu/gosuPhoto/40786db4-e401-457f-8fca-4b1d38e1795f_2.png');
Insert into MINT.GOSU_PHOTO (FILE_NO,GGOSU_NO,FILEPATH) values (286,82,'/resources/upload/gosu/gosuPhoto/28457483-d2f7-4139-a492-b5ab08de614b_2.png');
Insert into MINT.GOSU_PHOTO (FILE_NO,GGOSU_NO,FILEPATH) values (287,82,'/resources/upload/gosu/gosuPhoto/aaad268b-76ad-48fa-8163-a1ada0d99b9a_3.jpeg');
Insert into MINT.GOSU_PHOTO (FILE_NO,GGOSU_NO,FILEPATH) values (288,83,'/resources/upload/gosu/gosuPhoto/2fdd5749-0728-41bc-a457-9ac0ed4fe456.png');
Insert into MINT.GOSU_PHOTO (FILE_NO,GGOSU_NO,FILEPATH) values (289,83,'/resources/upload/gosu/gosuPhoto/32ab2688-c040-437b-b143-9958b999248d.png');
Insert into MINT.GOSU_PHOTO (FILE_NO,GGOSU_NO,FILEPATH) values (290,83,'/resources/upload/gosu/gosuPhoto/91822fe5-7c75-4246-b958-83151a4984e5.png');
Insert into MINT.GOSU_PHOTO (FILE_NO,GGOSU_NO,FILEPATH) values (291,83,'/resources/upload/gosu/gosuPhoto/ac57f346-38d4-4ae8-8ca3-0207f81a48bc.png');
Insert into MINT.GOSU_PHOTO (FILE_NO,GGOSU_NO,FILEPATH) values (292,84,'/resources/upload/gosu/gosuPhoto/9c90cee6-72c3-4d73-8282-72b012221971_2.jpg');
Insert into MINT.GOSU_PHOTO (FILE_NO,GGOSU_NO,FILEPATH) values (293,84,'/resources/upload/gosu/gosuPhoto/20c73d49-1d83-4d1e-b89b-e017546206d7.png');
Insert into MINT.GOSU_PHOTO (FILE_NO,GGOSU_NO,FILEPATH) values (294,84,'/resources/upload/gosu/gosuPhoto/21b35ec4-3b38-4093-8107-b85bd7600bed_2.png');
Insert into MINT.GOSU_PHOTO (FILE_NO,GGOSU_NO,FILEPATH) values (295,84,'/resources/upload/gosu/gosuPhoto/32ab2688-c040-437b-b143-9958b999248d_1.png');
Insert into MINT.GOSU_PHOTO (FILE_NO,GGOSU_NO,FILEPATH) values (296,85,'/resources/upload/gosu/gosuPhoto/98f17003-81d1-45c9-a72b-61114341a996_2.jpg');
Insert into MINT.GOSU_PHOTO (FILE_NO,GGOSU_NO,FILEPATH) values (297,85,'/resources/upload/gosu/gosuPhoto/131f5819-7a77-47c9-8fec-888c27ce5e47_2.jpg');
Insert into MINT.GOSU_PHOTO (FILE_NO,GGOSU_NO,FILEPATH) values (298,85,'/resources/upload/gosu/gosuPhoto/419d8fa0-720b-4e6a-a0a8-2fdbf1a09796_1.png');
Insert into MINT.GOSU_PHOTO (FILE_NO,GGOSU_NO,FILEPATH) values (299,85,'/resources/upload/gosu/gosuPhoto/430db8b3-b16b-4b75-8e65-a051147f5f8b_1.png');
Insert into MINT.GOSU_PHOTO (FILE_NO,GGOSU_NO,FILEPATH) values (300,86,'/resources/upload/gosu/gosuPhoto/131f5819-7a77-47c9-8fec-888c27ce5e47_3.jpg');
Insert into MINT.GOSU_PHOTO (FILE_NO,GGOSU_NO,FILEPATH) values (301,86,'/resources/upload/gosu/gosuPhoto/419d8fa0-720b-4e6a-a0a8-2fdbf1a09796_2.png');
Insert into MINT.GOSU_PHOTO (FILE_NO,GGOSU_NO,FILEPATH) values (302,86,'/resources/upload/gosu/gosuPhoto/430db8b3-b16b-4b75-8e65-a051147f5f8b_2.png');
Insert into MINT.GOSU_PHOTO (FILE_NO,GGOSU_NO,FILEPATH) values (303,86,'/resources/upload/gosu/gosuPhoto/1181d0d3-4ab3-44d7-997a-b27dda71c6b9_1.png');
Insert into MINT.GOSU_PHOTO (FILE_NO,GGOSU_NO,FILEPATH) values (304,86,'/resources/upload/gosu/gosuPhoto/1300d771-52a4-421e-82d0-52fd676b4518.png');
Insert into MINT.GOSU_PHOTO (FILE_NO,GGOSU_NO,FILEPATH) values (305,86,'/resources/upload/gosu/gosuPhoto/4166ff9f-99d2-4273-a498-638fe50b93b1_3.png');
Insert into MINT.GOSU_PHOTO (FILE_NO,GGOSU_NO,FILEPATH) values (306,87,'/resources/upload/gosu/gosuPhoto/97b8b110-57aa-43f0-b16e-efe51383b984_2.png');
Insert into MINT.GOSU_PHOTO (FILE_NO,GGOSU_NO,FILEPATH) values (307,87,'/resources/upload/gosu/gosuPhoto/1136b772-bcef-461b-893a-110f04852ebc.jpeg');
Insert into MINT.GOSU_PHOTO (FILE_NO,GGOSU_NO,FILEPATH) values (308,87,'/resources/upload/gosu/gosuPhoto/b88c3043-c3ca-4757-8d7b-ff165809f8b9.jpeg');
Insert into MINT.GOSU_PHOTO (FILE_NO,GGOSU_NO,FILEPATH) values (309,88,'/resources/upload/gosu/gosuPhoto/1f83255d-c8f5-4ab5-8b4e-7c466616b20b.jpg');
Insert into MINT.GOSU_PHOTO (FILE_NO,GGOSU_NO,FILEPATH) values (310,88,'/resources/upload/gosu/gosuPhoto/4e0b4c2f-6b95-4a07-a717-a210ff6ccc30.png');
Insert into MINT.GOSU_PHOTO (FILE_NO,GGOSU_NO,FILEPATH) values (311,88,'/resources/upload/gosu/gosuPhoto/5a0a089e-077d-49f0-a8f2-a3216a1c80f6.jpeg');
Insert into MINT.GOSU_PHOTO (FILE_NO,GGOSU_NO,FILEPATH) values (312,88,'/resources/upload/gosu/gosuPhoto/7a731296-a1bd-4162-b63f-a75f1794fd52.png');
Insert into MINT.GOSU_PHOTO (FILE_NO,GGOSU_NO,FILEPATH) values (313,88,'/resources/upload/gosu/gosuPhoto/29af1bcb-d1e7-45a2-8818-76ecbc4090d8.jpeg');
Insert into MINT.GOSU_PHOTO (FILE_NO,GGOSU_NO,FILEPATH) values (314,88,'/resources/upload/gosu/gosuPhoto/094eae6e-7f37-4f32-97fe-06d34a3b4b62.png');
Insert into MINT.GOSU_PHOTO (FILE_NO,GGOSU_NO,FILEPATH) values (315,88,'/resources/upload/gosu/gosuPhoto/97b8b110-57aa-43f0-b16e-efe51383b984_3.png');
Insert into MINT.GOSU_PHOTO (FILE_NO,GGOSU_NO,FILEPATH) values (316,88,'/resources/upload/gosu/gosuPhoto/271f9f4e-54a7-45e2-a418-cef61a50b257.png');
Insert into MINT.GOSU_PHOTO (FILE_NO,GGOSU_NO,FILEPATH) values (317,89,'/resources/upload/gosu/gosuPhoto/8103ef0f-6ff4-4b2b-877e-9444927bf3fb.png');
REM INSERTING into MINT.GOSU_PROJECT
SET DEFINE OFF;
Insert into MINT.GOSU_PROJECT (GPROJECT_NO,GGOSU_NO,GPROJECT_TITLE,GPROJECT_CONTENT,FILEPATH) values (89,66,'- Html/css/js
- JAVA Srping FrameWork / Flask
- Linux 서버 구축(웹/데이터베이스 서버)
- Mysql/MariaDB
- Android / Flutter / Hybrid App
- 기타 프로그래밍 언어 및 IOT 시스템 연구
- 앞으로도 열심히 할게요~!','직풀','/resources/upload/gosuProject/daa9415d-6036-4fef-b144-49a196141a3f_5.png');
Insert into MINT.GOSU_PROJECT (GPROJECT_NO,GGOSU_NO,GPROJECT_TITLE,GPROJECT_CONTENT,FILEPATH) values (90,67,'디자인및개발내용정리 2주','[웹개발]','/resources/upload/gosuProject/main_sub_img2_4.jpg');
Insert into MINT.GOSU_PROJECT (GPROJECT_NO,GGOSU_NO,GPROJECT_TITLE,GPROJECT_CONTENT,FILEPATH) values (87,65,'전반적인 온라인 광고와 반응형 홈페이지','엔서스 컴퍼니','/resources/upload/gosuProject/1.png');
Insert into MINT.GOSU_PROJECT (GPROJECT_NO,GGOSU_NO,GPROJECT_TITLE,GPROJECT_CONTENT,FILEPATH) values (88,66,'지정 요청서를 보내주셔도 커리큘럼 성격상 맞지 않는 수업이라고 판단이 되면 연락을 못할 수도 있습니다. (견적서 발송시 캐시가 지불되기 때문입니다)
양해부탁드립니다^^

*외주/프로젝트에 대한 요청은 개인적인 판단하에 맞지 않다고 판단이 되면 견적서 발송 없이 거절 할 수도 있습니다(캐시 비용 때문)','지정 요청서','/resources/upload/gosuProject/c10463d8-dd79-4eba-ad36-e3c12505b540_8.jpg');
Insert into MINT.GOSU_PROJECT (GPROJECT_NO,GGOSU_NO,GPROJECT_TITLE,GPROJECT_CONTENT,FILEPATH) values (91,67,'촬영 상세페이지 홈페이지, 홈페이지개발, 안드로이드개발','각종인쇄및판촉물','/resources/upload/gosuProject/tourguide2-1.jpg');
Insert into MINT.GOSU_PROJECT (GPROJECT_NO,GGOSU_NO,GPROJECT_TITLE,GPROJECT_CONTENT,FILEPATH) values (92,68,'- 한림의대교수 자문
- 유명 대학 학생 플젝
- 교육생 현대차 인턴합격
- 교육생 대기업합격','카카오엔터테인먼트','/resources/upload/gosuProject/21b35ec4-3b38-4093-8107-b85bd7600bed.png');
Insert into MINT.GOSU_PROJECT (GPROJECT_NO,GGOSU_NO,GPROJECT_TITLE,GPROJECT_CONTENT,FILEPATH) values (97,72,'??반응형 웹사이트 제작합니다.
??웹호스팅 1년 12만원, 트래픽 무제한입니다.
??세금계산서 발행 가능합니다.
??반응형웹만 제작합니다.
??웹호스팅은 1년 12만원(VAT별도)입니다.
??다국어는 언어 1개당 사이트비용이 추가됩니다.
??15p 이상, 특정 기능은 견적 따로 내드립니다.','화장품 웹사이트 개발','/resources/upload/gosuProject/430db8b3-b16b-4b75-8e65-a051147f5f8b.png');
Insert into MINT.GOSU_PROJECT (GPROJECT_NO,GGOSU_NO,GPROJECT_TITLE,GPROJECT_CONTENT,FILEPATH) values (94,70,'************[컴퓨터 활용 레슨]************

안녕하세요~
보석님^^
','패키지','/resources/upload/gosuProject/edd7161d-94f1-465c-a304-c37b4e0a4752.png');
Insert into MINT.GOSU_PROJECT (GPROJECT_NO,GGOSU_NO,GPROJECT_TITLE,GPROJECT_CONTENT,FILEPATH) values (95,70,'************[정보처리기사]************
안녕하세요,
보석님^^

정보처리기사 속성정리 과외 및 캠프를
전문으로하고 있는 숨.고. ALOHA 입니다 O_o

2017년부터 개정된 주관식 시험에 맞춘 전략은 이미 준비되어있습니다.
블로그를 통해 풍부한 학습자료와 요약본을 무료로 제공하고 있습니다.

2018년 1회부터 200명이상이 함께 하셨으며
이 중 대다수의 수강생 분들께서 합격을 하셨습니다.
많든 분들이 업무로 바쁜 직장인 분들 이셨습니다.

많은 분들께서 바쁜 업무와 타일정이
합격에 대한 걸림돌이라고 말씀하셨습니다

이러한 사항을 고려하여
취업준비, 이직준비, 야근 등으로 바쁘신 분들을 위해
혁신적으로
빠르고 효율적으로 학습을 도와드립니다

2020년 부터 새로 개정된 출제기준의 맞게 필기/실기 모두
자체 학습 가이드와 요약집을 준비하고 있습니다.

언제든지 연락주세요.

1회 미팅 후, 학습플랜을 설정해드립니다.
부담없이 시작해보세요.','올인원','/resources/upload/gosuProject/20c73d49-1d83-4d1e-b89b-e017546206d7.png');
Insert into MINT.GOSU_PROJECT (GPROJECT_NO,GGOSU_NO,GPROJECT_TITLE,GPROJECT_CONTENT,FILEPATH) values (96,71,'웹개발 했던 경험이 있습니다. 맡겨만 주세요!','spring 프로젝트','/resources/upload/gosuProject/4fe4e224-6081-491e-a7f2-fcfa2ed68cfd.jpeg');
Insert into MINT.GOSU_PROJECT (GPROJECT_NO,GGOSU_NO,GPROJECT_TITLE,GPROJECT_CONTENT,FILEPATH) values (98,72,'??필요한 자료??
??로고(없으면 포토샵으로 제작해드립니다. 일러스트파일?)
??사업자등록증(홈페이지 하단에 정보 기재시 필요)
??회사소개서(지명원)
??상품사진(고화질)이 필요합니다.

??자료가 준비해야하는 상황에 홈페이지가 급한 경우??
??경쟁업체,타케팅한 업체 홈페이지를 추립니다.
??사이트맵과 내용을 제일 비슷한 홈페이지로 주문을 해주세요.
??웹하는 언니의 기술력과 노하우로 실작업을 빨리 해드립니다.
??확인 후 준비한 자료,문구 등으로 수정을 하면 됩니다.
??엄청 만족도 높습니다??','성형외과 웹사이트 개발','/resources/upload/gosuProject/419d8fa0-720b-4e6a-a0a8-2fdbf1a09796.png');
Insert into MINT.GOSU_PROJECT (GPROJECT_NO,GGOSU_NO,GPROJECT_TITLE,GPROJECT_CONTENT,FILEPATH) values (99,74,'Chris is an excellent teacher! He explains complex logics in such a clear','KH당산점','/resources/upload/gosuProject/취업사진_1_1.jpg');
Insert into MINT.GOSU_PROJECT (GPROJECT_NO,GGOSU_NO,GPROJECT_TITLE,GPROJECT_CONTENT,FILEPATH) values (100,75,'→ 특정 폴더에 Raw Data를 넣고 새로고침 버튼만 해주면 취합 끝
- 취합한 데이터를 가지고 표, 피벗테이블, 그래프를 만들어야 된다.
→ 처음에 표, 피벗테이블, 그래프, 슬라이서를 잘 세팅해놓으면 새로고침 버튼 클릭만으로 보고서 작업 끝
- 간혹 피벗데이블 컨트롤하기 어려운 데이터가 있다.
→ 파워쿼리를 통해 간단히 피벗테이블 만지기 좋은 Raw Data 형식으로 바꿀 수 있습니다.
- 매번 업데이트 되는 Raw Data에 Vlookup, If문을 계속 수정해줘야한다.
→ 파워쿼리식 Vlookup, If문을 쓰게 되면 복잡한 수식도 아주 간단하게 적용 가능합니다.','SAP, 더존, 회사ERP','/resources/upload/gosuProject/1181d0d3-4ab3-44d7-997a-b27dda71c6b9.png');
Insert into MINT.GOSU_PROJECT (GPROJECT_NO,GGOSU_NO,GPROJECT_TITLE,GPROJECT_CONTENT,FILEPATH) values (101,75,'- 다양한 형태의 데이터 로드하는 방법 안내
- 일반엑셀과 비교를 통한 파워쿼리 데이터 가공의 PowerFul함 비교
- 실무적용 시 자주 발생할 수 있는 돌발 변수 및 실수 해결을 위한 노하우 전수
- 왜? 이기능이 필요한지, 어떤 메커니즘으로 수행되는지에 대한 이해
- 다양한 실무적용 사례를 보며 Case Study
','파워쿼리식 Vlookup','/resources/upload/gosuProject/3a0216f2-3345-4805-8aa2-c4335cb85e87.png');
Insert into MINT.GOSU_PROJECT (GPROJECT_NO,GGOSU_NO,GPROJECT_TITLE,GPROJECT_CONTENT,FILEPATH) values (102,76,'스타트업 전문기획능력은 수많은 경험을 통해 검증되었습니다. 그렇기에 개발','기획자료 초안','/resources/upload/gosuProject/bb495105-37f2-4ac9-97f2-13a7126d27c4.png');
Insert into MINT.GOSU_PROJECT (GPROJECT_NO,GGOSU_NO,GPROJECT_TITLE,GPROJECT_CONTENT,FILEPATH) values (103,77,'안녕하세요 저희는 라이브커머스 플랫폼을 운영하는 회사입니다.
처음에 기획을 진행하다 틀어져서..기획이 마무리된 단계에서 UI&UX 디자이너 전문가이신
훈이즈히어님을 채용했습니다.채용한 이유는 포트폴리오를 보고 바로 채용했으며
몇일전 결과를 받아봤는데 저희 느낌이랑 굉장히 잘맞고 만족할만한 결과를 받았습니다.
많은 스타트업분들이 프로젝트를 진행하기가 어려울꺼라고 생각합니다. 그런데 여기 훈이즈히어 님은 저희 프로젝트를 잘 마무리해주셨습니다. 좋은 작업물 감사드립니다.','라이브커머스 플랫폼','/resources/upload/gosuProject/8e0db06b-5131-4633-9177-b6578c336522.png');
Insert into MINT.GOSU_PROJECT (GPROJECT_NO,GGOSU_NO,GPROJECT_TITLE,GPROJECT_CONTENT,FILEPATH) values (104,78,'웹개발 맡겨만주세요!','드루드루드루피','/resources/upload/gosuProject/dddru.jfif');
Insert into MINT.GOSU_PROJECT (GPROJECT_NO,GGOSU_NO,GPROJECT_TITLE,GPROJECT_CONTENT,FILEPATH) values (105,79,'커리큘럼별 가격
1. 파이썬 기초 7일 완성 커리큘럼 - 38만원
2. Django 웹프레임워크 8일 실전 커리큘럼 - 48만원
3. 웹스크래핑과 업무자동화 8일 실전 커리큘럼 - 48만원',' 파이썬 기초 7일 완성 ','/resources/upload/gosuProject/97b8b110-57aa-43f0-b16e-efe51383b984.png');
Insert into MINT.GOSU_PROJECT (GPROJECT_NO,GGOSU_NO,GPROJECT_TITLE,GPROJECT_CONTENT,FILEPATH) values (106,79,'? 검증된 멘토의 1대1 비대면 코딩 강의진행
? 언제든지 질문 가능한 슬랙 질문방 운영
? 7번의 수업으로 파이썬 기초 완성 커리큘럼
? 강의자료와 수백개의 예제들 제공','검증된 멘토','/resources/upload/gosuProject/9c90cee6-72c3-4d73-8282-72b012221971.jpg');
Insert into MINT.GOSU_PROJECT (GPROJECT_NO,GGOSU_NO,GPROJECT_TITLE,GPROJECT_CONTENT,FILEPATH) values (107,80,'카카오 만들었습니다.','카카오엔터테인먼트','/resources/upload/gosuProject/4fe4e224-6081-491e-a7f2-fcfa2ed68cfd_1.jpeg');
Insert into MINT.GOSU_PROJECT (GPROJECT_NO,GGOSU_NO,GPROJECT_TITLE,GPROJECT_CONTENT,FILEPATH) values (108,82,'#전기전자기초
#전자회로실습
#제어코딩
#아두이노
#AVR
#제품설계컨설팅
#납땜스킬
#개발외주
#인천전자교육
#인천제어코딩
#Neeverlec','전기전자기초','/resources/upload/gosuProject/4fe4e224-6081-491e-a7f2-fcfa2ed68cfd_3.jpeg');
Insert into MINT.GOSU_PROJECT (GPROJECT_NO,GGOSU_NO,GPROJECT_TITLE,GPROJECT_CONTENT,FILEPATH) values (109,83,'축구게임개발, 골프게임개발','축구게임개발, 골프게임개발','/resources/upload/gosuProject/ac57f346-38d4-4ae8-8ca3-0207f81a48bc.png');
Insert into MINT.GOSU_PROJECT (GPROJECT_NO,GGOSU_NO,GPROJECT_TITLE,GPROJECT_CONTENT,FILEPATH) values (110,83,'게임개발전문입니다.
맡겨주세요.','게임개발1','/resources/upload/gosuProject/2fdd5749-0728-41bc-a457-9ac0ed4fe456.png');
Insert into MINT.GOSU_PROJECT (GPROJECT_NO,GGOSU_NO,GPROJECT_TITLE,GPROJECT_CONTENT,FILEPATH) values (111,84,'Q. 서비스가 시작되기 전 어떤 절차로 진행하나요?
고객께서 원하는 것을 말씀하시면 이후에 자세한 사항의 내용을 듣고 진행합니다

Q. 어떤 서비스를 전문적으로 제공하나요?
프로그래밍 강의 또는 프로그램 개발입니다
저는 주로 C++ 자바 알고리즘등을 강의하고
HTML CSS 자바스크립트 등 홈페이지 개발을 진행합니다
MATLAB도 대학원 때 전공하여서 가능합니다

Q. 서비스의 견적은 어떤 방식으로 산정 되나요?
서로 논의하여 합의 하에 합리적인 가격에 진행합니다 고객님이 많다고 하면 가격을 내립니다

Q. 완료한 서비스 중 대표적인 서비스는 무엇인가요? 소요 시간은 얼마나 소요 되었나요?
프로그램 개발과 프로그래밍을 강의합니다
프로그램 개발은 가능한 원하는 날짜 이내에 해드립니다

Q. A/S 또는 환불 규정은 어떻게 되나요?
원하는 목표에 달성할 때까지 해드립니다
그리고 환불은 마음에 들지 않으면 해드립니다','프로그래밍','/resources/upload/gosuProject/3a0216f2-3345-4805-8aa2-c4335cb85e87_1.png');
Insert into MINT.GOSU_PROJECT (GPROJECT_NO,GGOSU_NO,GPROJECT_TITLE,GPROJECT_CONTENT,FILEPATH) values (112,85,'Q. 서비스가 시작되기 전 어떤 절차로 진행하나요?
상담 후 계약서 작성후에 계약서에 적힌 금액이 입금되면 디자인 진행하고 완성후 전체금액을 받습니다.

Q. 어떤 서비스를 전문적으로 제공하나요?
시각디자인 -전반적인 시각적 디자인 업무를 제공합니다.

Q. 서비스의 견적은 어떤 방식으로 산정 되나요?
시안 갯수','계약서','/resources/upload/gosuProject/8e0db06b-5131-4633-9177-b6578c336522_1.png');
Insert into MINT.GOSU_PROJECT (GPROJECT_NO,GGOSU_NO,GPROJECT_TITLE,GPROJECT_CONTENT,FILEPATH) values (113,86,'Q. 서비스가 시작되기 전 어떤 절차로 진행하나요?
문의 해주시면 더욱 빠르게 답변 드릴 수 있습니다

Q. 어떤 서비스를 전문적으로 제공하나요?
개발을 처음 접하시는 분들이 거부감 없이 다가갈 수 있게 해드리겠습니다

Q. 서비스의 견적은 어떤 방식으로 산정 되나요?
1회당 50분 기준이며 자세한 견적은 카카오톡채널로 문의바랍니다

Q. 완료한 서비스 중 대표적인 서비스는 무엇인가요? 소요 시간은 얼마나 소요 되었나요?
외국계 IT회사에서 개발자로 일하였습니다. 무역 솔루션 유지보수','서비스','/resources/upload/gosuProject/3f90b3e0-b71d-4611-9b33-a4ce204806e3.jpeg');
Insert into MINT.GOSU_PROJECT (GPROJECT_NO,GGOSU_NO,GPROJECT_TITLE,GPROJECT_CONTENT,FILEPATH) values (114,87,'7년 간의 경험과 증명해낸 결과를 보유하고 있습니다. 빠른 답변과 성실한 피드백을 통해 맞춤형 IT전문 자소서','크롤링','/resources/upload/gosuProject/b88c3043-c3ca-4757-8d7b-ff165809f8b9.jpeg');
Insert into MINT.GOSU_PROJECT (GPROJECT_NO,GGOSU_NO,GPROJECT_TITLE,GPROJECT_CONTENT,FILEPATH) values (115,88,'서울에서 부산까지 걸리는 시간은 시스템에 비유하면 요청 이후 응답까지 걸리는 시간입니다. 그리고 그 시간이 8시간이 걸렸다면 대부분의 시간은 실제 도로를 달리는 게 아니라 정체가 풀리기를 기다리는데 소모하는데, 시스템에서 이는 보통 네트워크나 데이터베이스 등과 관련된 입출력 관련 오버헤드에 해당합니다.

이는 성능을 무엇보다 중요하게 여기는 게임에도 적용되며, 이 경우는 주로 렌더링 파이프 라인이나 물리 계산 등이 정체 구간에 해당합니다.

즉, 일반적인 시스템은 응답/반응 시간 대부분을 잡아먹는 정체 구간이 있기 때문에 언어의 단순 실행 성능(raw speed)은 소요 시간을 단축 시키는데 유의미한 차이를 보이지 않는 경우가 많다는 것이 바로 최근 20년 간 VM이나 가상화 기술이 대세로 떠오를 수 있었던 주된 이유입니다.

또한 이를 통해 왜 서버 시스템의 사양을 무한정 높이는 것보다 클러스터 등을 활용해서 스케일 아웃(scale out)하는 것이 훨씬 효율적인 최적화의 방식인지 또한 부분적으로 이해할 수 있을 것입니다.

다시 말하면 명절에 도로가 꽉 막혀서 서울에서 부산까지 8시간이 걸린다면, 문제를 해결하기 위한 방법은 자동차의 속도를 높이는 것이 아니라 차선을 확장하는 것이라는 간단한 원리입니다.
','모다 디자인','/resources/upload/gosuProject/1f83255d-c8f5-4ab5-8b4e-7c466616b20b.jpg');
Insert into MINT.GOSU_PROJECT (GPROJECT_NO,GGOSU_NO,GPROJECT_TITLE,GPROJECT_CONTENT,FILEPATH) values (116,89,'서울에서 부산까지 걸리는 시간은 시스템에 비유하면 요청 이후 응답까지 걸리는 시간입니다. 그리고 그 시간이 8시간이 걸렸다면 대부분의 시간은 실제 도로를 달리는 게 아니라 정체가 풀리기를 기다리는데 소모하는데, 시스템에서 이는 보통 네트워크나 데이터베이스 등과 관련된 입출력 관련 오버헤드에 해당합니다.

이는 성능을 무엇보다 중요하게 여기는 게임에도 적용되며, 이 경우는 주로 렌더링 파이프 라인이나 물리 계산 등이 정체 구간에 해당합니다.

즉, 일반적인 시스템은 응답/반응 시간 대부분을 잡아먹는 정체 구간이 있기 때문에 언어의 단순 실행 성능(raw speed)은 소요 시간을 단축 시키는데 유의미한 차이를 보이지 않는 경우가 많다는 것이 바로 최근 20년 간 VM이나 가상화 기술이 대세로 떠오를 수 있었던 주된 이유입니다.

또한 이를 통해 왜 서버 시스템의 사양을 무한정 높이는 것보다 클러스터 등을 활용해서 스케일 아웃(scale out)하는 것이 훨씬 효율적인 최적화의 방식인지 또한 부분적으로 이해할 수 있을 것입니다.

다시 말하면 명절에 도로가 꽉 막혀서 서울에서 부산까지 8시간이 걸린다면, 문제를 해결하기 위한 방법은 자동차의 속도를 높이는 것이 아니라 차선을 확장하는 것이라는 간단한 원리입니다.
','EA','/resources/upload/gosuProject/33f1521f-a991-47cd-bda0-5a1fbe8ee906.png');
REM INSERTING into MINT.GOSU_REQUEST
SET DEFINE OFF;
Insert into MINT.GOSU_REQUEST (REQUEST_NO,REQUEST_WRITER_NO,REQUEST_CONTENT1,REQUEST_CONTENT2,REQUEST_CONTENT3,REQUEST_CONTENT4,REQUEST_CONTENT5,REQUEST_CONTENT6,REQUEST_CONTENT7,REQUEST_DATE) values (83,6,'Android,고수와
											상담 후 결정할게요.','일반프로그램,게임,임베디드,기타','상담 후 결정,주니어 (3년 이하)','아이디어만 있음.,기타','협의 가능해요.','어떤 방식이든 상관없어요.,온라인 진행 원해요.','게임 개발 부탁드립니다','2021-12-20');
Insert into MINT.GOSU_REQUEST (REQUEST_NO,REQUEST_WRITER_NO,REQUEST_CONTENT1,REQUEST_CONTENT2,REQUEST_CONTENT3,REQUEST_CONTENT4,REQUEST_CONTENT5,REQUEST_CONTENT6,REQUEST_CONTENT7,REQUEST_DATE) values (84,27,'Windows,Mac','임베디드','주니어 (3년 이하)','필요 내용 정리되어 있음.','협의 가능해요.','고수가 있는 곳으로 갈게요.','안녕하세요 웹 사이트 개발 부탁드립니다.','2021-12-20');
Insert into MINT.GOSU_REQUEST (REQUEST_NO,REQUEST_WRITER_NO,REQUEST_CONTENT1,REQUEST_CONTENT2,REQUEST_CONTENT3,REQUEST_CONTENT4,REQUEST_CONTENT5,REQUEST_CONTENT6,REQUEST_CONTENT7,REQUEST_DATE) values (85,31,'iOS,고수와
											상담 후 결정할게요.','일반프로그램','기타','기타','일주일 이내로 진행하고 싶어요.','제가 있는 곳으로 와주세요.','솔루션 개발 원합니다.','2021-12-20');
Insert into MINT.GOSU_REQUEST (REQUEST_NO,REQUEST_WRITER_NO,REQUEST_CONTENT1,REQUEST_CONTENT2,REQUEST_CONTENT3,REQUEST_CONTENT4,REQUEST_CONTENT5,REQUEST_CONTENT6,REQUEST_CONTENT7,REQUEST_DATE) values (86,32,'Mac,Android','일반프로그램,기타','시니어(10년 이상)','아이디어만 있음.,기타','협의 가능해요.','온라인 진행 원해요.','진행사항 꼼꼼하게 알려주실 개발자를 원합니다.','2021-12-20');
Insert into MINT.GOSU_REQUEST (REQUEST_NO,REQUEST_WRITER_NO,REQUEST_CONTENT1,REQUEST_CONTENT2,REQUEST_CONTENT3,REQUEST_CONTENT4,REQUEST_CONTENT5,REQUEST_CONTENT6,REQUEST_CONTENT7,REQUEST_DATE) values (87,109,'고수와
											상담 후 결정할게요.','기타','기타','기타','기타','어떤 방식이든 상관없어요.,고수가 있는 곳으로 갈게요.','1amthomas','2021-12-20');
Insert into MINT.GOSU_REQUEST (REQUEST_NO,REQUEST_WRITER_NO,REQUEST_CONTENT1,REQUEST_CONTENT2,REQUEST_CONTENT3,REQUEST_CONTENT4,REQUEST_CONTENT5,REQUEST_CONTENT6,REQUEST_CONTENT7,REQUEST_DATE) values (88,110,'Android','일반프로그램,게임,임베디드','상담 후 결정,주니어 (3년 이하)','아이디어만 있음.,필요 내용 정리되어 있음.','일주일 이내로 진행하고 싶어요.','어떤 방식이든 상관없어요.,온라인 진행 원해요.,제가 있는 곳으로 와주세요.,고수가 있는 곳으로 갈게요.','소프트웨어 개발 고수 모십니다.','2021-12-20');
Insert into MINT.GOSU_REQUEST (REQUEST_NO,REQUEST_WRITER_NO,REQUEST_CONTENT1,REQUEST_CONTENT2,REQUEST_CONTENT3,REQUEST_CONTENT4,REQUEST_CONTENT5,REQUEST_CONTENT6,REQUEST_CONTENT7,REQUEST_DATE) values (92,31,'Linux,Android','게임,임베디드','미드 (4~9년),시니어(10년 이상)','필요 내용 정리되어 있음.,상세한 기획 문서 있음.','협의 가능해요.,기타','제가 있는 곳으로 와주세요.','여튼 별의 별 생각이 다듭니다. 다만, 그렇다고 이력서에서의 감점은 아닙니다','2021-12-20');
Insert into MINT.GOSU_REQUEST (REQUEST_NO,REQUEST_WRITER_NO,REQUEST_CONTENT1,REQUEST_CONTENT2,REQUEST_CONTENT3,REQUEST_CONTENT4,REQUEST_CONTENT5,REQUEST_CONTENT6,REQUEST_CONTENT7,REQUEST_DATE) values (90,64,'Linux,iOS','임베디드','시니어(10년 이상)','상세한 기획 문서 있음.','일주일 이내로 진행하고 싶어요.','온라인 진행 원해요.,제가 있는 곳으로 와주세요.','테스트테스트테스트테스트테스트테스트테스트테스트테스트테스트테스트테스트테스트테스트테스트테스트테스트테스트테스트테스트테스트테스트테스트테스트테스트테스트테스트테스트테스트테스트테스트테스트테스트테스트테스트테스트테스트테스트테스트테스트테스트테스트테스트테스트','2021-12-20');
Insert into MINT.GOSU_REQUEST (REQUEST_NO,REQUEST_WRITER_NO,REQUEST_CONTENT1,REQUEST_CONTENT2,REQUEST_CONTENT3,REQUEST_CONTENT4,REQUEST_CONTENT5,REQUEST_CONTENT6,REQUEST_CONTENT7,REQUEST_DATE) values (91,6,'Linux,iOS,Android','게임,임베디드','상담 후 결정','필요 내용 정리되어 있음.,상세한 기획 문서 있음.','가능한 빨리 진행하고 싶어요.,일주일 이내로 진행하고 싶어요.','어떤 방식이든 상관없어요.,제가 있는 곳으로 와주세요.','비슷한 규모의 회사를 이직한 케이스는 매우 안 좋습니다. 성장해서 이직한게 아닌 회사의 환경(돈)만을 i는 것으로 오해할 소지가 많습니다','2021-12-20');
Insert into MINT.GOSU_REQUEST (REQUEST_NO,REQUEST_WRITER_NO,REQUEST_CONTENT1,REQUEST_CONTENT2,REQUEST_CONTENT3,REQUEST_CONTENT4,REQUEST_CONTENT5,REQUEST_CONTENT6,REQUEST_CONTENT7,REQUEST_DATE) values (93,1,'iOS,Android','임베디드','미드 (4~9년)','상세한 기획 문서 있음.,레이아웃, 디자인 등 구성 완료.','원하는 날짜가 있어요.','온라인 진행 원해요.','이것저것 개발하고 싶습니다.','2021-12-21');
Insert into MINT.GOSU_REQUEST (REQUEST_NO,REQUEST_WRITER_NO,REQUEST_CONTENT1,REQUEST_CONTENT2,REQUEST_CONTENT3,REQUEST_CONTENT4,REQUEST_CONTENT5,REQUEST_CONTENT6,REQUEST_CONTENT7,REQUEST_DATE) values (101,67,'Windows','게임','미드 (4~9년)','필요 내용 정리되어 있음.','협의 가능해요.','어떤 방식이든 상관없어요.','많이 알려주세요','2021-12-23');
Insert into MINT.GOSU_REQUEST (REQUEST_NO,REQUEST_WRITER_NO,REQUEST_CONTENT1,REQUEST_CONTENT2,REQUEST_CONTENT3,REQUEST_CONTENT4,REQUEST_CONTENT5,REQUEST_CONTENT6,REQUEST_CONTENT7,REQUEST_DATE) values (81,5,'Linux,iOS','기타','미드 (4~9년),기타','상세한 기획 문서 있음.,레이아웃, 디자인 등 구성 완료.','일주일 이내로 진행하고 싶어요.','제가 있는 곳으로 와주세요.,고수가 있는 곳으로 갈게요.','웹 개발 부탁드립니다.','2021-12-20');
Insert into MINT.GOSU_REQUEST (REQUEST_NO,REQUEST_WRITER_NO,REQUEST_CONTENT1,REQUEST_CONTENT2,REQUEST_CONTENT3,REQUEST_CONTENT4,REQUEST_CONTENT5,REQUEST_CONTENT6,REQUEST_CONTENT7,REQUEST_DATE) values (82,1,'Windows,Mac','임베디드','상담 후 결정','기타','가능한 빨리 진행하고 싶어요.','제가 있는 곳으로 와주세요.','슬기회사로 오세요','2021-12-20');
Insert into MINT.GOSU_REQUEST (REQUEST_NO,REQUEST_WRITER_NO,REQUEST_CONTENT1,REQUEST_CONTENT2,REQUEST_CONTENT3,REQUEST_CONTENT4,REQUEST_CONTENT5,REQUEST_CONTENT6,REQUEST_CONTENT7,REQUEST_DATE) values (121,31,'Linux,iOS,Android','임베디드','주니어 (3년 이하),미드 (4~9년)','상세한 기획 문서 있음.,레이아웃, 디자인 등 구성 완료.','가능한 빨리 진행하고 싶어요.,일주일 이내로 진행하고 싶어요.','제가 있는 곳으로 와주세요.','게임 개발 도와주세요!','2021-12-28');
Insert into MINT.GOSU_REQUEST (REQUEST_NO,REQUEST_WRITER_NO,REQUEST_CONTENT1,REQUEST_CONTENT2,REQUEST_CONTENT3,REQUEST_CONTENT4,REQUEST_CONTENT5,REQUEST_CONTENT6,REQUEST_CONTENT7,REQUEST_DATE) values (122,220,'고수와
											상담 후 결정할게요.','일반프로그램','주니어 (3년 이하)','아이디어만 있음.','협의 가능해요.','고수가 있는 곳으로 갈게요.','spring, react로 구현하고 비숙련자가 유지보수도 가능했으면 좋겠어요','2021-12-28');
Insert into MINT.GOSU_REQUEST (REQUEST_NO,REQUEST_WRITER_NO,REQUEST_CONTENT1,REQUEST_CONTENT2,REQUEST_CONTENT3,REQUEST_CONTENT4,REQUEST_CONTENT5,REQUEST_CONTENT6,REQUEST_CONTENT7,REQUEST_DATE) values (123,209,'Windows','게임','주니어 (3년 이하)','아이디어만 있음.','가능한 빨리 진행하고 싶어요.','제가 있는 곳으로 와주세요.','잘하시는분?','2021-12-28');
Insert into MINT.GOSU_REQUEST (REQUEST_NO,REQUEST_WRITER_NO,REQUEST_CONTENT1,REQUEST_CONTENT2,REQUEST_CONTENT3,REQUEST_CONTENT4,REQUEST_CONTENT5,REQUEST_CONTENT6,REQUEST_CONTENT7,REQUEST_DATE) values (124,1,'Windows,Mac,고수와
											상담 후 결정할게요.','일반프로그램,게임','미드 (4~9년),시니어(10년 이상)','필요 내용 정리되어 있음.,상세한 기획 문서 있음.','가능한 빨리 진행하고 싶어요.,일주일 이내로 진행하고 싶어요.','온라인 진행 원해요.,고수가 있는 곳으로 갈게요.','고수님 제발 개발 도와주세요','2021-12-28');
Insert into MINT.GOSU_REQUEST (REQUEST_NO,REQUEST_WRITER_NO,REQUEST_CONTENT1,REQUEST_CONTENT2,REQUEST_CONTENT3,REQUEST_CONTENT4,REQUEST_CONTENT5,REQUEST_CONTENT6,REQUEST_CONTENT7,REQUEST_DATE) values (125,109,'Windows','기타','상담 후 결정','아이디어만 있음.','협의 가능해요.','어떤 방식이든 상관없어요.','fgt','2021-12-28');
Insert into MINT.GOSU_REQUEST (REQUEST_NO,REQUEST_WRITER_NO,REQUEST_CONTENT1,REQUEST_CONTENT2,REQUEST_CONTENT3,REQUEST_CONTENT4,REQUEST_CONTENT5,REQUEST_CONTENT6,REQUEST_CONTENT7,REQUEST_DATE) values (126,109,'Windows','일반프로그램','상담 후 결정','아이디어만 있음.','협의 가능해요.','어떤 방식이든 상관없어요.','자바를 반드시 사용해야 합니다.자바를 반드시 사용해야 합니다.','2021-12-28');
Insert into MINT.GOSU_REQUEST (REQUEST_NO,REQUEST_WRITER_NO,REQUEST_CONTENT1,REQUEST_CONTENT2,REQUEST_CONTENT3,REQUEST_CONTENT4,REQUEST_CONTENT5,REQUEST_CONTENT6,REQUEST_CONTENT7,REQUEST_DATE) values (141,109,'Windows','일반프로그램','상담 후 결정','아이디어만 있음.','협의 가능해요.','어떤 방식이든 상관없어요.','DASF','2021-12-29');
Insert into MINT.GOSU_REQUEST (REQUEST_NO,REQUEST_WRITER_NO,REQUEST_CONTENT1,REQUEST_CONTENT2,REQUEST_CONTENT3,REQUEST_CONTENT4,REQUEST_CONTENT5,REQUEST_CONTENT6,REQUEST_CONTENT7,REQUEST_DATE) values (142,109,'Windows','임베디드','미드 (4~9년)','필요 내용 정리되어 있음.','가능한 빨리 진행하고 싶어요.','제가 있는 곳으로 와주세요.','ㅎㅇㅎㅇ','2021-12-29');
REM INSERTING into MINT.GOSU_REQUEST_COST
SET DEFINE OFF;
Insert into MINT.GOSU_REQUEST_COST (COST_NO,GOSU_NO,REQUEST_NO,COST_CONTENT,COST,COST_DATE,MEMBER_ID) values (83,101,84,'안녕하세요 디벨로민트 같은 웹 사이트 개발 가능합니다.','5000','2021-12-20','user99');
Insert into MINT.GOSU_REQUEST_COST (COST_NO,GOSU_NO,REQUEST_NO,COST_CONTENT,COST,COST_DATE,MEMBER_ID) values (84,137,82,'슬기회사가 어떤 곳이죠?','4500','2021-12-20','seulgi');
Insert into MINT.GOSU_REQUEST_COST (COST_NO,GOSU_NO,REQUEST_NO,COST_CONTENT,COST,COST_DATE,MEMBER_ID) values (85,136,91,'경력사항 (기술 스택, 진행한 프로젝트 소개)

사용한 기술 스택과 어떤 역할을 했는지 핵심을 적습니다.
단순히 무엇을 가지고 무엇을 구현 했다만 적지 마시고 무언가 더 개선하기 위해서 시도했던 노력들을 적으시면 더 좋습니다.
일관성 없는 기술 스택은 매우 안좋은 신호를 줍니다.
back-end 했다가 front-end 했다가 하면 경력을 쌓는 동안 전문적으로 기술 스택을 잘 쌓아 왔을거라는 기대감이 줄어듭니다.
물론 첫회사에서는 이것 저것 할 확률이 매우 높습니다. 저도 그랬으니까요. 하지만 두번째 회사 부터의 경력은 최대한 한 우물을 깊게 파는 형태로 커리어를 쌓아나가시는게 매우 유리합니다.
서비스회사의 큰 기업들은 한사람이 여러가지 파트를 다 맡아서 하지 않습니다. 특정 파트를 전문적으로 하게 됩니다.
너무 많은 기술들의 나열도 좋지 않은 신호입니다. 특히나 javascript 80%, React.js 90% 이런 수치적으로 나타내는 것은 아무 의미도 없을 뿐더러 믿지도 않고 더욱더 의심만 키워줍니다.
차라리 잘 다룰 줄 아는 것과 어느 정도 알고 있는 것 정도로 나누시되 핵심적인 기술들만 적으세요. 온갖 툴 이름들까지 기술스택에 난무하면... 네 안좋습니다. 
이전 회사가 SI회사다(서비스 회사에서 기피하는 이력이 아니라고는 말씀 못드리겠습니다.) 그렇다고 해도 기술에 대해서 어필하면 됩니다.','4000','2021-12-20','testda');
Insert into MINT.GOSU_REQUEST_COST (COST_NO,GOSU_NO,REQUEST_NO,COST_CONTENT,COST,COST_DATE,MEMBER_ID) values (86,136,88,'거두절미하고 시작해보겠습니다.

참고로 저는 front-end 개발자이며 지극히 제가 면접관으로서 면접을 진행하면서 나름 정립한 조언 정도로 봐주시면 되겠습니다. (다른 분들과 크게 다르지는 않을 겁니다.)','5000','2021-12-20','testda3');
Insert into MINT.GOSU_REQUEST_COST (COST_NO,GOSU_NO,REQUEST_NO,COST_CONTENT,COST,COST_DATE,MEMBER_ID) values (87,136,87,'현 "네카라" 중 한 곳에서 개발자로 일하며 간간히 면접관도 겸하고 있습니다.

경력은 십 몇년 정도 되었습니다.



제목이 어그로성이 좀 있는데요. 많은 분들께 공유드리고 싶어서 선택한 제목이니 너그러이 용서해주시길 바랍니다.



다름이 아니라 서비스 회사에 입사하고 싶은 분들을 위해서 글을 씁니다.

이력서는 어떻게 준비하고 대면 면접자리에서 어떻게 능력을 어필하고 보여줄 수 있는지에 대한 힌트를 알려 드리고자 합니다.','5000','2021-12-20','amthomas');
Insert into MINT.GOSU_REQUEST_COST (COST_NO,GOSU_NO,REQUEST_NO,COST_CONTENT,COST,COST_DATE,MEMBER_ID) values (88,136,92,'사용한 기술 스택과 어떤 역할을 했는지 핵심을 적습니다.
단순히 무엇을 가지고 무엇을 구현 했다만 적지 마시고 무언가 더 개선하기 위해서 시도했던 노력들을 적으시면 더 좋습니다.
일관성 없는 기술 스택은 매우 안좋은 신호를 줍니다.
back-end 했다가 front-end 했다가 하면 경력을 쌓는 동안 전문적으로 기술 스택을 잘 쌓아 왔을거라는 기대감이 줄어듭니다.
물론 첫회사에서는 이것 저것 할 확률이 매우 높습니다. 저도 그랬으니까요. 하지만 두번째 회사 부터의 경력은 최대한 한 우물을 깊게 파는 형태로 커리어를 쌓아나가시는게 매우 유리합니다.
서비스회사의 큰 기업들은 한사람이 여러가지 파트를 다 맡아서 하지 않습니다. 특정 파트를 전문적으로 하게 됩니다.','5000','2021-12-20','testda2');
Insert into MINT.GOSU_REQUEST_COST (COST_NO,GOSU_NO,REQUEST_NO,COST_CONTENT,COST,COST_DATE,MEMBER_ID) values (89,35,87,'맡겨만주세요!','5000','2021-12-20','amthomas');
Insert into MINT.GOSU_REQUEST_COST (COST_NO,GOSU_NO,REQUEST_NO,COST_CONTENT,COST,COST_DATE,MEMBER_ID) values (90,35,91,'이런 경우가 굉장히 드문 케이스잖아요. 개발자님 같이 오랜 시간 동안 관리자 역할, CIO, 본부장 역할을 하다 현업 개발자를 하시는 분을 본 적이 없어서요. 물론 많은 개발자가 희망하지만 실제로 하는 케이스가 드물어서요.','4000','2021-12-21','testda');
Insert into MINT.GOSU_REQUEST_COST (COST_NO,GOSU_NO,REQUEST_NO,COST_CONTENT,COST,COST_DATE,MEMBER_ID) values (91,131,81,'맡겨주세요~','4000','2021-12-21','user01');
Insert into MINT.GOSU_REQUEST_COST (COST_NO,GOSU_NO,REQUEST_NO,COST_CONTENT,COST,COST_DATE,MEMBER_ID) values (92,132,81,'현직 개발자입니다.','1234','2021-12-21','user01');
Insert into MINT.GOSU_REQUEST_COST (COST_NO,GOSU_NO,REQUEST_NO,COST_CONTENT,COST,COST_DATE,MEMBER_ID) values (93,133,81,'게임 개발 가능합니다.','4321','2021-12-21','user01');
Insert into MINT.GOSU_REQUEST_COST (COST_NO,GOSU_NO,REQUEST_NO,COST_CONTENT,COST,COST_DATE,MEMBER_ID) values (101,141,92,'안녕하세요','4000','2021-12-22','testda2');
Insert into MINT.GOSU_REQUEST_COST (COST_NO,GOSU_NO,REQUEST_NO,COST_CONTENT,COST,COST_DATE,MEMBER_ID) values (102,141,88,'안농하세용','4000','2021-12-22','testda3');
Insert into MINT.GOSU_REQUEST_COST (COST_NO,GOSU_NO,REQUEST_NO,COST_CONTENT,COST,COST_DATE,MEMBER_ID) values (103,35,101,'안녕하세요','4000','2021-12-24','user67');
Insert into MINT.GOSU_REQUEST_COST (COST_NO,GOSU_NO,REQUEST_NO,COST_CONTENT,COST,COST_DATE,MEMBER_ID) values (121,35,123,'저 아주 잘합니다','3000','2021-12-28','user209');
Insert into MINT.GOSU_REQUEST_COST (COST_NO,GOSU_NO,REQUEST_NO,COST_CONTENT,COST,COST_DATE,MEMBER_ID) values (122,141,93,'저한테 맡겨주세요~ 현직 개발자입니다.','4000','2021-12-28','seulgi');
Insert into MINT.GOSU_REQUEST_COST (COST_NO,GOSU_NO,REQUEST_NO,COST_CONTENT,COST,COST_DATE,MEMBER_ID) values (123,135,124,'게임 개발 도와드릴 수 있습니다!','5500','2021-12-28','seulgi');
Insert into MINT.GOSU_REQUEST_COST (COST_NO,GOSU_NO,REQUEST_NO,COST_CONTENT,COST,COST_DATE,MEMBER_ID) values (81,35,81,'어떤 웹 사이트를 개발을 원하시는 건지 궁금합니다! 
저로 말씀드리자면 카카오 개발자로써 어떠한 사이트도 개발이 가능합니다.','4000','2021-12-20','user01');
Insert into MINT.GOSU_REQUEST_COST (COST_NO,GOSU_NO,REQUEST_NO,COST_CONTENT,COST,COST_DATE,MEMBER_ID) values (82,151,83,'안녕하세요 롤 개발 가능합니다.','4000','2021-12-20','testda');
Insert into MINT.GOSU_REQUEST_COST (COST_NO,GOSU_NO,REQUEST_NO,COST_CONTENT,COST,COST_DATE,MEMBER_ID) values (124,141,125,'안녕하세요 맡겨주세요 ','4000','2021-12-28','amthomas');
REM INSERTING into MINT.GOSU_REQUEST_PROJECT
SET DEFINE OFF;
Insert into MINT.GOSU_REQUEST_PROJECT (REQUEST_PROJECT_NO,MEMBER_NO,REQUEST_PROJECT_DATE,FILEPATH,FILENAME,REQUEST_PROJECT_SUB_NO) values (21,101,'2021-12-20',null,null,23);
Insert into MINT.GOSU_REQUEST_PROJECT (REQUEST_PROJECT_NO,MEMBER_NO,REQUEST_PROJECT_DATE,FILEPATH,FILENAME,REQUEST_PROJECT_SUB_NO) values (25,137,'2021-12-20','/resources/upload/gosu/gosuRequestProject/33f1521f-a991-47cd-bda0-5a1fbe8ee906.png','33f1521f-a991-47cd-bda0-5a1fbe8ee906.png',24);
Insert into MINT.GOSU_REQUEST_PROJECT (REQUEST_PROJECT_NO,MEMBER_NO,REQUEST_PROJECT_DATE,FILEPATH,FILENAME,REQUEST_PROJECT_SUB_NO) values (23,5,'2021-12-20','/resources/upload/gosu/gosuRequestProject/97cf5339f609194fdf679beafd541fdb.jpg','97cf5339f609194fdf679beafd541fdb.jpg',21);
Insert into MINT.GOSU_REQUEST_PROJECT (REQUEST_PROJECT_NO,MEMBER_NO,REQUEST_PROJECT_DATE,FILEPATH,FILENAME,REQUEST_PROJECT_SUB_NO) values (24,5,'2021-12-20',null,null,21);
Insert into MINT.GOSU_REQUEST_PROJECT (REQUEST_PROJECT_NO,MEMBER_NO,REQUEST_PROJECT_DATE,FILEPATH,FILENAME,REQUEST_PROJECT_SUB_NO) values (26,137,'2021-12-20',null,null,24);
Insert into MINT.GOSU_REQUEST_PROJECT (REQUEST_PROJECT_NO,MEMBER_NO,REQUEST_PROJECT_DATE,FILEPATH,FILENAME,REQUEST_PROJECT_SUB_NO) values (27,137,'2021-12-20',null,null,24);
Insert into MINT.GOSU_REQUEST_PROJECT (REQUEST_PROJECT_NO,MEMBER_NO,REQUEST_PROJECT_DATE,FILEPATH,FILENAME,REQUEST_PROJECT_SUB_NO) values (28,35,'2021-12-20',null,null,21);
Insert into MINT.GOSU_REQUEST_PROJECT (REQUEST_PROJECT_NO,MEMBER_NO,REQUEST_PROJECT_DATE,FILEPATH,FILENAME,REQUEST_PROJECT_SUB_NO) values (29,35,'2021-12-20','/resources/upload/gosu/gosuRequestProject/307f17ba-b926-4864-95f9-f0fa46570a6c.jpg','307f17ba-b926-4864-95f9-f0fa46570a6c.jpg',21);
Insert into MINT.GOSU_REQUEST_PROJECT (REQUEST_PROJECT_NO,MEMBER_NO,REQUEST_PROJECT_DATE,FILEPATH,FILENAME,REQUEST_PROJECT_SUB_NO) values (30,35,'2021-12-20',null,null,21);
Insert into MINT.GOSU_REQUEST_PROJECT (REQUEST_PROJECT_NO,MEMBER_NO,REQUEST_PROJECT_DATE,FILEPATH,FILENAME,REQUEST_PROJECT_SUB_NO) values (31,35,'2021-12-20',null,null,21);
Insert into MINT.GOSU_REQUEST_PROJECT (REQUEST_PROJECT_NO,MEMBER_NO,REQUEST_PROJECT_DATE,FILEPATH,FILENAME,REQUEST_PROJECT_SUB_NO) values (32,5,'2021-12-20',null,null,21);
Insert into MINT.GOSU_REQUEST_PROJECT (REQUEST_PROJECT_NO,MEMBER_NO,REQUEST_PROJECT_DATE,FILEPATH,FILENAME,REQUEST_PROJECT_SUB_NO) values (33,137,'2021-12-20',null,null,24);
Insert into MINT.GOSU_REQUEST_PROJECT (REQUEST_PROJECT_NO,MEMBER_NO,REQUEST_PROJECT_DATE,FILEPATH,FILENAME,REQUEST_PROJECT_SUB_NO) values (34,1,'2021-12-20',null,null,24);
Insert into MINT.GOSU_REQUEST_PROJECT (REQUEST_PROJECT_NO,MEMBER_NO,REQUEST_PROJECT_DATE,FILEPATH,FILENAME,REQUEST_PROJECT_SUB_NO) values (35,1,'2021-12-20',null,null,24);
Insert into MINT.GOSU_REQUEST_PROJECT (REQUEST_PROJECT_NO,MEMBER_NO,REQUEST_PROJECT_DATE,FILEPATH,FILENAME,REQUEST_PROJECT_SUB_NO) values (36,1,'2021-12-20','/resources/upload/gosu/gosuRequestProject/8103ef0f-6ff4-4b2b-877e-9444927bf3fb.png','8103ef0f-6ff4-4b2b-877e-9444927bf3fb.png',24);
Insert into MINT.GOSU_REQUEST_PROJECT (REQUEST_PROJECT_NO,MEMBER_NO,REQUEST_PROJECT_DATE,FILEPATH,FILENAME,REQUEST_PROJECT_SUB_NO) values (37,137,'2021-12-20',null,null,24);
Insert into MINT.GOSU_REQUEST_PROJECT (REQUEST_PROJECT_NO,MEMBER_NO,REQUEST_PROJECT_DATE,FILEPATH,FILENAME,REQUEST_PROJECT_SUB_NO) values (38,137,'2021-12-20','/resources/upload/gosu/gosuRequestProject/97cf5339f609194fdf679beafd541fdb_1.jpg','97cf5339f609194fdf679beafd541fdb.jpg',24);
Insert into MINT.GOSU_REQUEST_PROJECT (REQUEST_PROJECT_NO,MEMBER_NO,REQUEST_PROJECT_DATE,FILEPATH,FILENAME,REQUEST_PROJECT_SUB_NO) values (39,137,'2021-12-20',null,null,24);
Insert into MINT.GOSU_REQUEST_PROJECT (REQUEST_PROJECT_NO,MEMBER_NO,REQUEST_PROJECT_DATE,FILEPATH,FILENAME,REQUEST_PROJECT_SUB_NO) values (40,1,'2021-12-20',null,null,24);
Insert into MINT.GOSU_REQUEST_PROJECT (REQUEST_PROJECT_NO,MEMBER_NO,REQUEST_PROJECT_DATE,FILEPATH,FILENAME,REQUEST_PROJECT_SUB_NO) values (41,1,'2021-12-20',null,null,24);
Insert into MINT.GOSU_REQUEST_PROJECT (REQUEST_PROJECT_NO,MEMBER_NO,REQUEST_PROJECT_DATE,FILEPATH,FILENAME,REQUEST_PROJECT_SUB_NO) values (42,137,'2021-12-20','/resources/upload/gosu/gosuRequestProject/33f1521f-a991-47cd-bda0-5a1fbe8ee906_1.png','33f1521f-a991-47cd-bda0-5a1fbe8ee906.png',24);
Insert into MINT.GOSU_REQUEST_PROJECT (REQUEST_PROJECT_NO,MEMBER_NO,REQUEST_PROJECT_DATE,FILEPATH,FILENAME,REQUEST_PROJECT_SUB_NO) values (43,6,'2021-12-20',null,null,22);
Insert into MINT.GOSU_REQUEST_PROJECT (REQUEST_PROJECT_NO,MEMBER_NO,REQUEST_PROJECT_DATE,FILEPATH,FILENAME,REQUEST_PROJECT_SUB_NO) values (44,6,'2021-12-20',null,null,22);
Insert into MINT.GOSU_REQUEST_PROJECT (REQUEST_PROJECT_NO,MEMBER_NO,REQUEST_PROJECT_DATE,FILEPATH,FILENAME,REQUEST_PROJECT_SUB_NO) values (45,6,'2021-12-20',null,null,22);
Insert into MINT.GOSU_REQUEST_PROJECT (REQUEST_PROJECT_NO,MEMBER_NO,REQUEST_PROJECT_DATE,FILEPATH,FILENAME,REQUEST_PROJECT_SUB_NO) values (46,31,'2021-12-22',null,null,26);
Insert into MINT.GOSU_REQUEST_PROJECT (REQUEST_PROJECT_NO,MEMBER_NO,REQUEST_PROJECT_DATE,FILEPATH,FILENAME,REQUEST_PROJECT_SUB_NO) values (47,31,'2021-12-22','/resources/upload/gosu/gosuRequestProject/271f9f4e-54a7-45e2-a418-cef61a50b257.png','271f9f4e-54a7-45e2-a418-cef61a50b257.png',25);
Insert into MINT.GOSU_REQUEST_PROJECT (REQUEST_PROJECT_NO,MEMBER_NO,REQUEST_PROJECT_DATE,FILEPATH,FILENAME,REQUEST_PROJECT_SUB_NO) values (48,141,'2021-12-22',null,null,26);
Insert into MINT.GOSU_REQUEST_PROJECT (REQUEST_PROJECT_NO,MEMBER_NO,REQUEST_PROJECT_DATE,FILEPATH,FILENAME,REQUEST_PROJECT_SUB_NO) values (49,27,'2021-12-23','/resources/upload/gosu/gosuRequestProject/daa9415d-6036-4fef-b144-49a196141a3f.png','daa9415d-6036-4fef-b144-49a196141a3f.png',23);
Insert into MINT.GOSU_REQUEST_PROJECT (REQUEST_PROJECT_NO,MEMBER_NO,REQUEST_PROJECT_DATE,FILEPATH,FILENAME,REQUEST_PROJECT_SUB_NO) values (50,27,'2021-12-23',null,null,23);
Insert into MINT.GOSU_REQUEST_PROJECT (REQUEST_PROJECT_NO,MEMBER_NO,REQUEST_PROJECT_DATE,FILEPATH,FILENAME,REQUEST_PROJECT_SUB_NO) values (51,35,'2021-12-24',null,null,21);
Insert into MINT.GOSU_REQUEST_PROJECT (REQUEST_PROJECT_NO,MEMBER_NO,REQUEST_PROJECT_DATE,FILEPATH,FILENAME,REQUEST_PROJECT_SUB_NO) values (52,35,'2021-12-24',null,null,21);
Insert into MINT.GOSU_REQUEST_PROJECT (REQUEST_PROJECT_NO,MEMBER_NO,REQUEST_PROJECT_DATE,FILEPATH,FILENAME,REQUEST_PROJECT_SUB_NO) values (53,35,'2021-12-24',null,null,21);
Insert into MINT.GOSU_REQUEST_PROJECT (REQUEST_PROJECT_NO,MEMBER_NO,REQUEST_PROJECT_DATE,FILEPATH,FILENAME,REQUEST_PROJECT_SUB_NO) values (54,67,'2021-12-24',null,null,27);
Insert into MINT.GOSU_REQUEST_PROJECT (REQUEST_PROJECT_NO,MEMBER_NO,REQUEST_PROJECT_DATE,FILEPATH,FILENAME,REQUEST_PROJECT_SUB_NO) values (55,67,'2021-12-24',null,null,27);
Insert into MINT.GOSU_REQUEST_PROJECT (REQUEST_PROJECT_NO,MEMBER_NO,REQUEST_PROJECT_DATE,FILEPATH,FILENAME,REQUEST_PROJECT_SUB_NO) values (56,109,'2021-12-24',null,null,28);
Insert into MINT.GOSU_REQUEST_PROJECT (REQUEST_PROJECT_NO,MEMBER_NO,REQUEST_PROJECT_DATE,FILEPATH,FILENAME,REQUEST_PROJECT_SUB_NO) values (61,141,'2021-12-26',null,null,26);
Insert into MINT.GOSU_REQUEST_PROJECT (REQUEST_PROJECT_NO,MEMBER_NO,REQUEST_PROJECT_DATE,FILEPATH,FILENAME,REQUEST_PROJECT_SUB_NO) values (62,141,'2021-12-26',null,null,26);
Insert into MINT.GOSU_REQUEST_PROJECT (REQUEST_PROJECT_NO,MEMBER_NO,REQUEST_PROJECT_DATE,FILEPATH,FILENAME,REQUEST_PROJECT_SUB_NO) values (63,141,'2021-12-26',null,null,26);
Insert into MINT.GOSU_REQUEST_PROJECT (REQUEST_PROJECT_NO,MEMBER_NO,REQUEST_PROJECT_DATE,FILEPATH,FILENAME,REQUEST_PROJECT_SUB_NO) values (64,141,'2021-12-26',null,null,26);
Insert into MINT.GOSU_REQUEST_PROJECT (REQUEST_PROJECT_NO,MEMBER_NO,REQUEST_PROJECT_DATE,FILEPATH,FILENAME,REQUEST_PROJECT_SUB_NO) values (65,141,'2021-12-26',null,null,26);
Insert into MINT.GOSU_REQUEST_PROJECT (REQUEST_PROJECT_NO,MEMBER_NO,REQUEST_PROJECT_DATE,FILEPATH,FILENAME,REQUEST_PROJECT_SUB_NO) values (66,141,'2021-12-26','/resources/upload/gosu/gosuRequestProject/빼꼼.jpg','빼꼼.jpg',26);
Insert into MINT.GOSU_REQUEST_PROJECT (REQUEST_PROJECT_NO,MEMBER_NO,REQUEST_PROJECT_DATE,FILEPATH,FILENAME,REQUEST_PROJECT_SUB_NO) values (67,209,'2021-12-28',null,null,41);
Insert into MINT.GOSU_REQUEST_PROJECT (REQUEST_PROJECT_NO,MEMBER_NO,REQUEST_PROJECT_DATE,FILEPATH,FILENAME,REQUEST_PROJECT_SUB_NO) values (68,35,'2021-12-28',null,null,41);
Insert into MINT.GOSU_REQUEST_PROJECT (REQUEST_PROJECT_NO,MEMBER_NO,REQUEST_PROJECT_DATE,FILEPATH,FILENAME,REQUEST_PROJECT_SUB_NO) values (69,35,'2021-12-28',null,null,41);
Insert into MINT.GOSU_REQUEST_PROJECT (REQUEST_PROJECT_NO,MEMBER_NO,REQUEST_PROJECT_DATE,FILEPATH,FILENAME,REQUEST_PROJECT_SUB_NO) values (70,209,'2021-12-28',null,null,41);
Insert into MINT.GOSU_REQUEST_PROJECT (REQUEST_PROJECT_NO,MEMBER_NO,REQUEST_PROJECT_DATE,FILEPATH,FILENAME,REQUEST_PROJECT_SUB_NO) values (71,35,'2021-12-28',null,null,41);
Insert into MINT.GOSU_REQUEST_PROJECT (REQUEST_PROJECT_NO,MEMBER_NO,REQUEST_PROJECT_DATE,FILEPATH,FILENAME,REQUEST_PROJECT_SUB_NO) values (72,31,'2021-12-28',null,null,26);
Insert into MINT.GOSU_REQUEST_PROJECT (REQUEST_PROJECT_NO,MEMBER_NO,REQUEST_PROJECT_DATE,FILEPATH,FILENAME,REQUEST_PROJECT_SUB_NO) values (73,141,'2021-12-28',null,null,26);
Insert into MINT.GOSU_REQUEST_PROJECT (REQUEST_PROJECT_NO,MEMBER_NO,REQUEST_PROJECT_DATE,FILEPATH,FILENAME,REQUEST_PROJECT_SUB_NO) values (74,141,'2021-12-28',null,null,42);
Insert into MINT.GOSU_REQUEST_PROJECT (REQUEST_PROJECT_NO,MEMBER_NO,REQUEST_PROJECT_DATE,FILEPATH,FILENAME,REQUEST_PROJECT_SUB_NO) values (75,141,'2021-12-28',null,null,42);
Insert into MINT.GOSU_REQUEST_PROJECT (REQUEST_PROJECT_NO,MEMBER_NO,REQUEST_PROJECT_DATE,FILEPATH,FILENAME,REQUEST_PROJECT_SUB_NO) values (76,141,'2021-12-28',null,null,42);
Insert into MINT.GOSU_REQUEST_PROJECT (REQUEST_PROJECT_NO,MEMBER_NO,REQUEST_PROJECT_DATE,FILEPATH,FILENAME,REQUEST_PROJECT_SUB_NO) values (77,141,'2021-12-28',null,null,42);
Insert into MINT.GOSU_REQUEST_PROJECT (REQUEST_PROJECT_NO,MEMBER_NO,REQUEST_PROJECT_DATE,FILEPATH,FILENAME,REQUEST_PROJECT_SUB_NO) values (78,141,'2021-12-28',null,null,42);
Insert into MINT.GOSU_REQUEST_PROJECT (REQUEST_PROJECT_NO,MEMBER_NO,REQUEST_PROJECT_DATE,FILEPATH,FILENAME,REQUEST_PROJECT_SUB_NO) values (79,141,'2021-12-28',null,null,42);
Insert into MINT.GOSU_REQUEST_PROJECT (REQUEST_PROJECT_NO,MEMBER_NO,REQUEST_PROJECT_DATE,FILEPATH,FILENAME,REQUEST_PROJECT_SUB_NO) values (80,1,'2021-12-28',null,null,42);
Insert into MINT.GOSU_REQUEST_PROJECT (REQUEST_PROJECT_NO,MEMBER_NO,REQUEST_PROJECT_DATE,FILEPATH,FILENAME,REQUEST_PROJECT_SUB_NO) values (81,109,'2021-12-28',null,null,43);
Insert into MINT.GOSU_REQUEST_PROJECT (REQUEST_PROJECT_NO,MEMBER_NO,REQUEST_PROJECT_DATE,FILEPATH,FILENAME,REQUEST_PROJECT_SUB_NO) values (82,35,'2021-12-28',null,null,27);
Insert into MINT.GOSU_REQUEST_PROJECT (REQUEST_PROJECT_NO,MEMBER_NO,REQUEST_PROJECT_DATE,FILEPATH,FILENAME,REQUEST_PROJECT_SUB_NO) values (83,35,'2021-12-28',null,null,27);
Insert into MINT.GOSU_REQUEST_PROJECT (REQUEST_PROJECT_NO,MEMBER_NO,REQUEST_PROJECT_DATE,FILEPATH,FILENAME,REQUEST_PROJECT_SUB_NO) values (84,35,'2021-12-28',null,null,27);
Insert into MINT.GOSU_REQUEST_PROJECT (REQUEST_PROJECT_NO,MEMBER_NO,REQUEST_PROJECT_DATE,FILEPATH,FILENAME,REQUEST_PROJECT_SUB_NO) values (85,35,'2021-12-28',null,null,27);
Insert into MINT.GOSU_REQUEST_PROJECT (REQUEST_PROJECT_NO,MEMBER_NO,REQUEST_PROJECT_DATE,FILEPATH,FILENAME,REQUEST_PROJECT_SUB_NO) values (86,35,'2021-12-28',null,null,27);
Insert into MINT.GOSU_REQUEST_PROJECT (REQUEST_PROJECT_NO,MEMBER_NO,REQUEST_PROJECT_DATE,FILEPATH,FILENAME,REQUEST_PROJECT_SUB_NO) values (87,67,'2021-12-28',null,null,27);
Insert into MINT.GOSU_REQUEST_PROJECT (REQUEST_PROJECT_NO,MEMBER_NO,REQUEST_PROJECT_DATE,FILEPATH,FILENAME,REQUEST_PROJECT_SUB_NO) values (88,67,'2021-12-28',null,null,27);
Insert into MINT.GOSU_REQUEST_PROJECT (REQUEST_PROJECT_NO,MEMBER_NO,REQUEST_PROJECT_DATE,FILEPATH,FILENAME,REQUEST_PROJECT_SUB_NO) values (89,35,'2021-12-28',null,null,27);
Insert into MINT.GOSU_REQUEST_PROJECT (REQUEST_PROJECT_NO,MEMBER_NO,REQUEST_PROJECT_DATE,FILEPATH,FILENAME,REQUEST_PROJECT_SUB_NO) values (101,35,'2021-12-29',null,null,27);
REM INSERTING into MINT.GOSU_REQUEST_PROJECT_SUB
SET DEFINE OFF;
Insert into MINT.GOSU_REQUEST_PROJECT_SUB (REQUEST_PROJECT_SUB_NO,REQUEST_NO,COST_NO,REQUEST_PROJECT_SUB_NUM,REQUEST_PROJECT_SUB_DATE) values (23,84,83,1,'2021-12-20');
Insert into MINT.GOSU_REQUEST_PROJECT_SUB (REQUEST_PROJECT_SUB_NO,REQUEST_NO,COST_NO,REQUEST_PROJECT_SUB_NUM,REQUEST_PROJECT_SUB_DATE) values (24,82,84,3,'2021-12-20');
Insert into MINT.GOSU_REQUEST_PROJECT_SUB (REQUEST_PROJECT_SUB_NO,REQUEST_NO,COST_NO,REQUEST_PROJECT_SUB_NUM,REQUEST_PROJECT_SUB_DATE) values (25,92,88,1,'2021-12-20');
Insert into MINT.GOSU_REQUEST_PROJECT_SUB (REQUEST_PROJECT_SUB_NO,REQUEST_NO,COST_NO,REQUEST_PROJECT_SUB_NUM,REQUEST_PROJECT_SUB_DATE) values (26,92,101,3,'2021-12-22');
Insert into MINT.GOSU_REQUEST_PROJECT_SUB (REQUEST_PROJECT_SUB_NO,REQUEST_NO,COST_NO,REQUEST_PROJECT_SUB_NUM,REQUEST_PROJECT_SUB_DATE) values (27,101,103,1,'2021-12-24');
Insert into MINT.GOSU_REQUEST_PROJECT_SUB (REQUEST_PROJECT_SUB_NO,REQUEST_NO,COST_NO,REQUEST_PROJECT_SUB_NUM,REQUEST_PROJECT_SUB_DATE) values (21,81,81,3,'2021-12-20');
Insert into MINT.GOSU_REQUEST_PROJECT_SUB (REQUEST_PROJECT_SUB_NO,REQUEST_NO,COST_NO,REQUEST_PROJECT_SUB_NUM,REQUEST_PROJECT_SUB_DATE) values (22,83,82,1,'2021-12-20');
Insert into MINT.GOSU_REQUEST_PROJECT_SUB (REQUEST_PROJECT_SUB_NO,REQUEST_NO,COST_NO,REQUEST_PROJECT_SUB_NUM,REQUEST_PROJECT_SUB_DATE) values (28,87,87,1,'2021-12-24');
Insert into MINT.GOSU_REQUEST_PROJECT_SUB (REQUEST_PROJECT_SUB_NO,REQUEST_NO,COST_NO,REQUEST_PROJECT_SUB_NUM,REQUEST_PROJECT_SUB_DATE) values (41,123,121,1,'2021-12-28');
Insert into MINT.GOSU_REQUEST_PROJECT_SUB (REQUEST_PROJECT_SUB_NO,REQUEST_NO,COST_NO,REQUEST_PROJECT_SUB_NUM,REQUEST_PROJECT_SUB_DATE) values (42,93,122,1,'2021-12-28');
Insert into MINT.GOSU_REQUEST_PROJECT_SUB (REQUEST_PROJECT_SUB_NO,REQUEST_NO,COST_NO,REQUEST_PROJECT_SUB_NUM,REQUEST_PROJECT_SUB_DATE) values (43,87,89,1,'2021-12-28');
Insert into MINT.GOSU_REQUEST_PROJECT_SUB (REQUEST_PROJECT_SUB_NO,REQUEST_NO,COST_NO,REQUEST_PROJECT_SUB_NUM,REQUEST_PROJECT_SUB_DATE) values (44,81,91,1,'2021-12-28');
REM INSERTING into MINT.GOSU_REQUEST_REVIEW
SET DEFINE OFF;
Insert into MINT.GOSU_REQUEST_REVIEW (REQUEST_REVIEW_NO,REQUEST_PROJECT_SUB_NO,REQUEST_MEMBER_ID,REQUEST_REVIEW_CONTENT,REQUEST_REVIEW_DATE) values (41,24,'seulgi','트러플 슈팅 경험(장애만 얘기하는 것이 아닙니다.)

프로젝트 진행을 하면서 여러가지 이슈들이 있었을텐데요 그 중에서 가장 많은 고민과 시도를 해서 성공적인 사례를 만들었다거나.
실패를 했더라도 무언가 많은 것을 배웠던 이슈가 있었다거나
기술적으로 매우 깊게 무언가를 연구해서 이슈를 해결했다거나
등등을 적어주시면 플러스 알파 되시겠습니다.
"IE 구버전 브라우저에서 오류가 나서 스택 오버 플로우/구글 등 검색하고 해결방법을 찾아 적용하여 이슈를 해결했습니다." 와 같은 것은 안 적으시는게 낫겠습니다.
무슨 말이냐면 근본적인 원인을 찾는 "과정"이 있어야 합니다. 해결 방법만 있는건 아무런 의미가 없습니다.','2021-12-20');
Insert into MINT.GOSU_REQUEST_REVIEW (REQUEST_REVIEW_NO,REQUEST_PROJECT_SUB_NO,REQUEST_MEMBER_ID,REQUEST_REVIEW_CONTENT,REQUEST_REVIEW_DATE) values (81,26,'testda2','즉, 일반적인 시스템은 응답/반응 시간 대부분을 잡아먹는 ''정체 구간''이 있기 때문에 언어의 단순 실행 성능(raw speed)은 소요 시간을 단축 시키는데 유의미한 차이를 보이지 않는 경우가 많다는 것이 바로 최근 20년 간 VM이나 가상화 기술이 대세로 떠오를 수 있었던 주된 이유입니다.','2021-12-28');
Insert into MINT.GOSU_REQUEST_REVIEW (REQUEST_REVIEW_NO,REQUEST_PROJECT_SUB_NO,REQUEST_MEMBER_ID,REQUEST_REVIEW_CONTENT,REQUEST_REVIEW_DATE) values (61,21,'user01','비슷한 이유로
캐멀케이스나 스네이크케이스 등을 혼용해서 쓰거나 줄 바꿈에 일관성이 없는 경우 등도 실제 코딩을 해본 경험이 부족함을 의심하게 하는 단서이기도 합니다.

보통 어느정도 개발을 해보면 그런 부분은 눈에 거슬려서라도 바꾸기 마련입니다. 그냥 배운 것을 따라쳐서 돌아가는 것을 확인하고 다시 쳐다보지 않았다거나 했을 때야 그런 문제를 지속적으로 간과하게 된다고 봅니다.

특히 탭과 공백을 섞어 쓰거나 들여쓰기
띄어쓰기에 일관성이 없는 경우는 보통 다른 예제를 그대로 복사해넣었거나 IDE 사용을 많이 해보지 않았음을 보여주는 단서가 됩니다.

만일 제출한 깃헙 저장소에 "classes" 같은 경로가 통째로 올라가 있다면 해당 지원자가 소스 저장소의 개념을 마치 웹 드라이브 처럼 생각하는 것이 아닌지 의심해볼 여지가 있는 것이나 비슷한 문제입니다.

물론 앞서 말씀드린대로
전 이런 내용 만을 가지고 지원자의 모든 것을 판단하지는 않으려고 노력합니다. 하지만 이런 사소한 부분에서 의외로 지원자의 개발 경험이나 습관 등에 대해 생각보다 많은 내용을 유추할 수 있는 것도 사실입니다.

다른 회사에서도 이런 부분을 신경 쓰는지까지는 잘 모르겠습니다만
그래도 포트폴리오를 준비하는 신입 개발자라면 조금 신경써서 보완해도 괜찮을 내용이라고 생각해서 적어 보았습니다.','2021-12-24');
REM INSERTING into MINT.GOSU_REVIEW
SET DEFINE OFF;
Insert into MINT.GOSU_REVIEW (REVIEW_NO,GGOSU_NO,WRITER,REVIEW_CONTENT,REVIEW_NUM,REVIEW_DATE) values (23,89,'seulgi','친절한 설명 너무 좋았습니다~!',4,'2021-12-20');
Insert into MINT.GOSU_REVIEW (REVIEW_NO,GGOSU_NO,WRITER,REVIEW_CONTENT,REVIEW_NUM,REVIEW_DATE) values (41,65,'testda2','신입 개발자라면 조금 신경써서 보완해도 괜찮을 내용이라고 생각해서 적어 보았습니다.',5,'2021-12-24');
Insert into MINT.GOSU_REVIEW (REVIEW_NO,GGOSU_NO,WRITER,REVIEW_CONTENT,REVIEW_NUM,REVIEW_DATE) values (21,87,'user103','손이 빠르셔서 그런지 기간안에 해주셔서 좋았어요 너무 촉박했는데 다행입니다 :) 코딩을 전문적으로 하셔서 그런지 꼼꼼하게 세세한 부분도 신경 써주시고 작업이 끝난후에도 수정 해주셔서 감사했어요!',5,'2021-12-20');
Insert into MINT.GOSU_REVIEW (REVIEW_NO,GGOSU_NO,WRITER,REVIEW_CONTENT,REVIEW_NUM,REVIEW_DATE) values (22,89,'user01','막막한 상황에서 좋은 기준점을 잡아주셨습니다 감사합니다.',5,'2021-12-20');
Insert into MINT.GOSU_REVIEW (REVIEW_NO,GGOSU_NO,WRITER,REVIEW_CONTENT,REVIEW_NUM,REVIEW_DATE) values (42,88,'testda','오늘은 공부하는 방법에 대한 이야기를 해보았는데요, 분명히 위 방법들이 쉽지 않습니다. 바로 되지 않으실거고, 저도 이런 공부 방법을 익히는데 몇년의 시간이 필요 했습니다.',5,'2021-12-24');
Insert into MINT.GOSU_REVIEW (REVIEW_NO,GGOSU_NO,WRITER,REVIEW_CONTENT,REVIEW_NUM,REVIEW_DATE) values (43,88,'seulgi','일단 돌아가니까 쓰긴 쓰지만 이건 100% 정확한건 아닐거라는 생각을 꼭 하셔야 합니다.',3,'2021-12-24');
Insert into MINT.GOSU_REVIEW (REVIEW_NO,GGOSU_NO,WRITER,REVIEW_CONTENT,REVIEW_NUM,REVIEW_DATE) values (44,88,'gosu1','개발자로서 회사에서 일을 할 때, 제가 개인적으로 두번째로 마주치기 싫은 스타일의 사람들이 용어를 제대로 쓰지 않는 사람들이고, 가장 마주치지 않고 싶은 사람은 뇌피셜 이론을 참인양 갖고 있는 사람들입니다.',4,'2021-12-24');
Insert into MINT.GOSU_REVIEW (REVIEW_NO,GGOSU_NO,WRITER,REVIEW_CONTENT,REVIEW_NUM,REVIEW_DATE) values (61,84,'user141','어떤 언어 A는 B 보다 50% 빠르다. 50%는 엄청난 차이이고, 성능이 곧 돈이나 사용자 경험에 직결되는 마당에 50%나 느린 언어를 쓰는 건 바보 짓이다.',5,'2021-12-28');
REM INSERTING into MINT.GOSU_TALK
SET DEFINE OFF;
Insert into MINT.GOSU_TALK (TALK_NO,FEEDBACK_NO,WRITER,TALK_DATE,FILEPATH,FILENAME) values (45,41,'user103','2021-12-20',null,null);
Insert into MINT.GOSU_TALK (TALK_NO,FEEDBACK_NO,WRITER,TALK_DATE,FILEPATH,FILENAME) values (46,41,'user103','2021-12-20',null,null);
Insert into MINT.GOSU_TALK (TALK_NO,FEEDBACK_NO,WRITER,TALK_DATE,FILEPATH,FILENAME) values (47,41,'user135','2021-12-20',null,null);
Insert into MINT.GOSU_TALK (TALK_NO,FEEDBACK_NO,WRITER,TALK_DATE,FILEPATH,FILENAME) values (48,41,'user135','2021-12-20','/resources/upload/gosu/gosuTalk/094eae6e-7f37-4f32-97fe-06d34a3b4b62.png','094eae6e-7f37-4f32-97fe-06d34a3b4b62.png');
Insert into MINT.GOSU_TALK (TALK_NO,FEEDBACK_NO,WRITER,TALK_DATE,FILEPATH,FILENAME) values (49,41,'user135','2021-12-20','/resources/upload/gosu/gosuTalk/094eae6e-7f37-4f32-97fe-06d34a3b4b62_1.png','094eae6e-7f37-4f32-97fe-06d34a3b4b62.png');
Insert into MINT.GOSU_TALK (TALK_NO,FEEDBACK_NO,WRITER,TALK_DATE,FILEPATH,FILENAME) values (50,41,'user135','2021-12-20',null,null);
Insert into MINT.GOSU_TALK (TALK_NO,FEEDBACK_NO,WRITER,TALK_DATE,FILEPATH,FILENAME) values (51,41,'user135','2021-12-20','/resources/upload/gosu/gosuTalk/e18a988f-a4d5-4a47-afd7-f40f5bce0c16.png','e18a988f-a4d5-4a47-afd7-f40f5bce0c16.png');
Insert into MINT.GOSU_TALK (TALK_NO,FEEDBACK_NO,WRITER,TALK_DATE,FILEPATH,FILENAME) values (52,41,'user135','2021-12-20',null,null);
Insert into MINT.GOSU_TALK (TALK_NO,FEEDBACK_NO,WRITER,TALK_DATE,FILEPATH,FILENAME) values (53,41,'user103','2021-12-20',null,null);
Insert into MINT.GOSU_TALK (TALK_NO,FEEDBACK_NO,WRITER,TALK_DATE,FILEPATH,FILENAME) values (54,41,'user103','2021-12-20','/resources/upload/gosu/gosuTalk/97b8b110-57aa-43f0-b16e-efe51383b984.png','97b8b110-57aa-43f0-b16e-efe51383b984.png');
Insert into MINT.GOSU_TALK (TALK_NO,FEEDBACK_NO,WRITER,TALK_DATE,FILEPATH,FILENAME) values (55,41,'user135','2021-12-20','/resources/upload/gosu/gosuTalk/b88c3043-c3ca-4757-8d7b-ff165809f8b9.jpeg','b88c3043-c3ca-4757-8d7b-ff165809f8b9.jpeg');
Insert into MINT.GOSU_TALK (TALK_NO,FEEDBACK_NO,WRITER,TALK_DATE,FILEPATH,FILENAME) values (56,42,'user01','2021-12-20',null,null);
Insert into MINT.GOSU_TALK (TALK_NO,FEEDBACK_NO,WRITER,TALK_DATE,FILEPATH,FILENAME) values (57,42,'user01','2021-12-20',null,null);
Insert into MINT.GOSU_TALK (TALK_NO,FEEDBACK_NO,WRITER,TALK_DATE,FILEPATH,FILENAME) values (58,42,'user01','2021-12-20','/resources/upload/gosu/gosuTalk/307f17ba-b926-4864-95f9-f0fa46570a6c.jpg','307f17ba-b926-4864-95f9-f0fa46570a6c.jpg');
Insert into MINT.GOSU_TALK (TALK_NO,FEEDBACK_NO,WRITER,TALK_DATE,FILEPATH,FILENAME) values (59,42,'user137','2021-12-20',null,null);
Insert into MINT.GOSU_TALK (TALK_NO,FEEDBACK_NO,WRITER,TALK_DATE,FILEPATH,FILENAME) values (60,42,'user137','2021-12-20',null,null);
Insert into MINT.GOSU_TALK (TALK_NO,FEEDBACK_NO,WRITER,TALK_DATE,FILEPATH,FILENAME) values (61,42,'user137','2021-12-20',null,null);
Insert into MINT.GOSU_TALK (TALK_NO,FEEDBACK_NO,WRITER,TALK_DATE,FILEPATH,FILENAME) values (62,42,'user01','2021-12-20',null,null);
Insert into MINT.GOSU_TALK (TALK_NO,FEEDBACK_NO,WRITER,TALK_DATE,FILEPATH,FILENAME) values (63,42,'user01','2021-12-20','/resources/upload/gosu/gosuTalk/gigigo.jpg','gigigo.jpg');
Insert into MINT.GOSU_TALK (TALK_NO,FEEDBACK_NO,WRITER,TALK_DATE,FILEPATH,FILENAME) values (64,42,'user01','2021-12-20',null,null);
Insert into MINT.GOSU_TALK (TALK_NO,FEEDBACK_NO,WRITER,TALK_DATE,FILEPATH,FILENAME) values (65,42,'user137','2021-12-20','/resources/upload/gosu/gosuTalk/307f17ba-b926-4864-95f9-f0fa46570a6c_1.jpg','307f17ba-b926-4864-95f9-f0fa46570a6c.jpg');
Insert into MINT.GOSU_TALK (TALK_NO,FEEDBACK_NO,WRITER,TALK_DATE,FILEPATH,FILENAME) values (66,43,'seulgi','2021-12-20','/resources/upload/gosu/gosuTalk/307f17ba-b926-4864-95f9-f0fa46570a6c_2.jpg','307f17ba-b926-4864-95f9-f0fa46570a6c.jpg');
Insert into MINT.GOSU_TALK (TALK_NO,FEEDBACK_NO,WRITER,TALK_DATE,FILEPATH,FILENAME) values (67,43,'seulgi','2021-12-20',null,null);
Insert into MINT.GOSU_TALK (TALK_NO,FEEDBACK_NO,WRITER,TALK_DATE,FILEPATH,FILENAME) values (68,43,'seulgi','2021-12-20',null,null);
Insert into MINT.GOSU_TALK (TALK_NO,FEEDBACK_NO,WRITER,TALK_DATE,FILEPATH,FILENAME) values (69,43,'seulgi','2021-12-20','/resources/upload/gosu/gosuTalk/apple_coding-programs-for-educators-and-students_07092020_big.jpg.large.jpg','apple_coding-programs-for-educators-and-students_07092020_big.jpg.large.jpg');
Insert into MINT.GOSU_TALK (TALK_NO,FEEDBACK_NO,WRITER,TALK_DATE,FILEPATH,FILENAME) values (70,43,'user137','2021-12-20',null,null);
Insert into MINT.GOSU_TALK (TALK_NO,FEEDBACK_NO,WRITER,TALK_DATE,FILEPATH,FILENAME) values (71,43,'user137','2021-12-20',null,null);
Insert into MINT.GOSU_TALK (TALK_NO,FEEDBACK_NO,WRITER,TALK_DATE,FILEPATH,FILENAME) values (72,43,'user137','2021-12-20',null,null);
Insert into MINT.GOSU_TALK (TALK_NO,FEEDBACK_NO,WRITER,TALK_DATE,FILEPATH,FILENAME) values (73,43,'user137','2021-12-20','/resources/upload/gosu/gosuTalk/1636444453563.jpeg','1636444453563.jpeg');
Insert into MINT.GOSU_TALK (TALK_NO,FEEDBACK_NO,WRITER,TALK_DATE,FILEPATH,FILENAME) values (74,43,'seulgi','2021-12-20',null,null);
Insert into MINT.GOSU_TALK (TALK_NO,FEEDBACK_NO,WRITER,TALK_DATE,FILEPATH,FILENAME) values (75,43,'seulgi','2021-12-20',null,null);
Insert into MINT.GOSU_TALK (TALK_NO,FEEDBACK_NO,WRITER,TALK_DATE,FILEPATH,FILENAME) values (76,43,'seulgi','2021-12-20',null,null);
Insert into MINT.GOSU_TALK (TALK_NO,FEEDBACK_NO,WRITER,TALK_DATE,FILEPATH,FILENAME) values (77,45,'testda','2021-12-20',null,null);
Insert into MINT.GOSU_TALK (TALK_NO,FEEDBACK_NO,WRITER,TALK_DATE,FILEPATH,FILENAME) values (78,45,'testda','2021-12-20',null,null);
Insert into MINT.GOSU_TALK (TALK_NO,FEEDBACK_NO,WRITER,TALK_DATE,FILEPATH,FILENAME) values (79,46,'user99','2021-12-20',null,null);
Insert into MINT.GOSU_TALK (TALK_NO,FEEDBACK_NO,WRITER,TALK_DATE,FILEPATH,FILENAME) values (80,46,'user99','2021-12-20',null,null);
Insert into MINT.GOSU_TALK (TALK_NO,FEEDBACK_NO,WRITER,TALK_DATE,FILEPATH,FILENAME) values (81,46,'user99','2021-12-20',null,null);
Insert into MINT.GOSU_TALK (TALK_NO,FEEDBACK_NO,WRITER,TALK_DATE,FILEPATH,FILENAME) values (82,47,'testda2','2021-12-20',null,null);
Insert into MINT.GOSU_TALK (TALK_NO,FEEDBACK_NO,WRITER,TALK_DATE,FILEPATH,FILENAME) values (83,47,'testda2','2021-12-20',null,null);
Insert into MINT.GOSU_TALK (TALK_NO,FEEDBACK_NO,WRITER,TALK_DATE,FILEPATH,FILENAME) values (84,47,'testda2','2021-12-20','/resources/upload/gosu/gosuTalk/97cf5339f609194fdf679beafd541fdb.jpg','97cf5339f609194fdf679beafd541fdb.jpg');
Insert into MINT.GOSU_TALK (TALK_NO,FEEDBACK_NO,WRITER,TALK_DATE,FILEPATH,FILENAME) values (85,47,'testda2','2021-12-20','/resources/upload/gosu/gosuTalk/images.jfif','images.jfif');
Insert into MINT.GOSU_TALK (TALK_NO,FEEDBACK_NO,WRITER,TALK_DATE,FILEPATH,FILENAME) values (86,50,'gosu1','2021-12-21',null,null);
Insert into MINT.GOSU_TALK (TALK_NO,FEEDBACK_NO,WRITER,TALK_DATE,FILEPATH,FILENAME) values (101,52,'testda2','2021-12-22',null,null);
Insert into MINT.GOSU_TALK (TALK_NO,FEEDBACK_NO,WRITER,TALK_DATE,FILEPATH,FILENAME) values (102,50,'gosu1','2021-12-23',null,null);
Insert into MINT.GOSU_TALK (TALK_NO,FEEDBACK_NO,WRITER,TALK_DATE,FILEPATH,FILENAME) values (103,50,'user134','2021-12-23',null,null);
Insert into MINT.GOSU_TALK (TALK_NO,FEEDBACK_NO,WRITER,TALK_DATE,FILEPATH,FILENAME) values (104,50,'user134','2021-12-23',null,null);
Insert into MINT.GOSU_TALK (TALK_NO,FEEDBACK_NO,WRITER,TALK_DATE,FILEPATH,FILENAME) values (105,50,'user134','2021-12-23',null,null);
Insert into MINT.GOSU_TALK (TALK_NO,FEEDBACK_NO,WRITER,TALK_DATE,FILEPATH,FILENAME) values (106,46,'user134','2021-12-23',null,null);
Insert into MINT.GOSU_TALK (TALK_NO,FEEDBACK_NO,WRITER,TALK_DATE,FILEPATH,FILENAME) values (107,46,'user134','2021-12-23','/resources/upload/gosu/gosuTalk/37376192-eca0-4882-8f03-0ac94a3e14fe.png','37376192-eca0-4882-8f03-0ac94a3e14fe.png');
Insert into MINT.GOSU_TALK (TALK_NO,FEEDBACK_NO,WRITER,TALK_DATE,FILEPATH,FILENAME) values (108,52,'gosu1','2021-12-24',null,null);
Insert into MINT.GOSU_TALK (TALK_NO,FEEDBACK_NO,WRITER,TALK_DATE,FILEPATH,FILENAME) values (109,52,'gosu1','2021-12-24',null,null);
Insert into MINT.GOSU_TALK (TALK_NO,FEEDBACK_NO,WRITER,TALK_DATE,FILEPATH,FILENAME) values (110,52,'gosu1','2021-12-24',null,null);
Insert into MINT.GOSU_TALK (TALK_NO,FEEDBACK_NO,WRITER,TALK_DATE,FILEPATH,FILENAME) values (111,52,'gosu1','2021-12-24',null,null);
Insert into MINT.GOSU_TALK (TALK_NO,FEEDBACK_NO,WRITER,TALK_DATE,FILEPATH,FILENAME) values (112,52,'testda2','2021-12-24',null,null);
Insert into MINT.GOSU_TALK (TALK_NO,FEEDBACK_NO,WRITER,TALK_DATE,FILEPATH,FILENAME) values (113,52,'testda2','2021-12-24',null,null);
Insert into MINT.GOSU_TALK (TALK_NO,FEEDBACK_NO,WRITER,TALK_DATE,FILEPATH,FILENAME) values (114,52,'testda2','2021-12-24',null,null);
Insert into MINT.GOSU_TALK (TALK_NO,FEEDBACK_NO,WRITER,TALK_DATE,FILEPATH,FILENAME) values (115,52,'testda2','2021-12-24',null,null);
Insert into MINT.GOSU_TALK (TALK_NO,FEEDBACK_NO,WRITER,TALK_DATE,FILEPATH,FILENAME) values (116,52,'testda2','2021-12-24',null,null);
Insert into MINT.GOSU_TALK (TALK_NO,FEEDBACK_NO,WRITER,TALK_DATE,FILEPATH,FILENAME) values (117,44,'user136','2021-12-24',null,null);
Insert into MINT.GOSU_TALK (TALK_NO,FEEDBACK_NO,WRITER,TALK_DATE,FILEPATH,FILENAME) values (118,44,'user136','2021-12-24',null,null);
Insert into MINT.GOSU_TALK (TALK_NO,FEEDBACK_NO,WRITER,TALK_DATE,FILEPATH,FILENAME) values (119,44,'user136','2021-12-24',null,null);
Insert into MINT.GOSU_TALK (TALK_NO,FEEDBACK_NO,WRITER,TALK_DATE,FILEPATH,FILENAME) values (120,44,'user136','2021-12-24',null,null);
Insert into MINT.GOSU_TALK (TALK_NO,FEEDBACK_NO,WRITER,TALK_DATE,FILEPATH,FILENAME) values (121,44,'user136','2021-12-24',null,null);
Insert into MINT.GOSU_TALK (TALK_NO,FEEDBACK_NO,WRITER,TALK_DATE,FILEPATH,FILENAME) values (122,44,'user136','2021-12-24',null,null);
Insert into MINT.GOSU_TALK (TALK_NO,FEEDBACK_NO,WRITER,TALK_DATE,FILEPATH,FILENAME) values (123,48,'user136','2021-12-24',null,null);
Insert into MINT.GOSU_TALK (TALK_NO,FEEDBACK_NO,WRITER,TALK_DATE,FILEPATH,FILENAME) values (124,48,'user136','2021-12-24',null,null);
Insert into MINT.GOSU_TALK (TALK_NO,FEEDBACK_NO,WRITER,TALK_DATE,FILEPATH,FILENAME) values (125,48,'user136','2021-12-24',null,null);
Insert into MINT.GOSU_TALK (TALK_NO,FEEDBACK_NO,WRITER,TALK_DATE,FILEPATH,FILENAME) values (126,48,'user136','2021-12-24',null,null);
Insert into MINT.GOSU_TALK (TALK_NO,FEEDBACK_NO,WRITER,TALK_DATE,FILEPATH,FILENAME) values (127,48,'user136','2021-12-24',null,null);
Insert into MINT.GOSU_TALK (TALK_NO,FEEDBACK_NO,WRITER,TALK_DATE,FILEPATH,FILENAME) values (128,49,'user136','2021-12-24',null,null);
Insert into MINT.GOSU_TALK (TALK_NO,FEEDBACK_NO,WRITER,TALK_DATE,FILEPATH,FILENAME) values (129,49,'user136','2021-12-24',null,null);
Insert into MINT.GOSU_TALK (TALK_NO,FEEDBACK_NO,WRITER,TALK_DATE,FILEPATH,FILENAME) values (130,49,'user136','2021-12-24',null,null);
Insert into MINT.GOSU_TALK (TALK_NO,FEEDBACK_NO,WRITER,TALK_DATE,FILEPATH,FILENAME) values (131,49,'user136','2021-12-24',null,null);
Insert into MINT.GOSU_TALK (TALK_NO,FEEDBACK_NO,WRITER,TALK_DATE,FILEPATH,FILENAME) values (132,49,'user136','2021-12-24',null,null);
Insert into MINT.GOSU_TALK (TALK_NO,FEEDBACK_NO,WRITER,TALK_DATE,FILEPATH,FILENAME) values (133,44,'testda','2021-12-24',null,null);
Insert into MINT.GOSU_TALK (TALK_NO,FEEDBACK_NO,WRITER,TALK_DATE,FILEPATH,FILENAME) values (134,44,'testda','2021-12-24',null,null);
Insert into MINT.GOSU_TALK (TALK_NO,FEEDBACK_NO,WRITER,TALK_DATE,FILEPATH,FILENAME) values (135,44,'testda','2021-12-24',null,null);
Insert into MINT.GOSU_TALK (TALK_NO,FEEDBACK_NO,WRITER,TALK_DATE,FILEPATH,FILENAME) values (136,44,'testda','2021-12-24',null,null);
Insert into MINT.GOSU_TALK (TALK_NO,FEEDBACK_NO,WRITER,TALK_DATE,FILEPATH,FILENAME) values (137,44,'user136','2021-12-24',null,null);
Insert into MINT.GOSU_TALK (TALK_NO,FEEDBACK_NO,WRITER,TALK_DATE,FILEPATH,FILENAME) values (138,48,'seulgi','2021-12-24',null,null);
Insert into MINT.GOSU_TALK (TALK_NO,FEEDBACK_NO,WRITER,TALK_DATE,FILEPATH,FILENAME) values (139,48,'seulgi','2021-12-24',null,null);
Insert into MINT.GOSU_TALK (TALK_NO,FEEDBACK_NO,WRITER,TALK_DATE,FILEPATH,FILENAME) values (140,48,'seulgi','2021-12-24',null,null);
Insert into MINT.GOSU_TALK (TALK_NO,FEEDBACK_NO,WRITER,TALK_DATE,FILEPATH,FILENAME) values (141,48,'seulgi','2021-12-24',null,null);
Insert into MINT.GOSU_TALK (TALK_NO,FEEDBACK_NO,WRITER,TALK_DATE,FILEPATH,FILENAME) values (142,48,'user136','2021-12-24',null,null);
Insert into MINT.GOSU_TALK (TALK_NO,FEEDBACK_NO,WRITER,TALK_DATE,FILEPATH,FILENAME) values (143,49,'gosu1','2021-12-24',null,null);
Insert into MINT.GOSU_TALK (TALK_NO,FEEDBACK_NO,WRITER,TALK_DATE,FILEPATH,FILENAME) values (144,49,'gosu1','2021-12-24',null,null);
Insert into MINT.GOSU_TALK (TALK_NO,FEEDBACK_NO,WRITER,TALK_DATE,FILEPATH,FILENAME) values (145,49,'gosu1','2021-12-24',null,null);
Insert into MINT.GOSU_TALK (TALK_NO,FEEDBACK_NO,WRITER,TALK_DATE,FILEPATH,FILENAME) values (146,49,'gosu1','2021-12-24',null,null);
Insert into MINT.GOSU_TALK (TALK_NO,FEEDBACK_NO,WRITER,TALK_DATE,FILEPATH,FILENAME) values (147,49,'user136','2021-12-24',null,null);
Insert into MINT.GOSU_TALK (TALK_NO,FEEDBACK_NO,WRITER,TALK_DATE,FILEPATH,FILENAME) values (148,51,'gosu1','2021-12-24',null,null);
Insert into MINT.GOSU_TALK (TALK_NO,FEEDBACK_NO,WRITER,TALK_DATE,FILEPATH,FILENAME) values (161,61,'user01','2021-12-28',null,null);
Insert into MINT.GOSU_TALK (TALK_NO,FEEDBACK_NO,WRITER,TALK_DATE,FILEPATH,FILENAME) values (162,46,'user134','2021-12-28',null,null);
Insert into MINT.GOSU_TALK (TALK_NO,FEEDBACK_NO,WRITER,TALK_DATE,FILEPATH,FILENAME) values (163,61,'user134','2021-12-28',null,null);
Insert into MINT.GOSU_TALK (TALK_NO,FEEDBACK_NO,WRITER,TALK_DATE,FILEPATH,FILENAME) values (164,61,'user134','2021-12-28','/resources/upload/gosu/gosuTalk/Use Case Diagram_1.png','Use Case Diagram_1.png');
Insert into MINT.GOSU_TALK (TALK_NO,FEEDBACK_NO,WRITER,TALK_DATE,FILEPATH,FILENAME) values (165,61,'user134','2021-12-28',null,null);
Insert into MINT.GOSU_TALK (TALK_NO,FEEDBACK_NO,WRITER,TALK_DATE,FILEPATH,FILENAME) values (166,61,'user134','2021-12-28',null,null);
Insert into MINT.GOSU_TALK (TALK_NO,FEEDBACK_NO,WRITER,TALK_DATE,FILEPATH,FILENAME) values (167,61,'user134','2021-12-28',null,null);
Insert into MINT.GOSU_TALK (TALK_NO,FEEDBACK_NO,WRITER,TALK_DATE,FILEPATH,FILENAME) values (168,61,'user01','2021-12-28',null,null);
Insert into MINT.GOSU_TALK (TALK_NO,FEEDBACK_NO,WRITER,TALK_DATE,FILEPATH,FILENAME) values (169,61,'user01','2021-12-28',null,null);
Insert into MINT.GOSU_TALK (TALK_NO,FEEDBACK_NO,WRITER,TALK_DATE,FILEPATH,FILENAME) values (170,61,'user01','2021-12-28',null,null);
Insert into MINT.GOSU_TALK (TALK_NO,FEEDBACK_NO,WRITER,TALK_DATE,FILEPATH,FILENAME) values (171,61,'user134','2021-12-28',null,null);
Insert into MINT.GOSU_TALK (TALK_NO,FEEDBACK_NO,WRITER,TALK_DATE,FILEPATH,FILENAME) values (172,82,'user141','2021-12-28',null,null);
Insert into MINT.GOSU_TALK (TALK_NO,FEEDBACK_NO,WRITER,TALK_DATE,FILEPATH,FILENAME) values (173,82,'user141','2021-12-28',null,null);
Insert into MINT.GOSU_TALK (TALK_NO,FEEDBACK_NO,WRITER,TALK_DATE,FILEPATH,FILENAME) values (174,82,'user133','2021-12-28',null,null);
Insert into MINT.GOSU_TALK (TALK_NO,FEEDBACK_NO,WRITER,TALK_DATE,FILEPATH,FILENAME) values (175,82,'user133','2021-12-28',null,null);
Insert into MINT.GOSU_TALK (TALK_NO,FEEDBACK_NO,WRITER,TALK_DATE,FILEPATH,FILENAME) values (176,82,'user133','2021-12-28',null,null);
Insert into MINT.GOSU_TALK (TALK_NO,FEEDBACK_NO,WRITER,TALK_DATE,FILEPATH,FILENAME) values (177,82,'user133','2021-12-28',null,null);
Insert into MINT.GOSU_TALK (TALK_NO,FEEDBACK_NO,WRITER,TALK_DATE,FILEPATH,FILENAME) values (178,82,'user133','2021-12-28',null,null);
Insert into MINT.GOSU_TALK (TALK_NO,FEEDBACK_NO,WRITER,TALK_DATE,FILEPATH,FILENAME) values (179,82,'user133','2021-12-28',null,null);
Insert into MINT.GOSU_TALK (TALK_NO,FEEDBACK_NO,WRITER,TALK_DATE,FILEPATH,FILENAME) values (180,82,'user141','2021-12-28',null,null);
Insert into MINT.GOSU_TALK (TALK_NO,FEEDBACK_NO,WRITER,TALK_DATE,FILEPATH,FILENAME) values (181,82,'user133','2021-12-28',null,null);
Insert into MINT.GOSU_TALK (TALK_NO,FEEDBACK_NO,WRITER,TALK_DATE,FILEPATH,FILENAME) values (182,83,'user141','2021-12-28',null,null);
Insert into MINT.GOSU_TALK (TALK_NO,FEEDBACK_NO,WRITER,TALK_DATE,FILEPATH,FILENAME) values (183,83,'user141','2021-12-28',null,null);
Insert into MINT.GOSU_TALK (TALK_NO,FEEDBACK_NO,WRITER,TALK_DATE,FILEPATH,FILENAME) values (184,83,'user141','2021-12-28',null,null);
Insert into MINT.GOSU_TALK (TALK_NO,FEEDBACK_NO,WRITER,TALK_DATE,FILEPATH,FILENAME) values (185,83,'user141','2021-12-28',null,null);
Insert into MINT.GOSU_TALK (TALK_NO,FEEDBACK_NO,WRITER,TALK_DATE,FILEPATH,FILENAME) values (186,83,'user132','2021-12-28',null,null);
Insert into MINT.GOSU_TALK (TALK_NO,FEEDBACK_NO,WRITER,TALK_DATE,FILEPATH,FILENAME) values (187,83,'user132','2021-12-28',null,null);
Insert into MINT.GOSU_TALK (TALK_NO,FEEDBACK_NO,WRITER,TALK_DATE,FILEPATH,FILENAME) values (188,83,'user132','2021-12-28',null,null);
Insert into MINT.GOSU_TALK (TALK_NO,FEEDBACK_NO,WRITER,TALK_DATE,FILEPATH,FILENAME) values (189,83,'user132','2021-12-28',null,null);
Insert into MINT.GOSU_TALK (TALK_NO,FEEDBACK_NO,WRITER,TALK_DATE,FILEPATH,FILENAME) values (190,83,'user132','2021-12-28',null,null);
Insert into MINT.GOSU_TALK (TALK_NO,FEEDBACK_NO,WRITER,TALK_DATE,FILEPATH,FILENAME) values (191,83,'user141','2021-12-28',null,null);
Insert into MINT.GOSU_TALK (TALK_NO,FEEDBACK_NO,WRITER,TALK_DATE,FILEPATH,FILENAME) values (192,83,'user132','2021-12-28',null,null);
REM INSERTING into MINT.LIKES
SET DEFINE OFF;
Insert into MINT.LIKES (LIKE_NO,BOARD_NO,MEMBER_NO) values (52,6,6);
Insert into MINT.LIKES (LIKE_NO,BOARD_NO,MEMBER_NO) values (47,6,5);
Insert into MINT.LIKES (LIKE_NO,BOARD_NO,MEMBER_NO) values (103,52,244);
Insert into MINT.LIKES (LIKE_NO,BOARD_NO,MEMBER_NO) values (57,6,2);
Insert into MINT.LIKES (LIKE_NO,BOARD_NO,MEMBER_NO) values (53,23,109);
Insert into MINT.LIKES (LIKE_NO,BOARD_NO,MEMBER_NO) values (55,23,2);
Insert into MINT.LIKES (LIKE_NO,BOARD_NO,MEMBER_NO) values (56,23,32);
Insert into MINT.LIKES (LIKE_NO,BOARD_NO,MEMBER_NO) values (58,23,67);
REM INSERTING into MINT.MEMBER
SET DEFINE OFF;
Insert into MINT.MEMBER (MEMBER_NO,MEMBER_NAME,PHONE,MEMBER_ID,MEMBER_PW,EMAIL,MEMBER_TYPE,ENROLL_DATE,FILEPATH,MEMBER_GRADE,COM_NO,KAKAO) values (1,'이슬기','010-1234-1234','seulgi','1718c24b10aeb8099e3fc44960ab6949ab76a267352459f203ea1036bec382c2','qwe@gmail.com',1,'2021-11-29',null,14,null,null);
Insert into MINT.MEMBER (MEMBER_NO,MEMBER_NAME,PHONE,MEMBER_ID,MEMBER_PW,EMAIL,MEMBER_TYPE,ENROLL_DATE,FILEPATH,MEMBER_GRADE,COM_NO,KAKAO) values (2,'관리자','010-9999-9999','admin','1718c24b10aeb8099e3fc44960ab6949ab76a267352459f203ea1036bec382c2','admin@gmail.com',9,'2021-11-29','관리자이미지.png',153,null,null);
Insert into MINT.MEMBER (MEMBER_NO,MEMBER_NAME,PHONE,MEMBER_ID,MEMBER_PW,EMAIL,MEMBER_TYPE,ENROLL_DATE,FILEPATH,MEMBER_GRADE,COM_NO,KAKAO) values (5,'만만한애','010-1234-9999','user01','1718c24b10aeb8099e3fc44960ab6949ab76a267352459f203ea1036bec382c2','user01@gmail.com',1,'2021-11-29','main_sub_img2.jpg',1,43,null);
Insert into MINT.MEMBER (MEMBER_NO,MEMBER_NAME,PHONE,MEMBER_ID,MEMBER_PW,EMAIL,MEMBER_TYPE,ENROLL_DATE,FILEPATH,MEMBER_GRADE,COM_NO,KAKAO) values (6,'정민우','010-1234-5678','testda','1718c24b10aeb8099e3fc44960ab6949ab76a267352459f203ea1036bec382c2','wjdalsdnchlr@naver.com',1,'2021-12-01','testda3_icon.png',21,null,null);
Insert into MINT.MEMBER (MEMBER_NO,MEMBER_NAME,PHONE,MEMBER_ID,MEMBER_PW,EMAIL,MEMBER_TYPE,ENROLL_DATE,FILEPATH,MEMBER_GRADE,COM_NO,KAKAO) values (35,'고수세희','010-1234-1235','gosu1','ef797c8118f02dfb649607dd5d3f8c7623048c9c063d532cc95c5ed7a898a64f','gml2302@naver.com',2,'2021-12-05','bbbaaa.jpg',165,null,null);
Insert into MINT.MEMBER (MEMBER_NO,MEMBER_NAME,PHONE,MEMBER_ID,MEMBER_PW,EMAIL,MEMBER_TYPE,ENROLL_DATE,FILEPATH,MEMBER_GRADE,COM_NO,KAKAO) values (27,'공모아이디','010-0000-0000','user99','1718c24b10aeb8099e3fc44960ab6949ab76a267352459f203ea1036bec382c2','tionee@naver.com',1,'2021-12-03',null,21,null,null);
Insert into MINT.MEMBER (MEMBER_NO,MEMBER_NAME,PHONE,MEMBER_ID,MEMBER_PW,EMAIL,MEMBER_TYPE,ENROLL_DATE,FILEPATH,MEMBER_GRADE,COM_NO,KAKAO) values (29,'슬기회사','010-1111-2222','com1','1718c24b10aeb8099e3fc44960ab6949ab76a267352459f203ea1036bec382c2','ruru0907@naver.com',3,'2021-12-03',null,10,21,null);
Insert into MINT.MEMBER (MEMBER_NO,MEMBER_NAME,PHONE,MEMBER_ID,MEMBER_PW,EMAIL,MEMBER_TYPE,ENROLL_DATE,FILEPATH,MEMBER_GRADE,COM_NO,KAKAO) values (31,'정민우','010-1235-5678','testda2','1718c24b10aeb8099e3fc44960ab6949ab76a267352459f203ea1036bec382c2','min9288@gmail.com',1,'2021-12-03',null,13,null,null);
Insert into MINT.MEMBER (MEMBER_NO,MEMBER_NAME,PHONE,MEMBER_ID,MEMBER_PW,EMAIL,MEMBER_TYPE,ENROLL_DATE,FILEPATH,MEMBER_GRADE,COM_NO,KAKAO) values (32,'동구','010-5555-5555','qwerty','1718c24b10aeb8099e3fc44960ab6949ab76a267352459f203ea1036bec382c2','zkhsz85@gmail.com',1,'2021-12-03','KakaoTalk_20211204_194940240.jpg',13,null,null);
Insert into MINT.MEMBER (MEMBER_NO,MEMBER_NAME,PHONE,MEMBER_ID,MEMBER_PW,EMAIL,MEMBER_TYPE,ENROLL_DATE,FILEPATH,MEMBER_GRADE,COM_NO,KAKAO) values (33,'동구','010-1212-4545','qwerty1','1718c24b10aeb8099e3fc44960ab6949ab76a267352459f203ea1036bec382c2','saewsw7@gmail.com',1,'2021-12-03',null,10,null,null);
Insert into MINT.MEMBER (MEMBER_NO,MEMBER_NAME,PHONE,MEMBER_ID,MEMBER_PW,EMAIL,MEMBER_TYPE,ENROLL_DATE,FILEPATH,MEMBER_GRADE,COM_NO,KAKAO) values (108,'고수108','010-1111-1125','gosu108','1718c24b10aeb8099e3fc44960ab6949ab76a267352459f203ea1036bec382c2','1246@naver.com',2,'2021-12-08',null,161,null,null);
Insert into MINT.MEMBER (MEMBER_NO,MEMBER_NAME,PHONE,MEMBER_ID,MEMBER_PW,EMAIL,MEMBER_TYPE,ENROLL_DATE,FILEPATH,MEMBER_GRADE,COM_NO,KAKAO) values (109,'김진후','010-8706-1561','amthomas','1718c24b10aeb8099e3fc44960ab6949ab76a267352459f203ea1036bec382c2','zkhsz@naver.com',1,'2021-12-08','KakaoTalk_20211202_165923990_7.jpg',16,89,null);
Insert into MINT.MEMBER (MEMBER_NO,MEMBER_NAME,PHONE,MEMBER_ID,MEMBER_PW,EMAIL,MEMBER_TYPE,ENROLL_DATE,FILEPATH,MEMBER_GRADE,COM_NO,KAKAO) values (110,'정민우에용','010-9999-9997','testda3','1718c24b10aeb8099e3fc44960ab6949ab76a267352459f203ea1036bec382c2','alsdn_88@hanmail.net',1,'2021-12-09','testda_icon.gif',24,null,null);
Insert into MINT.MEMBER (MEMBER_NO,MEMBER_NAME,PHONE,MEMBER_ID,MEMBER_PW,EMAIL,MEMBER_TYPE,ENROLL_DATE,FILEPATH,MEMBER_GRADE,COM_NO,KAKAO) values (121,'이회사','010-3333-3333','com2','1718c24b10aeb8099e3fc44960ab6949ab76a267352459f203ea1036bec382c2','com1@naver.com',3,'2021-12-13',null,10,null,null);
Insert into MINT.MEMBER (MEMBER_NO,MEMBER_NAME,PHONE,MEMBER_ID,MEMBER_PW,EMAIL,MEMBER_TYPE,ENROLL_DATE,FILEPATH,MEMBER_GRADE,COM_NO,KAKAO) values (122,'이회사3','010-3333-3334','com3','1718c24b10aeb8099e3fc44960ab6949ab76a267352459f203ea1036bec382c2','com2@naver.com',3,'2021-12-13',null,10,null,null);
Insert into MINT.MEMBER (MEMBER_NO,MEMBER_NAME,PHONE,MEMBER_ID,MEMBER_PW,EMAIL,MEMBER_TYPE,ENROLL_DATE,FILEPATH,MEMBER_GRADE,COM_NO,KAKAO) values (129,'고수129','010-1234-1129','user129','1718c24b10aeb8099e3fc44960ab6949ab76a267352459f203ea1036bec382c2','email129@naver.com',2,'2021-12-08',null,161,null,null);
Insert into MINT.MEMBER (MEMBER_NO,MEMBER_NAME,PHONE,MEMBER_ID,MEMBER_PW,EMAIL,MEMBER_TYPE,ENROLL_DATE,FILEPATH,MEMBER_GRADE,COM_NO,KAKAO) values (130,'고수130','010-1234-1130','user130','1718c24b10aeb8099e3fc44960ab6949ab76a267352459f203ea1036bec382c2','email130@naver.com',2,'2021-12-08','edd7161d-94f1-465c-a304-c37b4e0a4752.png',161,null,null);
Insert into MINT.MEMBER (MEMBER_NO,MEMBER_NAME,PHONE,MEMBER_ID,MEMBER_PW,EMAIL,MEMBER_TYPE,ENROLL_DATE,FILEPATH,MEMBER_GRADE,COM_NO,KAKAO) values (127,'정민우3','010-1234-5665','testda4','1718c24b10aeb8099e3fc44960ab6949ab76a267352459f203ea1036bec382c2','testda4@naver.com',1,'2021-12-13',null,42,null,null);
Insert into MINT.MEMBER (MEMBER_NO,MEMBER_NAME,PHONE,MEMBER_ID,MEMBER_PW,EMAIL,MEMBER_TYPE,ENROLL_DATE,FILEPATH,MEMBER_GRADE,COM_NO,KAKAO) values (128,'정민우4','010-1212-5665','testda5','1718c24b10aeb8099e3fc44960ab6949ab76a267352459f203ea1036bec382c2','testda5@naver.com',1,'2021-12-13',null,80,null,null);
Insert into MINT.MEMBER (MEMBER_NO,MEMBER_NAME,PHONE,MEMBER_ID,MEMBER_PW,EMAIL,MEMBER_TYPE,ENROLL_DATE,FILEPATH,MEMBER_GRADE,COM_NO,KAKAO) values (61,'실험용쾅','010-1234-9123','user61','1718c24b10aeb8099e3fc44960ab6949ab76a267352459f203ea1036bec382c2','email61@naver.com',1,'2021-12-07','KakaoTalk_20211202_165923990_5.jpg',10,21,null);
Insert into MINT.MEMBER (MEMBER_NO,MEMBER_NAME,PHONE,MEMBER_ID,MEMBER_PW,EMAIL,MEMBER_TYPE,ENROLL_DATE,FILEPATH,MEMBER_GRADE,COM_NO,KAKAO) values (62,'부드리','010-1234-1262','user62','1718c24b10aeb8099e3fc44960ab6949ab76a267352459f203ea1036bec382c2','email62@naver.com',4,'2021-12-07','부드리.jpg',5,null,null);
Insert into MINT.MEMBER (MEMBER_NO,MEMBER_NAME,PHONE,MEMBER_ID,MEMBER_PW,EMAIL,MEMBER_TYPE,ENROLL_DATE,FILEPATH,MEMBER_GRADE,COM_NO,KAKAO) values (63,'실험용','010-1234-1263','user63','1718c24b10aeb8099e3fc44960ab6949ab76a267352459f203ea1036bec382c2','email63@naver.com',1,'2021-12-07',null,10,null,null);
Insert into MINT.MEMBER (MEMBER_NO,MEMBER_NAME,PHONE,MEMBER_ID,MEMBER_PW,EMAIL,MEMBER_TYPE,ENROLL_DATE,FILEPATH,MEMBER_GRADE,COM_NO,KAKAO) values (64,'김동구','010-1234-1264','user64','1718c24b10aeb8099e3fc44960ab6949ab76a267352459f203ea1036bec382c2','email64@naver.com',1,'2021-12-07',null,55,83,null);
Insert into MINT.MEMBER (MEMBER_NO,MEMBER_NAME,PHONE,MEMBER_ID,MEMBER_PW,EMAIL,MEMBER_TYPE,ENROLL_DATE,FILEPATH,MEMBER_GRADE,COM_NO,KAKAO) values (65,'실험용','010-1234-1265','user65','1718c24b10aeb8099e3fc44960ab6949ab76a267352459f203ea1036bec382c2','email65@naver.com',1,'2021-12-07',null,55,null,null);
Insert into MINT.MEMBER (MEMBER_NO,MEMBER_NAME,PHONE,MEMBER_ID,MEMBER_PW,EMAIL,MEMBER_TYPE,ENROLL_DATE,FILEPATH,MEMBER_GRADE,COM_NO,KAKAO) values (66,'실험용','010-1234-1266','user66','1718c24b10aeb8099e3fc44960ab6949ab76a267352459f203ea1036bec382c2','email66@naver.com',1,'2021-12-07',null,63,null,null);
Insert into MINT.MEMBER (MEMBER_NO,MEMBER_NAME,PHONE,MEMBER_ID,MEMBER_PW,EMAIL,MEMBER_TYPE,ENROLL_DATE,FILEPATH,MEMBER_GRADE,COM_NO,KAKAO) values (67,'멍멍','010-1234-1267','user67','1718c24b10aeb8099e3fc44960ab6949ab76a267352459f203ea1036bec382c2','email67@naver.com',1,'2021-12-07','3078659b-4c81-48a7-bd01-42651dec9a55.png',10,null,null);
Insert into MINT.MEMBER (MEMBER_NO,MEMBER_NAME,PHONE,MEMBER_ID,MEMBER_PW,EMAIL,MEMBER_TYPE,ENROLL_DATE,FILEPATH,MEMBER_GRADE,COM_NO,KAKAO) values (68,'실험용','010-1234-1268','user68','1718c24b10aeb8099e3fc44960ab6949ab76a267352459f203ea1036bec382c2','email68@naver.com',1,'2021-12-07',null,78,null,null);
Insert into MINT.MEMBER (MEMBER_NO,MEMBER_NAME,PHONE,MEMBER_ID,MEMBER_PW,EMAIL,MEMBER_TYPE,ENROLL_DATE,FILEPATH,MEMBER_GRADE,COM_NO,KAKAO) values (69,'실험용','010-1234-1269','user69','1718c24b10aeb8099e3fc44960ab6949ab76a267352459f203ea1036bec382c2','email69@naver.com',2,'2021-12-07',null,161,null,null);
Insert into MINT.MEMBER (MEMBER_NO,MEMBER_NAME,PHONE,MEMBER_ID,MEMBER_PW,EMAIL,MEMBER_TYPE,ENROLL_DATE,FILEPATH,MEMBER_GRADE,COM_NO,KAKAO) values (70,'실험용','010-1234-1270','user70','1718c24b10aeb8099e3fc44960ab6949ab76a267352459f203ea1036bec382c2','email70@naver.com',2,'2021-12-07',null,161,null,null);
Insert into MINT.MEMBER (MEMBER_NO,MEMBER_NAME,PHONE,MEMBER_ID,MEMBER_PW,EMAIL,MEMBER_TYPE,ENROLL_DATE,FILEPATH,MEMBER_GRADE,COM_NO,KAKAO) values (131,'고수131','010-1234-1131','user131','1718c24b10aeb8099e3fc44960ab6949ab76a267352459f203ea1036bec382c2','email131@naver.com',2,'2021-12-08','2fdd5749-0728-41bc-a457-9ac0ed4fe456.png',161,null,null);
Insert into MINT.MEMBER (MEMBER_NO,MEMBER_NAME,PHONE,MEMBER_ID,MEMBER_PW,EMAIL,MEMBER_TYPE,ENROLL_DATE,FILEPATH,MEMBER_GRADE,COM_NO,KAKAO) values (132,'고수132','010-1234-1132','user132','1718c24b10aeb8099e3fc44960ab6949ab76a267352459f203ea1036bec382c2','email132@naver.com',2,'2021-12-08','91822fe5-7c75-4246-b958-83151a4984e5.png',161,null,null);
Insert into MINT.MEMBER (MEMBER_NO,MEMBER_NAME,PHONE,MEMBER_ID,MEMBER_PW,EMAIL,MEMBER_TYPE,ENROLL_DATE,FILEPATH,MEMBER_GRADE,COM_NO,KAKAO) values (133,'고수133','010-1234-1133','user133','1718c24b10aeb8099e3fc44960ab6949ab76a267352459f203ea1036bec382c2','email133@naver.com',2,'2021-12-08','ac57f346-38d4-4ae8-8ca3-0207f81a48bc.png',161,null,null);
Insert into MINT.MEMBER (MEMBER_NO,MEMBER_NAME,PHONE,MEMBER_ID,MEMBER_PW,EMAIL,MEMBER_TYPE,ENROLL_DATE,FILEPATH,MEMBER_GRADE,COM_NO,KAKAO) values (134,'고수134','010-1234-1134','user134','1718c24b10aeb8099e3fc44960ab6949ab76a267352459f203ea1036bec382c2','email134@naver.com',2,'2021-12-08','9bd1f2ff-6fd5-4620-8f47-d57b315e5359.jpg',161,null,null);
Insert into MINT.MEMBER (MEMBER_NO,MEMBER_NAME,PHONE,MEMBER_ID,MEMBER_PW,EMAIL,MEMBER_TYPE,ENROLL_DATE,FILEPATH,MEMBER_GRADE,COM_NO,KAKAO) values (135,'고수135','010-1234-1135','user135','1718c24b10aeb8099e3fc44960ab6949ab76a267352459f203ea1036bec382c2','email135@naver.com',2,'2021-12-08','97b8b110-57aa-43f0-b16e-efe51383b984.png',161,null,null);
Insert into MINT.MEMBER (MEMBER_NO,MEMBER_NAME,PHONE,MEMBER_ID,MEMBER_PW,EMAIL,MEMBER_TYPE,ENROLL_DATE,FILEPATH,MEMBER_GRADE,COM_NO,KAKAO) values (96,'고수96','010-1234-1296','user96','1718c24b10aeb8099e3fc44960ab6949ab76a267352459f203ea1036bec382c2','email96@naver.com',2,'2021-12-08','tourguide3.jpg',161,null,null);
Insert into MINT.MEMBER (MEMBER_NO,MEMBER_NAME,PHONE,MEMBER_ID,MEMBER_PW,EMAIL,MEMBER_TYPE,ENROLL_DATE,FILEPATH,MEMBER_GRADE,COM_NO,KAKAO) values (97,'고수97','010-1234-1297','user97','1718c24b10aeb8099e3fc44960ab6949ab76a267352459f203ea1036bec382c2','email97@naver.com',2,'2021-12-08','e18a988f-a4d5-4a47-afd7-f40f5bce0c16.png',161,null,null);
Insert into MINT.MEMBER (MEMBER_NO,MEMBER_NAME,PHONE,MEMBER_ID,MEMBER_PW,EMAIL,MEMBER_TYPE,ENROLL_DATE,FILEPATH,MEMBER_GRADE,COM_NO,KAKAO) values (98,'고수98','010-1234-1298','user98','1718c24b10aeb8099e3fc44960ab6949ab76a267352459f203ea1036bec382c2','email98@naver.com',2,'2021-12-08','spring.png',161,null,null);
Insert into MINT.MEMBER (MEMBER_NO,MEMBER_NAME,PHONE,MEMBER_ID,MEMBER_PW,EMAIL,MEMBER_TYPE,ENROLL_DATE,FILEPATH,MEMBER_GRADE,COM_NO,KAKAO) values (101,'고수101','010-1234-1101','user101','1718c24b10aeb8099e3fc44960ab6949ab76a267352459f203ea1036bec382c2','email101@naver.com',2,'2021-12-08','mybatis.png',161,null,null);
Insert into MINT.MEMBER (MEMBER_NO,MEMBER_NAME,PHONE,MEMBER_ID,MEMBER_PW,EMAIL,MEMBER_TYPE,ENROLL_DATE,FILEPATH,MEMBER_GRADE,COM_NO,KAKAO) values (102,'고수102','010-1234-1102','user102','1718c24b10aeb8099e3fc44960ab6949ab76a267352459f203ea1036bec382c2','email102@naver.com',2,'2021-12-08','4fe4e224-6081-491e-a7f2-fcfa2ed68cfd_1.jpeg',161,null,null);
Insert into MINT.MEMBER (MEMBER_NO,MEMBER_NAME,PHONE,MEMBER_ID,MEMBER_PW,EMAIL,MEMBER_TYPE,ENROLL_DATE,FILEPATH,MEMBER_GRADE,COM_NO,KAKAO) values (103,'고수103','010-1234-1103','user103','1718c24b10aeb8099e3fc44960ab6949ab76a267352459f203ea1036bec382c2','email103@naver.com',2,'2021-12-08','img.jpg',161,null,null);
Insert into MINT.MEMBER (MEMBER_NO,MEMBER_NAME,PHONE,MEMBER_ID,MEMBER_PW,EMAIL,MEMBER_TYPE,ENROLL_DATE,FILEPATH,MEMBER_GRADE,COM_NO,KAKAO) values (104,'고수104','010-1234-1104','user104','1718c24b10aeb8099e3fc44960ab6949ab76a267352459f203ea1036bec382c2','email104@naver.com',2,'2021-12-08','ea6f1542-bd58-421f-aaa5-dd6c964b621e.jpg',161,null,null);
Insert into MINT.MEMBER (MEMBER_NO,MEMBER_NAME,PHONE,MEMBER_ID,MEMBER_PW,EMAIL,MEMBER_TYPE,ENROLL_DATE,FILEPATH,MEMBER_GRADE,COM_NO,KAKAO) values (105,'고수105','010-1234-1105','user105','1718c24b10aeb8099e3fc44960ab6949ab76a267352459f203ea1036bec382c2','email105@naver.com',2,'2021-12-08','daa9415d-6036-4fef-b144-49a196141a3f.png',161,null,null);
Insert into MINT.MEMBER (MEMBER_NO,MEMBER_NAME,PHONE,MEMBER_ID,MEMBER_PW,EMAIL,MEMBER_TYPE,ENROLL_DATE,FILEPATH,MEMBER_GRADE,COM_NO,KAKAO) values (106,'고수106','010-1234-1106','user106','1718c24b10aeb8099e3fc44960ab6949ab76a267352459f203ea1036bec382c2','email106@naver.com',2,'2021-12-08','8e0db06b-5131-4633-9177-b6578c336522.png',161,null,null);
Insert into MINT.MEMBER (MEMBER_NO,MEMBER_NAME,PHONE,MEMBER_ID,MEMBER_PW,EMAIL,MEMBER_TYPE,ENROLL_DATE,FILEPATH,MEMBER_GRADE,COM_NO,KAKAO) values (107,'고수107','010-1234-1107','user107','1718c24b10aeb8099e3fc44960ab6949ab76a267352459f203ea1036bec382c2','email107@naver.com',2,'2021-12-08','고냥이.jpg',161,null,null);
Insert into MINT.MEMBER (MEMBER_NO,MEMBER_NAME,PHONE,MEMBER_ID,MEMBER_PW,EMAIL,MEMBER_TYPE,ENROLL_DATE,FILEPATH,MEMBER_GRADE,COM_NO,KAKAO) values (136,'고수136','010-1234-1136','user136','1718c24b10aeb8099e3fc44960ab6949ab76a267352459f203ea1036bec382c2','email136@naver.com',2,'2021-12-08','094eae6e-7f37-4f32-97fe-06d34a3b4b62.png',161,null,null);
Insert into MINT.MEMBER (MEMBER_NO,MEMBER_NAME,PHONE,MEMBER_ID,MEMBER_PW,EMAIL,MEMBER_TYPE,ENROLL_DATE,FILEPATH,MEMBER_GRADE,COM_NO,KAKAO) values (137,'고수137','010-1234-1137','user137','1718c24b10aeb8099e3fc44960ab6949ab76a267352459f203ea1036bec382c2','email137@naver.com',2,'2021-12-08','gigigo.jpg',161,null,null);
Insert into MINT.MEMBER (MEMBER_NO,MEMBER_NAME,PHONE,MEMBER_ID,MEMBER_PW,EMAIL,MEMBER_TYPE,ENROLL_DATE,FILEPATH,MEMBER_GRADE,COM_NO,KAKAO) values (138,'고수138','010-1234-1138','user138','1718c24b10aeb8099e3fc44960ab6949ab76a267352459f203ea1036bec382c2','email138@naver.com',2,'2021-12-08',null,161,null,null);
Insert into MINT.MEMBER (MEMBER_NO,MEMBER_NAME,PHONE,MEMBER_ID,MEMBER_PW,EMAIL,MEMBER_TYPE,ENROLL_DATE,FILEPATH,MEMBER_GRADE,COM_NO,KAKAO) values (139,'고수139','010-1234-1139','user139','1718c24b10aeb8099e3fc44960ab6949ab76a267352459f203ea1036bec382c2','email139@naver.com',2,'2021-12-08',null,161,null,null);
Insert into MINT.MEMBER (MEMBER_NO,MEMBER_NAME,PHONE,MEMBER_ID,MEMBER_PW,EMAIL,MEMBER_TYPE,ENROLL_DATE,FILEPATH,MEMBER_GRADE,COM_NO,KAKAO) values (140,'고수140','010-1234-1140','user140','1718c24b10aeb8099e3fc44960ab6949ab76a267352459f203ea1036bec382c2','email140@naver.com',2,'2021-12-08',null,161,null,null);
Insert into MINT.MEMBER (MEMBER_NO,MEMBER_NAME,PHONE,MEMBER_ID,MEMBER_PW,EMAIL,MEMBER_TYPE,ENROLL_DATE,FILEPATH,MEMBER_GRADE,COM_NO,KAKAO) values (141,'고수141','010-1234-1141','user141','1718c24b10aeb8099e3fc44960ab6949ab76a267352459f203ea1036bec382c2','email141@naver.com',2,'2021-12-08',null,161,null,null);
Insert into MINT.MEMBER (MEMBER_NO,MEMBER_NAME,PHONE,MEMBER_ID,MEMBER_PW,EMAIL,MEMBER_TYPE,ENROLL_DATE,FILEPATH,MEMBER_GRADE,COM_NO,KAKAO) values (142,'고수142','010-1234-1142','user142','1718c24b10aeb8099e3fc44960ab6949ab76a267352459f203ea1036bec382c2','email142@naver.com',2,'2021-12-08',null,161,null,null);
Insert into MINT.MEMBER (MEMBER_NO,MEMBER_NAME,PHONE,MEMBER_ID,MEMBER_PW,EMAIL,MEMBER_TYPE,ENROLL_DATE,FILEPATH,MEMBER_GRADE,COM_NO,KAKAO) values (143,'고수143','010-1234-1143','user143','1718c24b10aeb8099e3fc44960ab6949ab76a267352459f203ea1036bec382c2','email143@naver.com',2,'2021-12-08',null,161,null,null);
Insert into MINT.MEMBER (MEMBER_NO,MEMBER_NAME,PHONE,MEMBER_ID,MEMBER_PW,EMAIL,MEMBER_TYPE,ENROLL_DATE,FILEPATH,MEMBER_GRADE,COM_NO,KAKAO) values (144,'고수144','010-1234-1144','user144','1718c24b10aeb8099e3fc44960ab6949ab76a267352459f203ea1036bec382c2','email144@naver.com',2,'2021-12-08',null,161,null,null);
Insert into MINT.MEMBER (MEMBER_NO,MEMBER_NAME,PHONE,MEMBER_ID,MEMBER_PW,EMAIL,MEMBER_TYPE,ENROLL_DATE,FILEPATH,MEMBER_GRADE,COM_NO,KAKAO) values (145,'고수145','010-1234-1145','user145','1718c24b10aeb8099e3fc44960ab6949ab76a267352459f203ea1036bec382c2','email145@naver.com',2,'2021-12-08',null,161,null,null);
Insert into MINT.MEMBER (MEMBER_NO,MEMBER_NAME,PHONE,MEMBER_ID,MEMBER_PW,EMAIL,MEMBER_TYPE,ENROLL_DATE,FILEPATH,MEMBER_GRADE,COM_NO,KAKAO) values (146,'고수146','010-1234-1146','user146','1718c24b10aeb8099e3fc44960ab6949ab76a267352459f203ea1036bec382c2','email146@naver.com',2,'2021-12-08',null,161,null,null);
Insert into MINT.MEMBER (MEMBER_NO,MEMBER_NAME,PHONE,MEMBER_ID,MEMBER_PW,EMAIL,MEMBER_TYPE,ENROLL_DATE,FILEPATH,MEMBER_GRADE,COM_NO,KAKAO) values (147,'고수147','010-1234-1147','user147','1718c24b10aeb8099e3fc44960ab6949ab76a267352459f203ea1036bec382c2','email147@naver.com',2,'2021-12-08',null,161,null,null);
Insert into MINT.MEMBER (MEMBER_NO,MEMBER_NAME,PHONE,MEMBER_ID,MEMBER_PW,EMAIL,MEMBER_TYPE,ENROLL_DATE,FILEPATH,MEMBER_GRADE,COM_NO,KAKAO) values (148,'고수148','010-1234-1148','user148','1718c24b10aeb8099e3fc44960ab6949ab76a267352459f203ea1036bec382c2','email148@naver.com',2,'2021-12-08',null,161,null,null);
Insert into MINT.MEMBER (MEMBER_NO,MEMBER_NAME,PHONE,MEMBER_ID,MEMBER_PW,EMAIL,MEMBER_TYPE,ENROLL_DATE,FILEPATH,MEMBER_GRADE,COM_NO,KAKAO) values (149,'고수149','010-1234-1149','user149','1718c24b10aeb8099e3fc44960ab6949ab76a267352459f203ea1036bec382c2','email149@naver.com',2,'2021-12-16',null,161,null,null);
Insert into MINT.MEMBER (MEMBER_NO,MEMBER_NAME,PHONE,MEMBER_ID,MEMBER_PW,EMAIL,MEMBER_TYPE,ENROLL_DATE,FILEPATH,MEMBER_GRADE,COM_NO,KAKAO) values (150,'고수150','010-1234-1150','user150','1718c24b10aeb8099e3fc44960ab6949ab76a267352459f203ea1036bec382c2','email150@naver.com',2,'2021-12-16',null,161,null,null);
Insert into MINT.MEMBER (MEMBER_NO,MEMBER_NAME,PHONE,MEMBER_ID,MEMBER_PW,EMAIL,MEMBER_TYPE,ENROLL_DATE,FILEPATH,MEMBER_GRADE,COM_NO,KAKAO) values (151,'고수151','010-1234-1151','user151','1718c24b10aeb8099e3fc44960ab6949ab76a267352459f203ea1036bec382c2','email151@naver.com',2,'2021-12-16',null,161,null,null);
Insert into MINT.MEMBER (MEMBER_NO,MEMBER_NAME,PHONE,MEMBER_ID,MEMBER_PW,EMAIL,MEMBER_TYPE,ENROLL_DATE,FILEPATH,MEMBER_GRADE,COM_NO,KAKAO) values (152,'고수152','010-1234-1152','user152','1718c24b10aeb8099e3fc44960ab6949ab76a267352459f203ea1036bec382c2','email152@naver.com',2,'2021-12-16',null,161,null,null);
Insert into MINT.MEMBER (MEMBER_NO,MEMBER_NAME,PHONE,MEMBER_ID,MEMBER_PW,EMAIL,MEMBER_TYPE,ENROLL_DATE,FILEPATH,MEMBER_GRADE,COM_NO,KAKAO) values (153,'고수153','010-1234-1153','user153','1718c24b10aeb8099e3fc44960ab6949ab76a267352459f203ea1036bec382c2','email153@naver.com',2,'2021-12-16',null,161,null,null);
Insert into MINT.MEMBER (MEMBER_NO,MEMBER_NAME,PHONE,MEMBER_ID,MEMBER_PW,EMAIL,MEMBER_TYPE,ENROLL_DATE,FILEPATH,MEMBER_GRADE,COM_NO,KAKAO) values (154,'고수154','010-1234-1154','user154','1718c24b10aeb8099e3fc44960ab6949ab76a267352459f203ea1036bec382c2','email154@naver.com',2,'2021-12-16',null,161,null,null);
Insert into MINT.MEMBER (MEMBER_NO,MEMBER_NAME,PHONE,MEMBER_ID,MEMBER_PW,EMAIL,MEMBER_TYPE,ENROLL_DATE,FILEPATH,MEMBER_GRADE,COM_NO,KAKAO) values (155,'고수155','010-1234-1155','hansol','1718c24b10aeb8099e3fc44960ab6949ab76a267352459f203ea1036bec382c2','email155@naver.com',2,'2021-12-16','dddd.jpg',161,null,null);
Insert into MINT.MEMBER (MEMBER_NO,MEMBER_NAME,PHONE,MEMBER_ID,MEMBER_PW,EMAIL,MEMBER_TYPE,ENROLL_DATE,FILEPATH,MEMBER_GRADE,COM_NO,KAKAO) values (156,'고수156','010-1234-1156','yoonTeacher','1718c24b10aeb8099e3fc44960ab6949ab76a267352459f203ea1036bec382c2','email156@naver.com',2,'2021-12-16','yoon.jpg',161,null,null);
Insert into MINT.MEMBER (MEMBER_NO,MEMBER_NAME,PHONE,MEMBER_ID,MEMBER_PW,EMAIL,MEMBER_TYPE,ENROLL_DATE,FILEPATH,MEMBER_GRADE,COM_NO,KAKAO) values (157,'고수157','010-1234-1157','jinho','1718c24b10aeb8099e3fc44960ab6949ab76a267352459f203ea1036bec382c2','email157@naver.com',2,'2021-12-16','취업사진_1.jpg',161,null,null);
Insert into MINT.MEMBER (MEMBER_NO,MEMBER_NAME,PHONE,MEMBER_ID,MEMBER_PW,EMAIL,MEMBER_TYPE,ENROLL_DATE,FILEPATH,MEMBER_GRADE,COM_NO,KAKAO) values (158,'고수158','010-1234-1158','minu','1718c24b10aeb8099e3fc44960ab6949ab76a267352459f203ea1036bec382c2','email158@naver.com',2,'2021-12-16','19-54.JPG',161,null,null);
Insert into MINT.MEMBER (MEMBER_NO,MEMBER_NAME,PHONE,MEMBER_ID,MEMBER_PW,EMAIL,MEMBER_TYPE,ENROLL_DATE,FILEPATH,MEMBER_GRADE,COM_NO,KAKAO) values (181,'기업181','010-1234-1181','user181','1718c24b10aeb8099e3fc44960ab6949ab76a267352459f203ea1036bec382c2','email181@naver.com',3,'2021-12-25',null,21,93,null);
Insert into MINT.MEMBER (MEMBER_NO,MEMBER_NAME,PHONE,MEMBER_ID,MEMBER_PW,EMAIL,MEMBER_TYPE,ENROLL_DATE,FILEPATH,MEMBER_GRADE,COM_NO,KAKAO) values (182,'기업182','010-1234-1182','user182','1718c24b10aeb8099e3fc44960ab6949ab76a267352459f203ea1036bec382c2','email182@naver.com',3,'2021-12-25',null,21,92,null);
Insert into MINT.MEMBER (MEMBER_NO,MEMBER_NAME,PHONE,MEMBER_ID,MEMBER_PW,EMAIL,MEMBER_TYPE,ENROLL_DATE,FILEPATH,MEMBER_GRADE,COM_NO,KAKAO) values (183,'기업183','010-1234-1183','user183','1718c24b10aeb8099e3fc44960ab6949ab76a267352459f203ea1036bec382c2','email183@naver.com',3,'2021-12-25',null,21,91,null);
Insert into MINT.MEMBER (MEMBER_NO,MEMBER_NAME,PHONE,MEMBER_ID,MEMBER_PW,EMAIL,MEMBER_TYPE,ENROLL_DATE,FILEPATH,MEMBER_GRADE,COM_NO,KAKAO) values (184,'기업184','010-1234-1184','user184','1718c24b10aeb8099e3fc44960ab6949ab76a267352459f203ea1036bec382c2','email184@naver.com',3,'2021-12-25',null,21,90,null);
Insert into MINT.MEMBER (MEMBER_NO,MEMBER_NAME,PHONE,MEMBER_ID,MEMBER_PW,EMAIL,MEMBER_TYPE,ENROLL_DATE,FILEPATH,MEMBER_GRADE,COM_NO,KAKAO) values (185,'기업185','010-1234-1185','user185','1718c24b10aeb8099e3fc44960ab6949ab76a267352459f203ea1036bec382c2','email185@naver.com',3,'2021-12-25',null,21,89,null);
Insert into MINT.MEMBER (MEMBER_NO,MEMBER_NAME,PHONE,MEMBER_ID,MEMBER_PW,EMAIL,MEMBER_TYPE,ENROLL_DATE,FILEPATH,MEMBER_GRADE,COM_NO,KAKAO) values (186,'기업186','010-1234-1186','user186','1718c24b10aeb8099e3fc44960ab6949ab76a267352459f203ea1036bec382c2','email186@naver.com',3,'2021-12-25',null,21,88,null);
Insert into MINT.MEMBER (MEMBER_NO,MEMBER_NAME,PHONE,MEMBER_ID,MEMBER_PW,EMAIL,MEMBER_TYPE,ENROLL_DATE,FILEPATH,MEMBER_GRADE,COM_NO,KAKAO) values (187,'기업187','010-1234-1187','user187','1718c24b10aeb8099e3fc44960ab6949ab76a267352459f203ea1036bec382c2','email187@naver.com',3,'2021-12-25',null,21,87,null);
Insert into MINT.MEMBER (MEMBER_NO,MEMBER_NAME,PHONE,MEMBER_ID,MEMBER_PW,EMAIL,MEMBER_TYPE,ENROLL_DATE,FILEPATH,MEMBER_GRADE,COM_NO,KAKAO) values (188,'기업188','010-1234-1188','user188','1718c24b10aeb8099e3fc44960ab6949ab76a267352459f203ea1036bec382c2','email188@naver.com',3,'2021-12-25',null,21,86,null);
Insert into MINT.MEMBER (MEMBER_NO,MEMBER_NAME,PHONE,MEMBER_ID,MEMBER_PW,EMAIL,MEMBER_TYPE,ENROLL_DATE,FILEPATH,MEMBER_GRADE,COM_NO,KAKAO) values (189,'기업189','010-1234-1189','user189','1718c24b10aeb8099e3fc44960ab6949ab76a267352459f203ea1036bec382c2','email189@naver.com',3,'2021-12-25',null,21,85,null);
Insert into MINT.MEMBER (MEMBER_NO,MEMBER_NAME,PHONE,MEMBER_ID,MEMBER_PW,EMAIL,MEMBER_TYPE,ENROLL_DATE,FILEPATH,MEMBER_GRADE,COM_NO,KAKAO) values (190,'기업190','010-1234-1190','user190','1718c24b10aeb8099e3fc44960ab6949ab76a267352459f203ea1036bec382c2','email190@naver.com',3,'2021-12-25',null,21,84,null);
Insert into MINT.MEMBER (MEMBER_NO,MEMBER_NAME,PHONE,MEMBER_ID,MEMBER_PW,EMAIL,MEMBER_TYPE,ENROLL_DATE,FILEPATH,MEMBER_GRADE,COM_NO,KAKAO) values (191,'기업191','010-1234-1191','user191','1718c24b10aeb8099e3fc44960ab6949ab76a267352459f203ea1036bec382c2','email191@naver.com',3,'2021-12-25',null,21,83,null);
Insert into MINT.MEMBER (MEMBER_NO,MEMBER_NAME,PHONE,MEMBER_ID,MEMBER_PW,EMAIL,MEMBER_TYPE,ENROLL_DATE,FILEPATH,MEMBER_GRADE,COM_NO,KAKAO) values (192,'기업192','010-1234-1192','user192','1718c24b10aeb8099e3fc44960ab6949ab76a267352459f203ea1036bec382c2','email192@naver.com',3,'2021-12-25',null,21,82,null);
Insert into MINT.MEMBER (MEMBER_NO,MEMBER_NAME,PHONE,MEMBER_ID,MEMBER_PW,EMAIL,MEMBER_TYPE,ENROLL_DATE,FILEPATH,MEMBER_GRADE,COM_NO,KAKAO) values (193,'기업193','010-1234-1193','user193','1718c24b10aeb8099e3fc44960ab6949ab76a267352459f203ea1036bec382c2','email193@naver.com',3,'2021-12-25',null,21,81,null);
Insert into MINT.MEMBER (MEMBER_NO,MEMBER_NAME,PHONE,MEMBER_ID,MEMBER_PW,EMAIL,MEMBER_TYPE,ENROLL_DATE,FILEPATH,MEMBER_GRADE,COM_NO,KAKAO) values (194,'기업194','010-1234-1194','user194','1718c24b10aeb8099e3fc44960ab6949ab76a267352459f203ea1036bec382c2','email194@naver.com',3,'2021-12-25',null,21,80,null);
Insert into MINT.MEMBER (MEMBER_NO,MEMBER_NAME,PHONE,MEMBER_ID,MEMBER_PW,EMAIL,MEMBER_TYPE,ENROLL_DATE,FILEPATH,MEMBER_GRADE,COM_NO,KAKAO) values (195,'기업195','010-1234-1195','user195','1718c24b10aeb8099e3fc44960ab6949ab76a267352459f203ea1036bec382c2','email195@naver.com',3,'2021-12-25',null,21,79,null);
Insert into MINT.MEMBER (MEMBER_NO,MEMBER_NAME,PHONE,MEMBER_ID,MEMBER_PW,EMAIL,MEMBER_TYPE,ENROLL_DATE,FILEPATH,MEMBER_GRADE,COM_NO,KAKAO) values (196,'기업196','010-1234-1196','user196','1718c24b10aeb8099e3fc44960ab6949ab76a267352459f203ea1036bec382c2','email196@naver.com',3,'2021-12-25',null,21,78,null);
Insert into MINT.MEMBER (MEMBER_NO,MEMBER_NAME,PHONE,MEMBER_ID,MEMBER_PW,EMAIL,MEMBER_TYPE,ENROLL_DATE,FILEPATH,MEMBER_GRADE,COM_NO,KAKAO) values (197,'기업197','010-1234-1197','user197','1718c24b10aeb8099e3fc44960ab6949ab76a267352459f203ea1036bec382c2','email197@naver.com',3,'2021-12-25',null,21,77,null);
Insert into MINT.MEMBER (MEMBER_NO,MEMBER_NAME,PHONE,MEMBER_ID,MEMBER_PW,EMAIL,MEMBER_TYPE,ENROLL_DATE,FILEPATH,MEMBER_GRADE,COM_NO,KAKAO) values (198,'기업198','010-1234-1198','user198','1718c24b10aeb8099e3fc44960ab6949ab76a267352459f203ea1036bec382c2','email198@naver.com',3,'2021-12-25',null,21,76,null);
Insert into MINT.MEMBER (MEMBER_NO,MEMBER_NAME,PHONE,MEMBER_ID,MEMBER_PW,EMAIL,MEMBER_TYPE,ENROLL_DATE,FILEPATH,MEMBER_GRADE,COM_NO,KAKAO) values (199,'기업199','010-1234-1199','user199','1718c24b10aeb8099e3fc44960ab6949ab76a267352459f203ea1036bec382c2','email199@naver.com',3,'2021-12-25',null,21,23,null);
Insert into MINT.MEMBER (MEMBER_NO,MEMBER_NAME,PHONE,MEMBER_ID,MEMBER_PW,EMAIL,MEMBER_TYPE,ENROLL_DATE,FILEPATH,MEMBER_GRADE,COM_NO,KAKAO) values (210,'일반(수)210','010-1234-1210','user210','1718c24b10aeb8099e3fc44960ab6949ab76a267352459f203ea1036bec382c2','email210@naver.com',1,'2021-12-27',null,21,null,null);
Insert into MINT.MEMBER (MEMBER_NO,MEMBER_NAME,PHONE,MEMBER_ID,MEMBER_PW,EMAIL,MEMBER_TYPE,ENROLL_DATE,FILEPATH,MEMBER_GRADE,COM_NO,KAKAO) values (211,'일반(수)211','010-1234-1211','user211','1718c24b10aeb8099e3fc44960ab6949ab76a267352459f203ea1036bec382c2','email211@naver.com',1,'2021-12-27',null,41,null,null);
Insert into MINT.MEMBER (MEMBER_NO,MEMBER_NAME,PHONE,MEMBER_ID,MEMBER_PW,EMAIL,MEMBER_TYPE,ENROLL_DATE,FILEPATH,MEMBER_GRADE,COM_NO,KAKAO) values (212,'일반(수)212','010-1234-1212','user212','1718c24b10aeb8099e3fc44960ab6949ab76a267352459f203ea1036bec382c2','email212@naver.com',1,'2021-12-27',null,41,null,null);
Insert into MINT.MEMBER (MEMBER_NO,MEMBER_NAME,PHONE,MEMBER_ID,MEMBER_PW,EMAIL,MEMBER_TYPE,ENROLL_DATE,FILEPATH,MEMBER_GRADE,COM_NO,KAKAO) values (213,'일반(수)213','010-1234-1213','user213','1718c24b10aeb8099e3fc44960ab6949ab76a267352459f203ea1036bec382c2','email213@naver.com',1,'2021-12-27',null,41,null,null);
Insert into MINT.MEMBER (MEMBER_NO,MEMBER_NAME,PHONE,MEMBER_ID,MEMBER_PW,EMAIL,MEMBER_TYPE,ENROLL_DATE,FILEPATH,MEMBER_GRADE,COM_NO,KAKAO) values (214,'일반(수)214','010-1234-1214','user214','1718c24b10aeb8099e3fc44960ab6949ab76a267352459f203ea1036bec382c2','email214@naver.com',1,'2021-12-27',null,41,null,null);
Insert into MINT.MEMBER (MEMBER_NO,MEMBER_NAME,PHONE,MEMBER_ID,MEMBER_PW,EMAIL,MEMBER_TYPE,ENROLL_DATE,FILEPATH,MEMBER_GRADE,COM_NO,KAKAO) values (215,'일반(수)215','010-1234-1215','user215','1718c24b10aeb8099e3fc44960ab6949ab76a267352459f203ea1036bec382c2','email215@naver.com',1,'2021-12-27',null,61,null,null);
Insert into MINT.MEMBER (MEMBER_NO,MEMBER_NAME,PHONE,MEMBER_ID,MEMBER_PW,EMAIL,MEMBER_TYPE,ENROLL_DATE,FILEPATH,MEMBER_GRADE,COM_NO,KAKAO) values (206,'김부부캐','010-5567-5661','2043525473','cd14595e36c752d9ff2108bc31a784b20e194af6c087f56b955a0f25b671442e','suarez0607@daum.net',1,'2021-12-27','KakaoTalk_20211202_165923990_6.jpg',19,null,1);
Insert into MINT.MEMBER (MEMBER_NO,MEMBER_NAME,PHONE,MEMBER_ID,MEMBER_PW,EMAIL,MEMBER_TYPE,ENROLL_DATE,FILEPATH,MEMBER_GRADE,COM_NO,KAKAO) values (209,'일반(수)209','010-1234-1209','user209','1718c24b10aeb8099e3fc44960ab6949ab76a267352459f203ea1036bec382c2','email209@naver.com',1,'2021-12-27',null,16,null,null);
Insert into MINT.MEMBER (MEMBER_NO,MEMBER_NAME,PHONE,MEMBER_ID,MEMBER_PW,EMAIL,MEMBER_TYPE,ENROLL_DATE,FILEPATH,MEMBER_GRADE,COM_NO,KAKAO) values (216,'일반(수)216','010-1234-1216','user216','1718c24b10aeb8099e3fc44960ab6949ab76a267352459f203ea1036bec382c2','email216@naver.com',1,'2021-12-27',null,61,null,null);
Insert into MINT.MEMBER (MEMBER_NO,MEMBER_NAME,PHONE,MEMBER_ID,MEMBER_PW,EMAIL,MEMBER_TYPE,ENROLL_DATE,FILEPATH,MEMBER_GRADE,COM_NO,KAKAO) values (217,'일반(민)217','010-1234-1217','user217','1718c24b10aeb8099e3fc44960ab6949ab76a267352459f203ea1036bec382c2','email217@naver.com',1,'2021-12-27','오구1.gif',21,null,null);
Insert into MINT.MEMBER (MEMBER_NO,MEMBER_NAME,PHONE,MEMBER_ID,MEMBER_PW,EMAIL,MEMBER_TYPE,ENROLL_DATE,FILEPATH,MEMBER_GRADE,COM_NO,KAKAO) values (218,'일반(민)218','010-1234-1218','user218','1718c24b10aeb8099e3fc44960ab6949ab76a267352459f203ea1036bec382c2','email218@naver.com',1,'2021-12-27','f506cd30132a31f366ea211098311510.gif',70,null,null);
Insert into MINT.MEMBER (MEMBER_NO,MEMBER_NAME,PHONE,MEMBER_ID,MEMBER_PW,EMAIL,MEMBER_TYPE,ENROLL_DATE,FILEPATH,MEMBER_GRADE,COM_NO,KAKAO) values (219,'일반(민)219','010-1234-1219','user219','1718c24b10aeb8099e3fc44960ab6949ab76a267352459f203ea1036bec382c2','email219@naver.com',1,'2021-12-27','20201027224710.935004.gif',43,null,null);
Insert into MINT.MEMBER (MEMBER_NO,MEMBER_NAME,PHONE,MEMBER_ID,MEMBER_PW,EMAIL,MEMBER_TYPE,ENROLL_DATE,FILEPATH,MEMBER_GRADE,COM_NO,KAKAO) values (220,'일반(민)220','010-1234-1220','user220','1718c24b10aeb8099e3fc44960ab6949ab76a267352459f203ea1036bec382c2','email220@naver.com',1,'2021-12-27','19.gif',71,null,null);
Insert into MINT.MEMBER (MEMBER_NO,MEMBER_NAME,PHONE,MEMBER_ID,MEMBER_PW,EMAIL,MEMBER_TYPE,ENROLL_DATE,FILEPATH,MEMBER_GRADE,COM_NO,KAKAO) values (221,'일반(민)221','010-1234-1221','user221','1718c24b10aeb8099e3fc44960ab6949ab76a267352459f203ea1036bec382c2','email221@naver.com',1,'2021-12-27','78e02e48e80e860636ea35f57211b428.gif',69,null,null);
Insert into MINT.MEMBER (MEMBER_NO,MEMBER_NAME,PHONE,MEMBER_ID,MEMBER_PW,EMAIL,MEMBER_TYPE,ENROLL_DATE,FILEPATH,MEMBER_GRADE,COM_NO,KAKAO) values (222,'일반(민)222','010-1234-1222','user222','1718c24b10aeb8099e3fc44960ab6949ab76a267352459f203ea1036bec382c2','email222@naver.com',1,'2021-12-27','i015789500355.gif',10,null,null);
Insert into MINT.MEMBER (MEMBER_NO,MEMBER_NAME,PHONE,MEMBER_ID,MEMBER_PW,EMAIL,MEMBER_TYPE,ENROLL_DATE,FILEPATH,MEMBER_GRADE,COM_NO,KAKAO) values (223,'일반(민)223','010-1234-1223','user223','1718c24b10aeb8099e3fc44960ab6949ab76a267352459f203ea1036bec382c2','email223@naver.com',1,'2021-12-27','24.gif',28,null,null);
Insert into MINT.MEMBER (MEMBER_NO,MEMBER_NAME,PHONE,MEMBER_ID,MEMBER_PW,EMAIL,MEMBER_TYPE,ENROLL_DATE,FILEPATH,MEMBER_GRADE,COM_NO,KAKAO) values (224,'일반(민)224','010-1234-1224','user224','1718c24b10aeb8099e3fc44960ab6949ab76a267352459f203ea1036bec382c2','email224@naver.com',1,'2021-12-27','unnamed.gif',23,null,null);
Insert into MINT.MEMBER (MEMBER_NO,MEMBER_NAME,PHONE,MEMBER_ID,MEMBER_PW,EMAIL,MEMBER_TYPE,ENROLL_DATE,FILEPATH,MEMBER_GRADE,COM_NO,KAKAO) values (225,'일반(민)225','010-1234-1225','user225','1718c24b10aeb8099e3fc44960ab6949ab76a267352459f203ea1036bec382c2','email225@naver.com',1,'2021-12-27','50a9fd9661cdc1609d43104cdee32239.gif',41,null,null);
Insert into MINT.MEMBER (MEMBER_NO,MEMBER_NAME,PHONE,MEMBER_ID,MEMBER_PW,EMAIL,MEMBER_TYPE,ENROLL_DATE,FILEPATH,MEMBER_GRADE,COM_NO,KAKAO) values (226,'일반(민)226','010-1234-1226','user226','1718c24b10aeb8099e3fc44960ab6949ab76a267352459f203ea1036bec382c2','email226@naver.com',1,'2021-12-27','95a2561af3e738d4ae620c0ee996b193.gif',47,null,null);
Insert into MINT.MEMBER (MEMBER_NO,MEMBER_NAME,PHONE,MEMBER_ID,MEMBER_PW,EMAIL,MEMBER_TYPE,ENROLL_DATE,FILEPATH,MEMBER_GRADE,COM_NO,KAKAO) values (231,'슬기유저','010-1231-1231','seulg1','1718c24b10aeb8099e3fc44960ab6949ab76a267352459f203ea1036bec382c2','seulgi8181@naver.com',1,'2021-12-28',null,10,null,null);
Insert into MINT.MEMBER (MEMBER_NO,MEMBER_NAME,PHONE,MEMBER_ID,MEMBER_PW,EMAIL,MEMBER_TYPE,ENROLL_DATE,FILEPATH,MEMBER_GRADE,COM_NO,KAKAO) values (241,'가나다라','010-1234-4321','seul1seul1','0864de465567cb3f65130561355ea0da667e268f8599c887677bc3d96702b0fe','seul1@ruu.kr',1,'2021-12-29',null,13,null,null);
Insert into MINT.MEMBER (MEMBER_NO,MEMBER_NAME,PHONE,MEMBER_ID,MEMBER_PW,EMAIL,MEMBER_TYPE,ENROLL_DATE,FILEPATH,MEMBER_GRADE,COM_NO,KAKAO) values (229,'김수현','010-4099-1778','2044388459','86f01764183951e04a227ce7c688b6556849ef461e350a680a72ac93b2bd9b11','ha_eeee@naver.com',1,'2021-12-28',null,61,null,1);
Insert into MINT.MEMBER (MEMBER_NO,MEMBER_NAME,PHONE,MEMBER_ID,MEMBER_PW,EMAIL,MEMBER_TYPE,ENROLL_DATE,FILEPATH,MEMBER_GRADE,COM_NO,KAKAO) values (242,'소원','010-3333-4444','2055862237','467ef92a3fb408c038f6091f7fb1b5305518e6201c4d2888efbc79e72b082263','zz1992@daum.net',1,'2021-12-29',null,10,null,1);
Insert into MINT.MEMBER (MEMBER_NO,MEMBER_NAME,PHONE,MEMBER_ID,MEMBER_PW,EMAIL,MEMBER_TYPE,ENROLL_DATE,FILEPATH,MEMBER_GRADE,COM_NO,KAKAO) values (243,'김밥','010-3333-4242','tkonly','3ac36e2b2e1e6397b958775e511181b300d0402e191f0e76d868c09901d1ce39','scarletredrobin@gmail.com',1,'2021-12-29',null,10,null,null);
Insert into MINT.MEMBER (MEMBER_NO,MEMBER_NAME,PHONE,MEMBER_ID,MEMBER_PW,EMAIL,MEMBER_TYPE,ENROLL_DATE,FILEPATH,MEMBER_GRADE,COM_NO,KAKAO) values (244,'테스트','010-9999-1234','test99','f0d5d09999599be113b836923c2595978bca9c2cb27f4541b496836703708899','29dhs@naver.com',1,'2021-12-29',null,10,null,null);
REM INSERTING into MINT.NON_MEMBER_QNA
SET DEFINE OFF;
Insert into MINT.NON_MEMBER_QNA ("non_qna_no","category","email","qna_pw","qna_title","qna_content","reg_date","qna_answer","answer_date") values (41,40,'saewsw7@gmail.com','1234','test41','testtesttesttesttesttest','2021-12-19',null,null);
Insert into MINT.NON_MEMBER_QNA ("non_qna_no","category","email","qna_pw","qna_title","qna_content","reg_date","qna_answer","answer_date") values (52,10,'saewsw7@gmail.com','a1234','test12312312312','asdfasdfasdfasdtwerqweqw12312312
sad
fas
df
werawetaweg','2021-12-19',null,null);
Insert into MINT.NON_MEMBER_QNA ("non_qna_no","category","email","qna_pw","qna_title","qna_content","reg_date","qna_answer","answer_date") values (53,40,'saewsw7@gmail.com','a1234','안녕하세요 테스트 입니다.','저 너무 고민있어요','2021-12-19','asdfasdf','2021-12-20 09:55');
Insert into MINT.NON_MEMBER_QNA ("non_qna_no","category","email","qna_pw","qna_title","qna_content","reg_date","qna_answer","answer_date") values (61,7,'tionee@naver.com','a1234','차단','풀어줘','2021-12-21','안돼','2021-12-21 17:34');
Insert into MINT.NON_MEMBER_QNA ("non_qna_no","category","email","qna_pw","qna_title","qna_content","reg_date","qna_answer","answer_date") values (81,12,'zkhsz85@gmail.com','a1234','qna제목 한번써봅니다.2','ASDFASASDFSADF','2021-12-23','ㅇㅇ','2021-12-23 17:29');
Insert into MINT.NON_MEMBER_QNA ("non_qna_no","category","email","qna_pw","qna_title","qna_content","reg_date","qna_answer","answer_date") values (82,13,'saewsw7@gmail.com','a1234','1234','asdf','2021-12-23',null,null);
Insert into MINT.NON_MEMBER_QNA ("non_qna_no","category","email","qna_pw","qna_title","qna_content","reg_date","qna_answer","answer_date") values (42,40,'saewsw7@gmail.com','1234','test42','testtesttesttesttesttest','2021-12-19',null,null);
Insert into MINT.NON_MEMBER_QNA ("non_qna_no","category","email","qna_pw","qna_title","qna_content","reg_date","qna_answer","answer_date") values (43,40,'saewsw7@gmail.com','1234','test43','testtesttesttesttesttest','2021-12-19',null,null);
Insert into MINT.NON_MEMBER_QNA ("non_qna_no","category","email","qna_pw","qna_title","qna_content","reg_date","qna_answer","answer_date") values (44,40,'saewsw7@gmail.com','1234','test44','testtesttesttesttesttest','2021-12-19',null,null);
Insert into MINT.NON_MEMBER_QNA ("non_qna_no","category","email","qna_pw","qna_title","qna_content","reg_date","qna_answer","answer_date") values (45,40,'saewsw7@gmail.com','1234','test45','testtesttesttesttesttest','2021-12-19',null,null);
Insert into MINT.NON_MEMBER_QNA ("non_qna_no","category","email","qna_pw","qna_title","qna_content","reg_date","qna_answer","answer_date") values (46,40,'saewsw7@gmail.com','1234','test46','testtesttesttesttesttest','2021-12-19','ㅇㅇ','2021-12-23 17:29');
Insert into MINT.NON_MEMBER_QNA ("non_qna_no","category","email","qna_pw","qna_title","qna_content","reg_date","qna_answer","answer_date") values (47,40,'saewsw7@gmail.com','1234','test47','testtesttesttesttesttest','2021-12-19',null,null);
Insert into MINT.NON_MEMBER_QNA ("non_qna_no","category","email","qna_pw","qna_title","qna_content","reg_date","qna_answer","answer_date") values (48,40,'saewsw7@gmail.com','1234','test48','testtesttesttesttesttest','2021-12-19',null,null);
Insert into MINT.NON_MEMBER_QNA ("non_qna_no","category","email","qna_pw","qna_title","qna_content","reg_date","qna_answer","answer_date") values (49,40,'saewsw7@gmail.com','1234','test49','testtesttesttesttesttest','2021-12-19',null,null);
Insert into MINT.NON_MEMBER_QNA ("non_qna_no","category","email","qna_pw","qna_title","qna_content","reg_date","qna_answer","answer_date") values (50,40,'saewsw7@gmail.com','1234','test50','testtesttesttesttesttest','2021-12-19',null,null);
Insert into MINT.NON_MEMBER_QNA ("non_qna_no","category","email","qna_pw","qna_title","qna_content","reg_date","qna_answer","answer_date") values (51,40,'saewsw7@gmail.com','1234','test51','testtesttesttesttesttest','2021-12-19','test','2021-12-19 03:54');
Insert into MINT.NON_MEMBER_QNA ("non_qna_no","category","email","qna_pw","qna_title","qna_content","reg_date","qna_answer","answer_date") values (101,10,'saewsw7@gmail.com','a1234','asdfasdf','asdfasdf','2021-12-28',null,null);
Insert into MINT.NON_MEMBER_QNA ("non_qna_no","category","email","qna_pw","qna_title","qna_content","reg_date","qna_answer","answer_date") values (102,8,'skskmjo2398@naver.com','a1234','asdf','asdf','2021-12-28','테스트입니다.','2021-12-28 23:53');
Insert into MINT.NON_MEMBER_QNA ("non_qna_no","category","email","qna_pw","qna_title","qna_content","reg_date","qna_answer","answer_date") values (103,13,'saewsw7@gmail.com','a1234','asdf','asdfa','2021-12-29',null,null);
REM INSERTING into MINT.NOTICE
SET DEFINE OFF;
Insert into MINT.NOTICE ("notice_no","notice_title","notice_content","reg_date","filename","filepath","pin","notice_writer",READ_COUNT) values (122,'고수 대리답변 사기 유의 안내122','공지공지공지공지공지공지','2021-12-15',null,null,1,'admin',1);
Insert into MINT.NOTICE ("notice_no","notice_title","notice_content","reg_date","filename","filepath","pin","notice_writer",READ_COUNT) values (123,'고수 대리답변 사기 유의 안내123','공지공지공지공지공지공지','2021-12-15',null,null,1,'admin',0);
Insert into MINT.NOTICE ("notice_no","notice_title","notice_content","reg_date","filename","filepath","pin","notice_writer",READ_COUNT) values (124,'고수 대리답변 사기 유의 안내124','공지공지공지공지공지공지','2021-12-15',null,null,1,'admin',0);
Insert into MINT.NOTICE ("notice_no","notice_title","notice_content","reg_date","filename","filepath","pin","notice_writer",READ_COUNT) values (125,'고수 대리답변 사기 유의 안내125','공지공지공지공지공지공지','2021-12-15',null,null,1,'admin',0);
Insert into MINT.NOTICE ("notice_no","notice_title","notice_content","reg_date","filename","filepath","pin","notice_writer",READ_COUNT) values (126,'고수 대리답변 사기 유의 안내126','공지공지공지공지공지공지','2021-12-15',null,null,1,'admin',0);
Insert into MINT.NOTICE ("notice_no","notice_title","notice_content","reg_date","filename","filepath","pin","notice_writer",READ_COUNT) values (127,'고수 대리답변 사기 유의 안내127','공지공지공지공지공지공지','2021-12-15',null,null,1,'admin',0);
Insert into MINT.NOTICE ("notice_no","notice_title","notice_content","reg_date","filename","filepath","pin","notice_writer",READ_COUNT) values (128,'고수 대리답변 사기 유의 안내128','공지공지공지공지공지공지','2021-12-15',null,null,1,'admin',0);
Insert into MINT.NOTICE ("notice_no","notice_title","notice_content","reg_date","filename","filepath","pin","notice_writer",READ_COUNT) values (129,'고수 대리답변 사기 유의 안내129','공지공지공지공지공지공지','2021-12-15',null,null,1,'admin',0);
Insert into MINT.NOTICE ("notice_no","notice_title","notice_content","reg_date","filename","filepath","pin","notice_writer",READ_COUNT) values (130,'고수 대리답변 사기 유의 안내130','공지공지공지공지공지공지','2021-12-15',null,null,1,'admin',0);
Insert into MINT.NOTICE ("notice_no","notice_title","notice_content","reg_date","filename","filepath","pin","notice_writer",READ_COUNT) values (131,'고수 대리답변 사기 유의 안내131','공지공지공지공지공지공지','2021-12-15',null,null,1,'admin',0);
Insert into MINT.NOTICE ("notice_no","notice_title","notice_content","reg_date","filename","filepath","pin","notice_writer",READ_COUNT) values (132,'고수 대리답변 사기 유의 안내132','공지공지공지공지공지공지','2021-12-15',null,null,1,'admin',0);
Insert into MINT.NOTICE ("notice_no","notice_title","notice_content","reg_date","filename","filepath","pin","notice_writer",READ_COUNT) values (133,'고수 대리답변 사기 유의 안내133','공지공지공지공지공지공지','2021-12-15',null,null,1,'admin',0);
Insert into MINT.NOTICE ("notice_no","notice_title","notice_content","reg_date","filename","filepath","pin","notice_writer",READ_COUNT) values (134,'고수 대리답변 사기 유의 안내134','공지공지공지공지공지공지','2021-12-15',null,null,1,'admin',0);
Insert into MINT.NOTICE ("notice_no","notice_title","notice_content","reg_date","filename","filepath","pin","notice_writer",READ_COUNT) values (135,'고수 대리답변 사기 유의 안내135','공지공지공지공지공지공지','2021-12-15',null,null,1,'admin',0);
Insert into MINT.NOTICE ("notice_no","notice_title","notice_content","reg_date","filename","filepath","pin","notice_writer",READ_COUNT) values (136,'고수 대리답변 사기 유의 안내136','공지공지공지공지공지공지','2021-12-15',null,null,1,'admin',0);
Insert into MINT.NOTICE ("notice_no","notice_title","notice_content","reg_date","filename","filepath","pin","notice_writer",READ_COUNT) values (137,'고수 대리답변 사기 유의 안내137','공지공지공지공지공지공지','2021-12-15',null,null,1,'admin',0);
Insert into MINT.NOTICE ("notice_no","notice_title","notice_content","reg_date","filename","filepath","pin","notice_writer",READ_COUNT) values (138,'고수 대리답변 사기 유의 안내138','공지공지공지공지공지공지','2021-12-15',null,null,1,'admin',0);
Insert into MINT.NOTICE ("notice_no","notice_title","notice_content","reg_date","filename","filepath","pin","notice_writer",READ_COUNT) values (139,'고수 대리답변 사기 유의 안내139','공지공지공지공지공지공지','2021-12-15',null,null,1,'admin',0);
Insert into MINT.NOTICE ("notice_no","notice_title","notice_content","reg_date","filename","filepath","pin","notice_writer",READ_COUNT) values (140,'고수 대리답변 사기 유의 안내140','공지공지공지공지공지공지','2021-12-15',null,null,1,'admin',0);
Insert into MINT.NOTICE ("notice_no","notice_title","notice_content","reg_date","filename","filepath","pin","notice_writer",READ_COUNT) values (141,'고수 대리답변 사기 유의 안내141','공지공지공지공지공지공지','2021-12-15',null,null,1,'admin',0);
Insert into MINT.NOTICE ("notice_no","notice_title","notice_content","reg_date","filename","filepath","pin","notice_writer",READ_COUNT) values (142,'고수 대리답변 사기 유의 안내142','공지공지공지공지공지공지','2021-12-15',null,null,1,'admin',0);
Insert into MINT.NOTICE ("notice_no","notice_title","notice_content","reg_date","filename","filepath","pin","notice_writer",READ_COUNT) values (143,'고수 대리답변 사기 유의 안내143','공지공지공지공지공지공지','2021-12-15',null,null,1,'admin',0);
Insert into MINT.NOTICE ("notice_no","notice_title","notice_content","reg_date","filename","filepath","pin","notice_writer",READ_COUNT) values (144,'고수 대리답변 사기 유의 안내144','공지공지공지공지공지공지','2021-12-15',null,null,1,'admin',0);
Insert into MINT.NOTICE ("notice_no","notice_title","notice_content","reg_date","filename","filepath","pin","notice_writer",READ_COUNT) values (145,'고수 대리답변 사기 유의 안내145','공지공지공지공지공지공지','2021-12-15',null,null,1,'admin',0);
Insert into MINT.NOTICE ("notice_no","notice_title","notice_content","reg_date","filename","filepath","pin","notice_writer",READ_COUNT) values (146,'고수 대리답변 사기 유의 안내146','공지공지공지공지공지공지','2021-12-15',null,null,1,'admin',0);
Insert into MINT.NOTICE ("notice_no","notice_title","notice_content","reg_date","filename","filepath","pin","notice_writer",READ_COUNT) values (147,'고수 대리답변 사기 유의 안내147','공지공지공지공지공지공지','2021-12-15',null,null,1,'admin',0);
Insert into MINT.NOTICE ("notice_no","notice_title","notice_content","reg_date","filename","filepath","pin","notice_writer",READ_COUNT) values (148,'고수 대리답변 사기 유의 안내148','공지공지공지공지공지공지','2021-12-15',null,null,1,'admin',0);
Insert into MINT.NOTICE ("notice_no","notice_title","notice_content","reg_date","filename","filepath","pin","notice_writer",READ_COUNT) values (149,'고수 대리답변 사기 유의 안내149','공지공지공지공지공지공지','2021-12-15',null,null,1,'admin',0);
Insert into MINT.NOTICE ("notice_no","notice_title","notice_content","reg_date","filename","filepath","pin","notice_writer",READ_COUNT) values (121,'고수 대리답변 사기 유의 안내121','공지공지공지공지공지공지','2021-12-15',null,null,1,'admin',0);
Insert into MINT.NOTICE ("notice_no","notice_title","notice_content","reg_date","filename","filepath","pin","notice_writer",READ_COUNT) values (150,'고수 대리답변 사기 유의 안내150','공지공지공지공지공지공지','2021-12-15',null,null,1,'admin',0);
Insert into MINT.NOTICE ("notice_no","notice_title","notice_content","reg_date","filename","filepath","pin","notice_writer",READ_COUNT) values (151,'고수 대리답변 사기 유의 안내151','공지공지공지공지공지공지','2021-12-15',null,null,1,'admin',0);
Insert into MINT.NOTICE ("notice_no","notice_title","notice_content","reg_date","filename","filepath","pin","notice_writer",READ_COUNT) values (152,'고수 대리답변 사기 유의 안내152','공지공지공지공지공지공지','2021-12-15',null,null,1,'admin',0);
Insert into MINT.NOTICE ("notice_no","notice_title","notice_content","reg_date","filename","filepath","pin","notice_writer",READ_COUNT) values (153,'고수 대리답변 사기 유의 안내153','공지공지공지공지공지공지','2021-12-15',null,null,1,'admin',0);
Insert into MINT.NOTICE ("notice_no","notice_title","notice_content","reg_date","filename","filepath","pin","notice_writer",READ_COUNT) values (154,'고수 대리답변 사기 유의 안내154','공지공지공지공지공지공지','2021-12-15',null,null,1,'admin',0);
Insert into MINT.NOTICE ("notice_no","notice_title","notice_content","reg_date","filename","filepath","pin","notice_writer",READ_COUNT) values (155,'고수 대리답변 사기 유의 안내155','공지공지공지공지공지공지','2021-12-15',null,null,1,'admin',0);
Insert into MINT.NOTICE ("notice_no","notice_title","notice_content","reg_date","filename","filepath","pin","notice_writer",READ_COUNT) values (156,'고수 대리답변 사기 유의 안내156','공지공지공지공지공지공지','2021-12-15',null,null,1,'admin',0);
Insert into MINT.NOTICE ("notice_no","notice_title","notice_content","reg_date","filename","filepath","pin","notice_writer",READ_COUNT) values (157,'고수 대리답변 사기 유의 안내157','공지공지공지공지공지공지','2021-12-15',null,null,1,'admin',0);
Insert into MINT.NOTICE ("notice_no","notice_title","notice_content","reg_date","filename","filepath","pin","notice_writer",READ_COUNT) values (158,'고수 대리답변 사기 유의 안내158','공지공지공지공지공지공지','2021-12-15',null,null,1,'admin',0);
Insert into MINT.NOTICE ("notice_no","notice_title","notice_content","reg_date","filename","filepath","pin","notice_writer",READ_COUNT) values (159,'고수 대리답변 사기 유의 안내159','공지공지공지공지공지공지','2021-12-15',null,null,1,'admin',0);
Insert into MINT.NOTICE ("notice_no","notice_title","notice_content","reg_date","filename","filepath","pin","notice_writer",READ_COUNT) values (160,'고수 대리답변 사기 유의 안내160','공지공지공지공지공지공지','2021-12-15',null,null,1,'admin',0);
Insert into MINT.NOTICE ("notice_no","notice_title","notice_content","reg_date","filename","filepath","pin","notice_writer",READ_COUNT) values (161,'고수 대리답변 사기 유의 안내161','공지공지공지공지공지공지','2021-12-15',null,null,1,'admin',0);
Insert into MINT.NOTICE ("notice_no","notice_title","notice_content","reg_date","filename","filepath","pin","notice_writer",READ_COUNT) values (162,'고수 대리답변 사기 유의 안내162','공지공지공지공지공지공지','2021-12-15',null,null,1,'admin',0);
Insert into MINT.NOTICE ("notice_no","notice_title","notice_content","reg_date","filename","filepath","pin","notice_writer",READ_COUNT) values (163,'고수 대리답변 사기 유의 안내163','공지공지공지공지공지공지','2021-12-15',null,null,1,'admin',0);
Insert into MINT.NOTICE ("notice_no","notice_title","notice_content","reg_date","filename","filepath","pin","notice_writer",READ_COUNT) values (164,'고수 대리답변 사기 유의 안내164','공지공지공지공지공지공지','2021-12-15',null,null,1,'admin',0);
Insert into MINT.NOTICE ("notice_no","notice_title","notice_content","reg_date","filename","filepath","pin","notice_writer",READ_COUNT) values (165,'고수 대리답변 사기 유의 안내165','공지공지공지공지공지공지','2021-12-15',null,null,1,'admin',0);
Insert into MINT.NOTICE ("notice_no","notice_title","notice_content","reg_date","filename","filepath","pin","notice_writer",READ_COUNT) values (166,'고수 대리답변 사기 유의 안내166','공지공지공지공지공지공지','2021-12-15',null,null,1,'admin',0);
Insert into MINT.NOTICE ("notice_no","notice_title","notice_content","reg_date","filename","filepath","pin","notice_writer",READ_COUNT) values (167,'고수 대리답변 사기 유의 안내167','공지공지공지공지공지공지','2021-12-15',null,null,1,'admin',0);
Insert into MINT.NOTICE ("notice_no","notice_title","notice_content","reg_date","filename","filepath","pin","notice_writer",READ_COUNT) values (168,'고수 대리답변 사기 유의 안내168','공지공지공지공지공지공지','2021-12-15',null,null,1,'admin',0);
Insert into MINT.NOTICE ("notice_no","notice_title","notice_content","reg_date","filename","filepath","pin","notice_writer",READ_COUNT) values (169,'고수 대리답변 사기 유의 안내169','공지공지공지공지공지공지','2021-12-15',null,null,1,'admin',0);
Insert into MINT.NOTICE ("notice_no","notice_title","notice_content","reg_date","filename","filepath","pin","notice_writer",READ_COUNT) values (170,'고수 대리답변 사기 유의 안내170','공지공지공지공지공지공지','2021-12-15',null,null,1,'admin',0);
Insert into MINT.NOTICE ("notice_no","notice_title","notice_content","reg_date","filename","filepath","pin","notice_writer",READ_COUNT) values (171,'고수 대리답변 사기 유의 안내171','공지공지공지공지공지공지','2021-12-15',null,null,1,'admin',0);
Insert into MINT.NOTICE ("notice_no","notice_title","notice_content","reg_date","filename","filepath","pin","notice_writer",READ_COUNT) values (172,'고수 대리답변 사기 유의 안내172','공지공지공지공지공지공지','2021-12-15',null,null,1,'admin',0);
Insert into MINT.NOTICE ("notice_no","notice_title","notice_content","reg_date","filename","filepath","pin","notice_writer",READ_COUNT) values (173,'고수 대리답변 사기 유의 안내173','공지공지공지공지공지공지','2021-12-15',null,null,1,'admin',0);
Insert into MINT.NOTICE ("notice_no","notice_title","notice_content","reg_date","filename","filepath","pin","notice_writer",READ_COUNT) values (174,'고수 대리답변 사기 유의 안내174','공지공지공지공지공지공지','2021-12-15',null,null,1,'admin',0);
Insert into MINT.NOTICE ("notice_no","notice_title","notice_content","reg_date","filename","filepath","pin","notice_writer",READ_COUNT) values (175,'고수 대리답변 사기 유의 안내175','공지공지공지공지공지공지','2021-12-15',null,null,1,'admin',0);
Insert into MINT.NOTICE ("notice_no","notice_title","notice_content","reg_date","filename","filepath","pin","notice_writer",READ_COUNT) values (176,'고수 대리답변 사기 유의 안내176','공지공지공지공지공지공지','2021-12-15',null,null,1,'admin',0);
Insert into MINT.NOTICE ("notice_no","notice_title","notice_content","reg_date","filename","filepath","pin","notice_writer",READ_COUNT) values (177,'고수 대리답변 사기 유의 안내177','공지공지공지공지공지공지','2021-12-15',null,null,1,'admin',1);
Insert into MINT.NOTICE ("notice_no","notice_title","notice_content","reg_date","filename","filepath","pin","notice_writer",READ_COUNT) values (178,'고수 대리답변 사기 유의 안내178','공지공지공지공지공지공지','2021-12-15',null,null,1,'admin',0);
Insert into MINT.NOTICE ("notice_no","notice_title","notice_content","reg_date","filename","filepath","pin","notice_writer",READ_COUNT) values (179,'고수 대리답변 사기 유의 안내179','공지공지공지공지공지공지','2021-12-15',null,null,1,'admin',1);
Insert into MINT.NOTICE ("notice_no","notice_title","notice_content","reg_date","filename","filepath","pin","notice_writer",READ_COUNT) values (180,'고수 대리답변 사기 유의 안내180','공지공지공지공지공지공지','2021-12-15',null,null,1,'admin',1);
Insert into MINT.NOTICE ("notice_no","notice_title","notice_content","reg_date","filename","filepath","pin","notice_writer",READ_COUNT) values (181,'고수 대리답변 사기 유의 안내181','공지공지공지공지공지공지','2021-12-15',null,null,1,'admin',2);
Insert into MINT.NOTICE ("notice_no","notice_title","notice_content","reg_date","filename","filepath","pin","notice_writer",READ_COUNT) values (182,'고수 대리답변 사기 유의 안내182','공지공지공지공지공지공지','2021-12-15',null,null,1,'admin',1);
Insert into MINT.NOTICE ("notice_no","notice_title","notice_content","reg_date","filename","filepath","pin","notice_writer",READ_COUNT) values (183,'고수 대리답변 사기 유의 안내183','공지공지공지공지공지공지ㄱㅇ','2021-12-15',null,null,0,'admin',3);
Insert into MINT.NOTICE ("notice_no","notice_title","notice_content","reg_date","filename","filepath","pin","notice_writer",READ_COUNT) values (184,'고수 대리답변 사기 유의 안내184','공지공지공지공지공지공공','2021-12-15',null,null,0,'admin',16);
Insert into MINT.NOTICE ("notice_no","notice_title","notice_content","reg_date","filename","filepath","pin","notice_writer",READ_COUNT) values (221,'친구 및 쪽지 서비스 종료 안내','<p>안녕하세요.
</p><p>디벨로민트 입니다.
</p><p>친구 서비스가 2021년 10월 7일 종료됨을 안내해 드립니다.
</p><p>해당 서비스는 각 영역에서 점진적으로 종료해나갈 예정입니다.
</p><p>친구: 맞팔 목록, 팔로워 목록, 팔로잉 목록, 친구요청(팔로잉) 서비스</p><p>마이페이지 내 메뉴 제거일: 2021년 9월 29일
</p><p>서비스 종료일 : 2021년 10월 7일
</p><p>쪽지 서비스 종료와 함께 체험단 당첨 안내, 회원 차단/해제, 게시글 블라인드 처리 등 관리자단에서 쪽지로 안내해 드렸던 알림 사항은 피드 등 다른 채널로 받아 보실 수 있습니다.
</p><p>감사합니다.</p><p>
</p><p> 
</p><p>
</p><p>
</p><p> 
</p><p>
</p><p>
</p><p>
</p><p> 
</p><p>
</p><p> 
</p><p>
</p><p>
</p><p>
</p><p> 
</p><p>
</p><p>
</p>','2021-12-27',null,null,2,'admin',6);
Insert into MINT.NOTICE ("notice_no","notice_title","notice_content","reg_date","filename","filepath","pin","notice_writer",READ_COUNT) values (186,'고수 대리답변 사기 유의 안내186','<p>공지공지공지공지공지공지</p><p>asdfasdf</p>','2021-12-15',null,null,0,'admin',18);
Insert into MINT.NOTICE ("notice_no","notice_title","notice_content","reg_date","filename","filepath","pin","notice_writer",READ_COUNT) values (187,'고수 대리답변 사기 유의 안내187','공지공지공지공지공지공지','2021-12-15',null,null,0,'admin',4);
Insert into MINT.NOTICE ("notice_no","notice_title","notice_content","reg_date","filename","filepath","pin","notice_writer",READ_COUNT) values (188,'고수 대리답변 사기 유의 안내188','공지공지공지공지공지공지','2021-12-15',null,null,0,'admin',6);
Insert into MINT.NOTICE ("notice_no","notice_title","notice_content","reg_date","filename","filepath","pin","notice_writer",READ_COUNT) values (189,'고수 대리답변 사기 유의 안내189','공지공지공지공지공지공지','2021-12-15',null,null,0,'admin',11);
Insert into MINT.NOTICE ("notice_no","notice_title","notice_content","reg_date","filename","filepath","pin","notice_writer",READ_COUNT) values (190,'고수 대리답변 사기 유의 안내190','공지공지공지공지공지공지','2021-12-15',null,null,1,'admin',16);
Insert into MINT.NOTICE ("notice_no","notice_title","notice_content","reg_date","filename","filepath","pin","notice_writer",READ_COUNT) values (196,'[공지] 폰테크 관련 거래 시 제재 정책 강화 안내','<p>asdfasdfasdfasdf<img src="/resources/upload/notice/KakaoTalk_20211202_165923990.jpg" style="width: 600px;"></p>','2021-12-15',null,null,0,'admin',11);
Insert into MINT.NOTICE ("notice_no","notice_title","notice_content","reg_date","filename","filepath","pin","notice_writer",READ_COUNT) values (222,'회원 등급별 혜택 개편 안내(수정1)','<p>디벨로 민트를 많이 이용한 분들께 더 큰 혜택이 돌아가도록 ''회원 등급별 혜택''을 개편하였습니다.
</p><p>9/1(수)부터 회원 등급에 따라 추가 쿠폰 혜택이 제공됩니다. 자세한 내용은 아래와 같습니다.
</p><p>■ 시행일시: 2021년 9월 1일(수요일) 0시~
</p><p>■ 변경 사항
</p><p>1. 정기 쿠폰팩 발급일 변경 및 혜택 추가
</p><p>- 변경 전: 매월 1일 2개 + 15일 1개 발급
</p><p>- 변경 후: 매월 1일 3개 + 등급별 추가 쿠폰 1개(LV 3 멤버 등급 이상) + 테라스 커피 쿠폰 2개(LV 5 실버 등급 이상) 발급
</p><p>2. [LV 3 멤버 등급 이상] 등급별 쿠폰 발급 추가
</p><p>3. [LV 5 실버 등급 이상] 무신사 테라스 커피 쿠폰 발급 추가
</p><p>개편된 회원 혜택 및 등급 쿠폰 정책은 ''마이페이지 &gt; 회원 혜택''에서도 확인 가능합니다.
</p><p>회원 등급별 쿠폰의 비용은 모두 무신사가 부담합니다. 단, 브랜드별로 할인 정책과 프로모션 진행 여부 등에 따라 쿠폰 적용이 가능하지 않을 수 있습니다.
</p><p>또한 회원 등급별 추가 쿠폰과는 별도로, 구매 금액에 따라 혜택을 제공하는 ''리워드 프로그램''을 새로 시행할 계획입니다. 회원 등급과 관계없이 프로모션 기간에 구매한 누적 금액에 따라 추가 적립금이 제공될 예정입니다. 첫 프로모션은 이번 추석 연휴에 시작되며, 이후 연중 수시로 진행됩니다.
</p><p>앞으로도 디벨로 민트를 아끼고 애용해주시는 회원분들께 더 유용한 혜택을 제공할 수 있도록 노력하겠습니다.
</p><p>감사합니다.</p><p>
</p><p>
</p><p>
</p><p>
</p><p>
</p><p>
</p><p>
</p><p>
</p><p>
</p><p>
</p><p>
</p><p>
</p><p>
</p><p>
</p><p>
</p><p>
</p><p>
</p><p>
</p><p>
</p><p>
</p><p>
</p><p>
</p><p>
</p><p>
</p><p>
</p><p>
</p><p>
</p><p>
</p><p>
</p><p>
</p><p>
</p><p>
</p><p>
</p><p>
</p><p>
</p><p>
</p><p>
</p><p>
</p><p>
</p><p>
</p><p>
</p><p>
</p><p>
</p><p>
</p><p>
</p><p>
</p><p>
</p><p>
</p><p>
</p><p>
</p><p>
</p>','2021-12-27',null,null,2,'admin',7);
Insert into MINT.NOTICE ("notice_no","notice_title","notice_content","reg_date","filename","filepath","pin","notice_writer",READ_COUNT) values (223,'닉네임 등록 정책 변경 안내','<p>안녕하세요.
</p><p>디벨로민트 입니다.
</p><p>닉네임 등록 정책이 변경되어 안내해 드립니다.
</p><p>(기존)
</p><p>&nbsp;- 입력은 최대 7자 이내
</p><p>&nbsp;- 중복 닉네임 불가
</p><p>&nbsp;- 이모티콘 사용 불가
</p><p>&nbsp;- 금칙어 불가
</p><p>&nbsp;- 닉네임의 처음과 마지막 부분 공백 사용 불가
</p><p>(변경)
</p><p>&nbsp;- 입력은 최대 15자 이내
</p><p>&nbsp;- 월 최대 4회까지만 변경 가능
</p><p>&nbsp;- 일부 특수문자 사용 불가 (&amp;, &lt;, &gt;, (, ), '', /, " 등)
</p><p>&nbsp;- 중복 닉네임 불가
</p><p>&nbsp;- 이모티콘 사용 불가
</p><p>&nbsp;- 금칙어 불가
</p><p>&nbsp;- 닉네임의 처음과 마지막 부분 공백 사용 불가
</p><p>정책 시행일 : 2021년 7월 7일
</p><p>감사합니다.</p><p>
</p><p>
</p><p>
</p><p>
</p><p>
</p><p>
</p><p>
</p><p>
</p><p>
</p>','2021-12-27',null,null,2,'admin',2);
Insert into MINT.NOTICE ("notice_no","notice_title","notice_content","reg_date","filename","filepath","pin","notice_writer",READ_COUNT) values (224,'후기 도용 관련 공지 입니다.','<p>후기 도용 관련 공지입니다.
</p><p>최근 타인의 후기를 도용하여 후기를 작성하고 적립금을 지급받는 사례들에 대한 신고가 들어오고 있습니다.
</p><p>후기를 도용한 경우 해당 카테고리의 후기 작성으로 부터 받을 수 있는 최대 적립금의 2배가 회수 조치 되며,
</p><p>1년 간 커뮤니티의 이용이 차단됩니다. 또한 적발일로부터 3개월 간, 후기 적립금 지급이 중지됩니다.
</p><p>반드시 본인이 작성(촬영물 포함)한 후기만을 등록해주시기 바랍니다.
</p><p>감사합니다.&nbsp;</p><p>
</p><p> 
</p><p>
</p><p>
</p><p> 
</p><p>
</p><p>
</p><p> 
</p><p>
</p><p>
</p><p> 
</p><p>
</p><p>
</p><p> 
</p><p>
</p>','2021-12-27',null,null,2,'admin',1);
Insert into MINT.NOTICE ("notice_no","notice_title","notice_content","reg_date","filename","filepath","pin","notice_writer",READ_COUNT) values (225,'대리구매 이용 자제를 당부드립니다.','<p>대리구매 이용 시 사기 피해가 발생될 수 있으며, 개인 정보가 노출되어 악용될 수 있습니다.
</p><p>대리구매로 발생되는 피해는 디벨롬니트에서 책임지지 않사오니 이용 자제를 당부드립니다.</p>','2021-12-27',null,null,2,'admin',3);
Insert into MINT.NOTICE ("notice_no","notice_title","notice_content","reg_date","filename","filepath","pin","notice_writer",READ_COUNT) values (226,'정책 변경에 따른 부적절한 닉네임 일괄 변경 조치 안내','<p>안녕하세요. 수정(</p><p>디벨로민트입니다.
</p><p>7월 5일에 안내한 ''닉네임 등록 정책 변경''에 따라 서비스 이용 시 부적절한 닉네임에 대한 일괄 변경 조치에 대해 안내해 드립니다.
</p><p>현재 디벨로민트는 회원의 개인정보 보호를 위해 서비스 내에 로그인 ID 노출 영역을 최소화하고 ''닉네임''을 도입하여 회원 개개인의
</p><p>식별자료로 활용하고 있습니다. 또한 더 나은 서비스 제공을 위해 닉네임 등록 정책을 강화하였습니다.
</p><p>이에 따라 그동안 허용되었던 닉네임 중 변경된 정책에 위반되는 케이스는 회원분들의 불편함을 최소화하기 위해 자동 생성 닉네임으로
</p><p>일괄 변경될 예정입니다.
</p><p>변경 대상
</p><p>- 중복 닉네임 (최초 가입자 제외)
</p><p>- 빈값 닉네임
</p><p>- 금칙어가 포함된 경우
</p><p>- 특정 특수문자가 포함된 경우 (&amp;, &lt;, &gt;, (, ), '', /, " 등)
</p><p>- 입력값이 15자를 초과한 경우
</p><p>- 처음과 마지막에 공백이 있는 경우
</p><p>변경 내용
</p><p>- 변경 대상에 해당하는 닉네임을 자동생성 닉네임으로 일괄 변경
</p><p>변경 시행일
</p><p>- 2021년 8월 12일
</p><p>변경 대상에 해당하는 회원분께는 피드 메시지와 메일로 안내해 드리겠습니다.
</p><p>앞으로도 회원의 개인 정보 보호와 더 나은 서비스 제공을 위해 최선을 다하겠습니다.
</p><p>감사합니다.</p><p>
</p><p>
</p><p>
</p><p>
</p><p>
</p><p>
</p><p>
</p><p>
</p><p>
</p><p>
</p><p>
</p><p>
</p><p>
</p><p>
</p><p>
</p><p>
</p><p>
</p><p>
</p><p>
</p><p>
</p><p>
</p><p>
</p><p>
</p><p>
</p><p>
</p><p>
</p><p>
</p><p>
</p><p>
</p><p>
</p><p>
</p><p>
</p><p>
</p><p>
</p><p>
</p>','2021-12-27',null,null,0,'admin',5);
Insert into MINT.NOTICE ("notice_no","notice_title","notice_content","reg_date","filename","filepath","pin","notice_writer",READ_COUNT) values (227,'디벨로민트의 마스코트 동구를 소개합니다','<p><img style="width: 50%;" src="/resources/upload/notice/KakaoTalk_20211204_194940240_2.jpg"><br></p>','2021-12-27',null,null,2,'admin',14);
REM INSERTING into MINT.POST
SET DEFINE OFF;
Insert into MINT.POST (DM_NO,SENDER,RECEIVER,DM_CONTENT,DM_TIME,READ_STATUS) values (62,'amthomas','gosu1','zzz','12-20 18:16:47','Y');
Insert into MINT.POST (DM_NO,SENDER,RECEIVER,DM_CONTENT,DM_TIME,READ_STATUS) values (45,'amthomas','qwerty','응애 술줘','12-20 17:31:57','Y');
Insert into MINT.POST (DM_NO,SENDER,RECEIVER,DM_CONTENT,DM_TIME,READ_STATUS) values (72,'qwerty','admin','zzz고맙!','12-20 19:43:34','Y');
Insert into MINT.POST (DM_NO,SENDER,RECEIVER,DM_CONTENT,DM_TIME,READ_STATUS) values (44,'amthomas','testda','ㅋㅋㅋㅋㅋㅋㅋㅋㅋㅋㅋㅋㅋㅋㅋㅋㅋㅋ','12-20 16:41:59','Y');
Insert into MINT.POST (DM_NO,SENDER,RECEIVER,DM_CONTENT,DM_TIME,READ_STATUS) values (46,'amthomas','qwerty','후에엥쓰','12-20 17:33:45','Y');
Insert into MINT.POST (DM_NO,SENDER,RECEIVER,DM_CONTENT,DM_TIME,READ_STATUS) values (71,'관리자','amthomas','[경고] 회원님은 현재 4회 신고 처리되었습니다. 5회 누적 시 사이트 이용이 제한됩니다.','12-20 19:23:41','Y');
Insert into MINT.POST (DM_NO,SENDER,RECEIVER,DM_CONTENT,DM_TIME,READ_STATUS) values (78,'user141','qwerty','ㅎㅇㅎㅇ','12-22 17:38:11','Y');
Insert into MINT.POST (DM_NO,SENDER,RECEIVER,DM_CONTENT,DM_TIME,READ_STATUS) values (101,'amthomas','2043525473','호호이호호이','12-28 10:57:44','Y');
Insert into MINT.POST (DM_NO,SENDER,RECEIVER,DM_CONTENT,DM_TIME,READ_STATUS) values (102,'amthomas','2043525473','ㅎㅎㅎㅎㅎㅎㅎㅎ','12-28 10:58:55','Y');
Insert into MINT.POST (DM_NO,SENDER,RECEIVER,DM_CONTENT,DM_TIME,READ_STATUS) values (73,'qwerty','admin','ㅇㅇㅇ오오오 개잘만들었다','12-20 19:43:46','Y');
Insert into MINT.POST (DM_NO,SENDER,RECEIVER,DM_CONTENT,DM_TIME,READ_STATUS) values (74,'qwerty','admin','오 뭐야 대박 완전 잘만들었네','12-20 19:44:02','Y');
Insert into MINT.POST (DM_NO,SENDER,RECEIVER,DM_CONTENT,DM_TIME,READ_STATUS) values (161,'admin','qwerty','[알림] 문의하신 1:1 Q&A에 대한 답변이 되었습니다. 답변을 확인하세요.','12-29 17:39:35','Y');
Insert into MINT.POST (DM_NO,SENDER,RECEIVER,DM_CONTENT,DM_TIME,READ_STATUS) values (75,'gosu1','amthomas','??','12-20 23:12:22','Y');
Insert into MINT.POST (DM_NO,SENDER,RECEIVER,DM_CONTENT,DM_TIME,READ_STATUS) values (162,'qwerty','admin','제가 100글자로','12-29 17:40:02','Y');
Insert into MINT.POST (DM_NO,SENDER,RECEIVER,DM_CONTENT,DM_TIME,READ_STATUS) values (79,'qwerty','user141','ㅎㅇㅎㅇ','12-22 18:46:25','N');
Insert into MINT.POST (DM_NO,SENDER,RECEIVER,DM_CONTENT,DM_TIME,READ_STATUS) values (80,'qwerty1','qwerty','ㅁㄴㅇㄻㄴㅇㄹㄴㅁㅇㄹ','12-22 19:14:03','Y');
Insert into MINT.POST (DM_NO,SENDER,RECEIVER,DM_CONTENT,DM_TIME,READ_STATUS) values (81,'qwerty','qwerty1','ㅁㄴㅇㄻㄴㅇㄹ','12-22 19:15:10','Y');
Insert into MINT.POST (DM_NO,SENDER,RECEIVER,DM_CONTENT,DM_TIME,READ_STATUS) values (82,'qwerty1','qwerty','민주화면 왜구래ㅠㅠ','12-22 19:22:00','Y');
Insert into MINT.POST (DM_NO,SENDER,RECEIVER,DM_CONTENT,DM_TIME,READ_STATUS) values (107,null,null,null,'12-28 11:54:57','N');
Insert into MINT.POST (DM_NO,SENDER,RECEIVER,DM_CONTENT,DM_TIME,READ_STATUS) values (84,'amthomas','qwerty','asdf','12-22 20:05:56','Y');
Insert into MINT.POST (DM_NO,SENDER,RECEIVER,DM_CONTENT,DM_TIME,READ_STATUS) values (86,'qwerty','amthomas','굳굳
','12-22 21:29:34','Y');
Insert into MINT.POST (DM_NO,SENDER,RECEIVER,DM_CONTENT,DM_TIME,READ_STATUS) values (163,'admin','seulgi','[구인구직] 합격하신 입사지원서가 있습니다. 마이페이지 > 입사신청 내역에서 확인하세요.','12-29 17:45:28','N');
Insert into MINT.POST (DM_NO,SENDER,RECEIVER,DM_CONTENT,DM_TIME,READ_STATUS) values (164,'amthomas','2043525473','ㅎㅇ','12-29 18:02:32','N');
Insert into MINT.POST (DM_NO,SENDER,RECEIVER,DM_CONTENT,DM_TIME,READ_STATUS) values (108,null,null,null,'12-28 11:58:32','N');
Insert into MINT.POST (DM_NO,SENDER,RECEIVER,DM_CONTENT,DM_TIME,READ_STATUS) values (90,'qwerty','admin','꺄르륵 축하해','12-23 17:27:14','Y');
Insert into MINT.POST (DM_NO,SENDER,RECEIVER,DM_CONTENT,DM_TIME,READ_STATUS) values (104,'2043525473','amthomas','안녕하세요 !!!!','12-28 11:04:37','Y');
Insert into MINT.POST (DM_NO,SENDER,RECEIVER,DM_CONTENT,DM_TIME,READ_STATUS) values (92,'amthomas','2043525473','100자를 꽉채워서 보내볼게요100자를 꽉채워서 보내볼게요100자를 꽉채워서 보내볼게요100자를 꽉채워서 보내볼게요100자를 꽉채워서 보내볼게요100자를 꽉채워서 보내볼게요100자','12-24 16:06:54','Y');
Insert into MINT.POST (DM_NO,SENDER,RECEIVER,DM_CONTENT,DM_TIME,READ_STATUS) values (105,'2043525473','amthomas','안녕하세요 !!!!222','12-28 11:04:42','Y');
Insert into MINT.POST (DM_NO,SENDER,RECEIVER,DM_CONTENT,DM_TIME,READ_STATUS) values (109,'user222','user225','지원타이틀 : 지우너 - 최종선발 되셨습니다, 지원하신 프로젝트가 모집마감되면 프로젝트가 시작되오니 참고해주시기 바랍니다.','12-28 12:05:53','N');
Insert into MINT.POST (DM_NO,SENDER,RECEIVER,DM_CONTENT,DM_TIME,READ_STATUS) values (110,null,null,null,'12-28 12:11:01','N');
Insert into MINT.POST (DM_NO,SENDER,RECEIVER,DM_CONTENT,DM_TIME,READ_STATUS) values (113,null,null,null,'12-28 12:17:35','N');
Insert into MINT.POST (DM_NO,SENDER,RECEIVER,DM_CONTENT,DM_TIME,READ_STATUS) values (116,'amthomas','2043525473','쪽지를 보내보는것','12-28 13:31:00','Y');
Insert into MINT.POST (DM_NO,SENDER,RECEIVER,DM_CONTENT,DM_TIME,READ_STATUS) values (114,null,null,null,'12-28 12:19:27','N');
Insert into MINT.POST (DM_NO,SENDER,RECEIVER,DM_CONTENT,DM_TIME,READ_STATUS) values (115,null,null,null,'12-28 12:24:33','N');
Insert into MINT.POST (DM_NO,SENDER,RECEIVER,DM_CONTENT,DM_TIME,READ_STATUS) values (117,'testda','2043525473','쪽지 teste','12-28 13:31:48','Y');
Insert into MINT.POST (DM_NO,SENDER,RECEIVER,DM_CONTENT,DM_TIME,READ_STATUS) values (118,'2043525473','testda','토미 테스트','12-28 13:32:43','N');
Insert into MINT.POST (DM_NO,SENDER,RECEIVER,DM_CONTENT,DM_TIME,READ_STATUS) values (119,'2043525473','amthomas','토미테스트','12-28 13:34:32','Y');
Insert into MINT.POST (DM_NO,SENDER,RECEIVER,DM_CONTENT,DM_TIME,READ_STATUS) values (120,'2043525473','amthomas','답장테스트입니다.','12-28 13:37:07','Y');
Insert into MINT.POST (DM_NO,SENDER,RECEIVER,DM_CONTENT,DM_TIME,READ_STATUS) values (121,'2043525473','testda','답장테스트입니다.23','12-28 13:37:11','N');
Insert into MINT.POST (DM_NO,SENDER,RECEIVER,DM_CONTENT,DM_TIME,READ_STATUS) values (122,null,null,null,'12-28 13:39:28','N');
Insert into MINT.POST (DM_NO,SENDER,RECEIVER,DM_CONTENT,DM_TIME,READ_STATUS) values (165,'user212','gosu1','안녕하세요','12-29 18:03:05','N');
Insert into MINT.POST (DM_NO,SENDER,RECEIVER,DM_CONTENT,DM_TIME,READ_STATUS) values (126,null,null,null,'12-28 13:56:40','N');
Insert into MINT.POST (DM_NO,SENDER,RECEIVER,DM_CONTENT,DM_TIME,READ_STATUS) values (127,'user225','gosu1','지원타이틀 : AbstractSingletonProxyFactoryB - 최종선발 되셨습니다, 지원하신 프로젝트가 모집마감되면 프로젝트가 시작되오니 참고해주시기 바랍니다.','12-28 13:58:22','N');
Insert into MINT.POST (DM_NO,SENDER,RECEIVER,DM_CONTENT,DM_TIME,READ_STATUS) values (129,'amthomas','2043525473','호호위','12-28 16:57:10','N');
Insert into MINT.POST (DM_NO,SENDER,RECEIVER,DM_CONTENT,DM_TIME,READ_STATUS) values (130,'admin','2043525473','대~단하시네요','12-28 16:57:59','N');
Insert into MINT.POST (DM_NO,SENDER,RECEIVER,DM_CONTENT,DM_TIME,READ_STATUS) values (131,'admin','seulgi','[구인구직] 합격하신 입사지원서가 있습니다. 마이페이지 > 입사신청 내역에서 확인하세요.','12-28 22:15:05','N');
Insert into MINT.POST (DM_NO,SENDER,RECEIVER,DM_CONTENT,DM_TIME,READ_STATUS) values (134,'admin','qwerty','[알림] 문의하신 1:1 Q&A에 대한 답변이 되었습니다. 답변을 확인하세요.','12-28 23:53:03','Y');
Insert into MINT.POST (DM_NO,SENDER,RECEIVER,DM_CONTENT,DM_TIME,READ_STATUS) values (135,'user226','user224','지원타이틀 : ddd - 최종선발 되셨습니다, 지원하신 프로젝트가 모집마감되면 프로젝트가 시작되오니 참고해주시기 바랍니다.','12-29 00:55:56','N');
Insert into MINT.POST (DM_NO,SENDER,RECEIVER,DM_CONTENT,DM_TIME,READ_STATUS) values (136,'user226','user224','지원타이틀 : ddd - 최종선발 되셨습니다, 지원하신 프로젝트가 모집마감되면 프로젝트가 시작되오니 참고해주시기 바랍니다.','12-29 00:55:59','N');
Insert into MINT.POST (DM_NO,SENDER,RECEIVER,DM_CONTENT,DM_TIME,READ_STATUS) values (137,'user226','user224','지원타이틀 : ddd - 최종선발 되셨습니다, 지원하신 프로젝트가 모집마감되면 프로젝트가 시작되오니 참고해주시기 바랍니다.','12-29 00:56:01','N');
Insert into MINT.POST (DM_NO,SENDER,RECEIVER,DM_CONTENT,DM_TIME,READ_STATUS) values (138,'user226','user224','지원타이틀 : ddd - 최종선발 되셨습니다, 지원하신 프로젝트가 모집마감되면 프로젝트가 시작되오니 참고해주시기 바랍니다.','12-29 00:56:01','N');
Insert into MINT.POST (DM_NO,SENDER,RECEIVER,DM_CONTENT,DM_TIME,READ_STATUS) values (139,'user226','user224','지원타이틀 : ddd - 최종선발 되셨습니다, 지원하신 프로젝트가 모집마감되면 프로젝트가 시작되오니 참고해주시기 바랍니다.','12-29 00:56:04','N');
Insert into MINT.POST (DM_NO,SENDER,RECEIVER,DM_CONTENT,DM_TIME,READ_STATUS) values (140,'user226','user224','지원타이틀 : ddd - 최종선발 되셨습니다, 지원하신 프로젝트가 모집마감되면 프로젝트가 시작되오니 참고해주시기 바랍니다.','12-29 00:56:04','N');
Insert into MINT.POST (DM_NO,SENDER,RECEIVER,DM_CONTENT,DM_TIME,READ_STATUS) values (141,'user226','user224','지원타이틀 : ddd - 최종선발 되셨습니다, 지원하신 프로젝트가 모집마감되면 프로젝트가 시작되오니 참고해주시기 바랍니다.','12-29 00:56:04','N');
Insert into MINT.POST (DM_NO,SENDER,RECEIVER,DM_CONTENT,DM_TIME,READ_STATUS) values (142,'user226','user224','지원타이틀 : ddd - 최종선발 되셨습니다, 지원하신 프로젝트가 모집마감되면 프로젝트가 시작되오니 참고해주시기 바랍니다.','12-29 00:56:05','N');
Insert into MINT.POST (DM_NO,SENDER,RECEIVER,DM_CONTENT,DM_TIME,READ_STATUS) values (143,'user226','user224','지원타이틀 : ddd - 최종선발 되셨습니다, 지원하신 프로젝트가 모집마감되면 프로젝트가 시작되오니 참고해주시기 바랍니다.','12-29 00:56:05','N');
REM INSERTING into MINT.PROJECT
SET DEFINE OFF;
REM INSERTING into MINT.PROJECT_DIBS
SET DEFINE OFF;
REM INSERTING into MINT.PROJECT_ENTRY
SET DEFINE OFF;
REM INSERTING into MINT.PROJECT_REVIEW
SET DEFINE OFF;
REM INSERTING into MINT.PROJECT_TEAM_MEMBER
SET DEFINE OFF;
REM INSERTING into MINT.QNA
SET DEFINE OFF;
Insert into MINT.QNA ("qna_no","member_id","category","qna_title","qna_content","reg_date","filename","filepath","qna_answer","answer_date") values (47,'qwerty',40,'안녕하세요 테스트 입니다.','안녕하세요 테스트 입니다.','2021-12-20',null,null,'ddddd그레 안녕해','2021-12-20 16:28');
Insert into MINT.QNA ("qna_no","member_id","category","qna_title","qna_content","reg_date","filename","filepath","qna_answer","answer_date") values (48,'qwerty',40,'안녕하세요 테스트 입니다.','안녕하세요 테스트 입니다.','2021-12-20',null,null,'ㅇㅇㅇㅇㅇㅇ','2021-12-20 16:29');
Insert into MINT.QNA ("qna_no","member_id","category","qna_title","qna_content","reg_date","filename","filepath","qna_answer","answer_date") values (49,'qwerty',40,'안녕하세요 테스트 입니다.','안녕하세요 테스트 입니다.','2021-12-20',null,null,'fffff','2021-12-26 20:45');
Insert into MINT.QNA ("qna_no","member_id","category","qna_title","qna_content","reg_date","filename","filepath","qna_answer","answer_date") values (50,'qwerty',40,'asdf','asdf','2021-12-20',null,null,'ㅇㅇㅇㅇㅇ','2021-12-20 16:29');
Insert into MINT.QNA ("qna_no","member_id","category","qna_title","qna_content","reg_date","filename","filepath","qna_answer","answer_date") values (51,'qwerty1',7,'안녕하세요 테스트 입니다.','아아라ㅓ이라ㅓㅁㄴ이;랴먼이랴ㅓ지;ㅑㅓ;ㅣㅁ낭우피만으림쟈덕;ㅣㅁ나어림나어리;ㅁ나얼','2021-12-20',null,null,'asdfasdf','2021-12-28 23:41');
Insert into MINT.QNA ("qna_no","member_id","category","qna_title","qna_content","reg_date","filename","filepath","qna_answer","answer_date") values (52,'admin',10,'환불해줘','빨리','2021-12-21',null,null,'안돼','2021-12-21 19:34');
Insert into MINT.QNA ("qna_no","member_id","category","qna_title","qna_content","reg_date","filename","filepath","qna_answer","answer_date") values (61,'qwerty',14,'ㅁㄴㅇㄹ','ㅁㄴㅇㄹ','2021-12-23',null,null,'ㅁㄴㅇㄻㄴㅇㄻㄴㅇㄹ','2021-12-27 00:17');
Insert into MINT.QNA ("qna_no","member_id","category","qna_title","qna_content","reg_date","filename","filepath","qna_answer","answer_date") values (83,'2043525473',10,'궁금한것이 있어요','까먹었어요','2021-12-28',null,null,'궁금한거 까먹으면 답변못드립니다만.','2021-12-28 15:57');
Insert into MINT.QNA ("qna_no","member_id","category","qna_title","qna_content","reg_date","filename","filepath","qna_answer","answer_date") values (82,'qwerty1',10,'환불해주세요','ㅁㄴㅇㄹ','2021-12-26',null,null,'응안돼 동구는 환불 못함','2021-12-26 23:23');
Insert into MINT.QNA ("qna_no","member_id","category","qna_title","qna_content","reg_date","filename","filepath","qna_answer","answer_date") values (84,'qwerty',40,'안녕하세요 테스트 입니다.','안녕하세요 테스트 입니다.','2021-12-28',null,null,'ㅁㄴㅇㄻㄴㅇㄹ','2021-12-28 23:36');
Insert into MINT.QNA ("qna_no","member_id","category","qna_title","qna_content","reg_date","filename","filepath","qna_answer","answer_date") values (28,'qwerty',40,'테스트28','테스트테스트테스트','2021-12-19',null,null,null,null);
Insert into MINT.QNA ("qna_no","member_id","category","qna_title","qna_content","reg_date","filename","filepath","qna_answer","answer_date") values (29,'qwerty',40,'테스트29','테스트테스트테스트','2021-12-19',null,null,null,null);
Insert into MINT.QNA ("qna_no","member_id","category","qna_title","qna_content","reg_date","filename","filepath","qna_answer","answer_date") values (30,'qwerty',40,'테스트30','테스트테스트테스트','2021-12-19',null,null,null,null);
Insert into MINT.QNA ("qna_no","member_id","category","qna_title","qna_content","reg_date","filename","filepath","qna_answer","answer_date") values (31,'qwerty',40,'테스트31','테스트테스트테스트','2021-12-19',null,null,null,null);
Insert into MINT.QNA ("qna_no","member_id","category","qna_title","qna_content","reg_date","filename","filepath","qna_answer","answer_date") values (33,'qwerty',40,'테스트33','테스트테스트테스트','2021-12-19',null,null,null,null);
Insert into MINT.QNA ("qna_no","member_id","category","qna_title","qna_content","reg_date","filename","filepath","qna_answer","answer_date") values (34,'qwerty',40,'테스트34','테스트테스트테스트','2021-12-19',null,null,null,null);
Insert into MINT.QNA ("qna_no","member_id","category","qna_title","qna_content","reg_date","filename","filepath","qna_answer","answer_date") values (35,'qwerty',40,'테스트35','테스트테스트테스트','2021-12-19',null,null,null,null);
Insert into MINT.QNA ("qna_no","member_id","category","qna_title","qna_content","reg_date","filename","filepath","qna_answer","answer_date") values (36,'qwerty',40,'테스트36','테스트테스트테스트','2021-12-19',null,null,'dsaf','2021-12-29 17:39');
Insert into MINT.QNA ("qna_no","member_id","category","qna_title","qna_content","reg_date","filename","filepath","qna_answer","answer_date") values (38,'qwerty',40,'테스트38','테스트테스트테스트','2021-12-19',null,null,'테스트입니다.','2021-12-28 23:53');
Insert into MINT.QNA ("qna_no","member_id","category","qna_title","qna_content","reg_date","filename","filepath","qna_answer","answer_date") values (39,'qwerty',40,'테스트39','테스트테스트테스트','2021-12-19',null,null,'테스트 테스트','2021-12-28 23:45');
Insert into MINT.QNA ("qna_no","member_id","category","qna_title","qna_content","reg_date","filename","filepath","qna_answer","answer_date") values (40,'qwerty',40,'테스트40','테스트테스트테스트','2021-12-19',null,null,'asdfasdf','2021-12-28 23:41');
Insert into MINT.QNA ("qna_no","member_id","category","qna_title","qna_content","reg_date","filename","filepath","qna_answer","answer_date") values (41,'qwerty',40,'테스트41','테스트테스트테스트','2021-12-19',null,null,'ㅎ_ㅎ','2021-12-19 21:17');
Insert into MINT.QNA ("qna_no","member_id","category","qna_title","qna_content","reg_date","filename","filepath","qna_answer","answer_date") values (42,'qwerty',40,'테스트42','테스트테스트테스트','2021-12-19',null,null,'asdfasdf
sadfasdfasdf
sadfa
sdfa
sdf
asdfasdfadfasdgasdfa
sdadfasdfsadfㅁㅇ나ㅓㄹㄴㅇㄴ아럼ㄴ아ㅓ알ㄴㅇㄹ
','2021-12-19 04:02');
Insert into MINT.QNA ("qna_no","member_id","category","qna_title","qna_content","reg_date","filename","filepath","qna_answer","answer_date") values (43,'qwerty',40,'테스트43','테스트테스트테스트','2021-12-19',null,null,'asdfasdfasdf','2021-12-19 04:01');
Insert into MINT.QNA ("qna_no","member_id","category","qna_title","qna_content","reg_date","filename","filepath","qna_answer","answer_date") values (44,'qwerty',40,'테스트44','테스트테스트테스트','2021-12-19',null,null,'test','2021-12-19 04:00');
Insert into MINT.QNA ("qna_no","member_id","category","qna_title","qna_content","reg_date","filename","filepath","qna_answer","answer_date") values (45,'qwerty',40,'테스트45','테스트테스트테스트','2021-12-19',null,null,'test','2021-12-19 01:37');
Insert into MINT.QNA ("qna_no","member_id","category","qna_title","qna_content","reg_date","filename","filepath","qna_answer","answer_date") values (46,'qwerty',40,'테스트46','테스트테스트테스트','2021-12-19',null,null,'test','2021-12-19 01:37');
REM INSERTING into MINT.REFERENCE_LINK
SET DEFINE OFF;
REM INSERTING into MINT.REPORT
SET DEFINE OFF;
Insert into MINT.REPORT (REPORT_NO,REPORTER_ID,REPORT_REASON,REPORT_ETC,COMMENT_NO,COMMENT_ID,REPORT_DATE,REPORT_STATUS,COMMENT_CONTENT,ENROLL_DATE) values (148,'admin',2,null,104,'user62','2021-12-12',5,'신고/차단 테스트 댓글','2021/12/12 02:08:02');
Insert into MINT.REPORT (REPORT_NO,REPORTER_ID,REPORT_REASON,REPORT_ETC,COMMENT_NO,COMMENT_ID,REPORT_DATE,REPORT_STATUS,COMMENT_CONTENT,ENROLL_DATE) values (149,'admin',2,null,104,'user62','2021-12-12',2,'신고/차단 테스트 댓글','2021/12/12 02:34:28');
Insert into MINT.REPORT (REPORT_NO,REPORTER_ID,REPORT_REASON,REPORT_ETC,COMMENT_NO,COMMENT_ID,REPORT_DATE,REPORT_STATUS,COMMENT_CONTENT,ENROLL_DATE) values (150,'admin',3,null,104,'user62','2021-12-12',2,'신고/차단 테스트 댓글','2021/12/12 02:12:28');
Insert into MINT.REPORT (REPORT_NO,REPORTER_ID,REPORT_REASON,REPORT_ETC,COMMENT_NO,COMMENT_ID,REPORT_DATE,REPORT_STATUS,COMMENT_CONTENT,ENROLL_DATE) values (151,'admin',4,null,104,'user62','2021-12-12',2,'신고/차단 테스트 댓글','2021/12/12 02:12:26');
Insert into MINT.REPORT (REPORT_NO,REPORTER_ID,REPORT_REASON,REPORT_ETC,COMMENT_NO,COMMENT_ID,REPORT_DATE,REPORT_STATUS,COMMENT_CONTENT,ENROLL_DATE) values (152,'admin',6,null,104,'user62','2021-12-12',2,'신고/차단 테스트 댓글','2021/12/12 02:12:24');
Insert into MINT.REPORT (REPORT_NO,REPORTER_ID,REPORT_REASON,REPORT_ETC,COMMENT_NO,COMMENT_ID,REPORT_DATE,REPORT_STATUS,COMMENT_CONTENT,ENROLL_DATE) values (153,'admin',2,null,104,'user62','2021-12-12',2,'신고/차단 테스트 댓글','2021/12/12 02:12:20');
Insert into MINT.REPORT (REPORT_NO,REPORTER_ID,REPORT_REASON,REPORT_ETC,COMMENT_NO,COMMENT_ID,REPORT_DATE,REPORT_STATUS,COMMENT_CONTENT,ENROLL_DATE) values (154,'user66',5,null,105,'user63','2021-12-12',2,'바보','2021/12/15 16:01:10');
Insert into MINT.REPORT (REPORT_NO,REPORTER_ID,REPORT_REASON,REPORT_ETC,COMMENT_NO,COMMENT_ID,REPORT_DATE,REPORT_STATUS,COMMENT_CONTENT,ENROLL_DATE) values (155,'admin',5,null,105,'user63','2021-12-12',2,'바보','2021/12/15 16:01:02');
Insert into MINT.REPORT (REPORT_NO,REPORTER_ID,REPORT_REASON,REPORT_ETC,COMMENT_NO,COMMENT_ID,REPORT_DATE,REPORT_STATUS,COMMENT_CONTENT,ENROLL_DATE) values (161,'user65',1,null,105,'user63','2021-12-15',2,'바보','2021/12/15 16:00:17');
Insert into MINT.REPORT (REPORT_NO,REPORTER_ID,REPORT_REASON,REPORT_ETC,COMMENT_NO,COMMENT_ID,REPORT_DATE,REPORT_STATUS,COMMENT_CONTENT,ENROLL_DATE) values (162,'admin',1,null,105,'user63','2021-12-15',2,'바보','2021/12/15 16:00:09');
Insert into MINT.REPORT (REPORT_NO,REPORTER_ID,REPORT_REASON,REPORT_ETC,COMMENT_NO,COMMENT_ID,REPORT_DATE,REPORT_STATUS,COMMENT_CONTENT,ENROLL_DATE) values (163,'admin',3,null,105,'user63','2021-12-15',5,'바보','2021/12/15 16:00:05');
Insert into MINT.REPORT (REPORT_NO,REPORTER_ID,REPORT_REASON,REPORT_ETC,COMMENT_NO,COMMENT_ID,REPORT_DATE,REPORT_STATUS,COMMENT_CONTENT,ENROLL_DATE) values (164,'admin',5,null,105,'user63','2021-12-15',5,'바보','2021/12/15 16:00:02');
Insert into MINT.REPORT (REPORT_NO,REPORTER_ID,REPORT_REASON,REPORT_ETC,COMMENT_NO,COMMENT_ID,REPORT_DATE,REPORT_STATUS,COMMENT_CONTENT,ENROLL_DATE) values (165,'admin',6,null,105,'user63','2021-12-15',5,'바보','2021/12/15 15:59:46');
Insert into MINT.REPORT (REPORT_NO,REPORTER_ID,REPORT_REASON,REPORT_ETC,COMMENT_NO,COMMENT_ID,REPORT_DATE,REPORT_STATUS,COMMENT_CONTENT,ENROLL_DATE) values (166,'admin',5,null,105,'user63','2021-12-16',3,'바보','2021/12/28 10:23:33');
Insert into MINT.REPORT (REPORT_NO,REPORTER_ID,REPORT_REASON,REPORT_ETC,COMMENT_NO,COMMENT_ID,REPORT_DATE,REPORT_STATUS,COMMENT_CONTENT,ENROLL_DATE) values (167,'admin',5,null,105,'user63','2021-12-16',3,'바보','2021/12/28 10:23:30');
Insert into MINT.REPORT (REPORT_NO,REPORTER_ID,REPORT_REASON,REPORT_ETC,COMMENT_NO,COMMENT_ID,REPORT_DATE,REPORT_STATUS,COMMENT_CONTENT,ENROLL_DATE) values (184,'amthomas',7,'후에에엥',233,'amthomas','2021-12-20',2,'대댓글','2021/12/20 19:03:41');
Insert into MINT.REPORT (REPORT_NO,REPORTER_ID,REPORT_REASON,REPORT_ETC,COMMENT_NO,COMMENT_ID,REPORT_DATE,REPORT_STATUS,COMMENT_CONTENT,ENROLL_DATE) values (189,'admin',1,null,237,'amthomas','2021-12-20',2,'반대여','2021/12/20 19:23:41');
Insert into MINT.REPORT (REPORT_NO,REPORTER_ID,REPORT_REASON,REPORT_ETC,COMMENT_NO,COMMENT_ID,REPORT_DATE,REPORT_STATUS,COMMENT_CONTENT,ENROLL_DATE) values (188,'admin',6,null,237,'amthomas','2021-12-20',2,'반대여','2021/12/20 19:17:42');
Insert into MINT.REPORT (REPORT_NO,REPORTER_ID,REPORT_REASON,REPORT_ETC,COMMENT_NO,COMMENT_ID,REPORT_DATE,REPORT_STATUS,COMMENT_CONTENT,ENROLL_DATE) values (185,'admin',3,null,231,'amthomas','2021-12-20',5,'응애 ','2021/12/20 19:02:24');
Insert into MINT.REPORT (REPORT_NO,REPORTER_ID,REPORT_REASON,REPORT_ETC,COMMENT_NO,COMMENT_ID,REPORT_DATE,REPORT_STATUS,COMMENT_CONTENT,ENROLL_DATE) values (190,'user141',4,null,248,'admin','2021-12-22',4,'동구짱귀여웡','2021/12/28 10:23:43');
Insert into MINT.REPORT (REPORT_NO,REPORTER_ID,REPORT_REASON,REPORT_ETC,COMMENT_NO,COMMENT_ID,REPORT_DATE,REPORT_STATUS,COMMENT_CONTENT,ENROLL_DATE) values (187,'admin',1,null,230,'admin','2021-12-20',3,'댓글 테스트','2021/12/20 19:02:12');
Insert into MINT.REPORT (REPORT_NO,REPORTER_ID,REPORT_REASON,REPORT_ETC,COMMENT_NO,COMMENT_ID,REPORT_DATE,REPORT_STATUS,COMMENT_CONTENT,ENROLL_DATE) values (191,'user61',1,null,261,'qwerty','2021-12-23',4,'ㅎㅇㅎㅇ동구에오 잘부탁해오','2021/12/28 14:05:13');
Insert into MINT.REPORT (REPORT_NO,REPORTER_ID,REPORT_REASON,REPORT_ETC,COMMENT_NO,COMMENT_ID,REPORT_DATE,REPORT_STATUS,COMMENT_CONTENT,ENROLL_DATE) values (192,'user61',5,null,105,'user63','2021-12-23',3,'바보','2021/12/23 16:00:53');
Insert into MINT.REPORT (REPORT_NO,REPORTER_ID,REPORT_REASON,REPORT_ETC,COMMENT_NO,COMMENT_ID,REPORT_DATE,REPORT_STATUS,COMMENT_CONTENT,ENROLL_DATE) values (193,'user61',5,null,272,'user61','2021-12-23',5,'어쩌구 저쩌구 심한말','2021/12/23 16:00:42');
Insert into MINT.REPORT (REPORT_NO,REPORTER_ID,REPORT_REASON,REPORT_ETC,COMMENT_NO,COMMENT_ID,REPORT_DATE,REPORT_STATUS,COMMENT_CONTENT,ENROLL_DATE) values (194,'user65',3,null,272,'user61','2021-12-23',2,'어쩌구 저쩌구 심한말','2021/12/23 16:01:14');
Insert into MINT.REPORT (REPORT_NO,REPORTER_ID,REPORT_REASON,REPORT_ETC,COMMENT_NO,COMMENT_ID,REPORT_DATE,REPORT_STATUS,COMMENT_CONTENT,ENROLL_DATE) values (195,'gosu1',5,null,272,'user61','2021-12-23',3,'어쩌구 저쩌구 심한말','2021/12/28 10:23:20');
Insert into MINT.REPORT (REPORT_NO,REPORTER_ID,REPORT_REASON,REPORT_ETC,COMMENT_NO,COMMENT_ID,REPORT_DATE,REPORT_STATUS,COMMENT_CONTENT,ENROLL_DATE) values (196,'user68',5,null,272,'user61','2021-12-23',2,'어쩌구 저쩌구 심한말','2021/12/23 16:01:00');
Insert into MINT.REPORT (REPORT_NO,REPORTER_ID,REPORT_REASON,REPORT_ETC,COMMENT_NO,COMMENT_ID,REPORT_DATE,REPORT_STATUS,COMMENT_CONTENT,ENROLL_DATE) values (197,'user99',5,null,272,'user61','2021-12-23',2,'어쩌구 저쩌구 심한말','2021/12/23 16:00:46');
Insert into MINT.REPORT (REPORT_NO,REPORTER_ID,REPORT_REASON,REPORT_ETC,COMMENT_NO,COMMENT_ID,REPORT_DATE,REPORT_STATUS,COMMENT_CONTENT,ENROLL_DATE) values (198,'amthomas',2,null,272,'user61','2021-12-24',3,'어쩌구 저쩌구 심한말','2021/12/28 10:23:17');
Insert into MINT.REPORT (REPORT_NO,REPORTER_ID,REPORT_REASON,REPORT_ETC,COMMENT_NO,COMMENT_ID,REPORT_DATE,REPORT_STATUS,COMMENT_CONTENT,ENROLL_DATE) values (199,'admin',3,null,272,'user61','2021-12-24',2,'어쩌구 저쩌구 심한말','2021/12/28 14:05:32');
Insert into MINT.REPORT (REPORT_NO,REPORTER_ID,REPORT_REASON,REPORT_ETC,COMMENT_NO,COMMENT_ID,REPORT_DATE,REPORT_STATUS,COMMENT_CONTENT,ENROLL_DATE) values (200,'admin',5,null,272,'user61','2021-12-24',3,'어쩌구 저쩌구 심한말','2021/12/28 14:05:04');
Insert into MINT.REPORT (REPORT_NO,REPORTER_ID,REPORT_REASON,REPORT_ETC,COMMENT_NO,COMMENT_ID,REPORT_DATE,REPORT_STATUS,COMMENT_CONTENT,ENROLL_DATE) values (203,'admin',7,'남KKKKKKKKKKKKKKKKKKKKKKKKKKKKKKKKKKKKKKKKKKKKKKKKKKKKKKKKKKKKKKKKK',331,'admin','2021-12-24',3,'dddddddddddfffㅎㅎ','2021/12/28 10:23:03');
Insert into MINT.REPORT (REPORT_NO,REPORTER_ID,REPORT_REASON,REPORT_ETC,COMMENT_NO,COMMENT_ID,REPORT_DATE,REPORT_STATUS,COMMENT_CONTENT,ENROLL_DATE) values (205,'admin',7,'ㅇㅇㅇㅇㅇㅇㅇㅇㅇㅇㅇㅇㅇㅇㅇㅇㄹㄴ렁ㅇㅇㅇㅇㅇㅇㅇㅇㅇㅇㅇㅇㅇㅇㅇㅇㅇㅇㅇㅇㅇㅇㅇㅇㅇㅇㅇㅇㅇㅇㅇㅇㅇㅇㅇㅇㅇㅇㅇㅇㅇㅇㅇㅇㅇㅇ',340,'amthomas','2021-12-24',2,'큰진호','2021/12/27 16:34:16');
Insert into MINT.REPORT (REPORT_NO,REPORTER_ID,REPORT_REASON,REPORT_ETC,COMMENT_NO,COMMENT_ID,REPORT_DATE,REPORT_STATUS,COMMENT_CONTENT,ENROLL_DATE) values (206,'user01',5,null,269,'user141','2021-12-25',2,'fdfdgdgdgddfefe','2021/12/28 10:21:41');
Insert into MINT.REPORT (REPORT_NO,REPORTER_ID,REPORT_REASON,REPORT_ETC,COMMENT_NO,COMMENT_ID,REPORT_DATE,REPORT_STATUS,COMMENT_CONTENT,ENROLL_DATE) values (207,'user01',4,null,346,'amthomas','2021-12-25',3,'ssssssssssssss','2021/12/28 10:21:35');
Insert into MINT.REPORT (REPORT_NO,REPORTER_ID,REPORT_REASON,REPORT_ETC,COMMENT_NO,COMMENT_ID,REPORT_DATE,REPORT_STATUS,COMMENT_CONTENT,ENROLL_DATE) values (208,'user01',4,null,346,'amthomas','2021-12-25',3,'ssssssssssssss','2021/12/28 10:20:54');
Insert into MINT.REPORT (REPORT_NO,REPORTER_ID,REPORT_REASON,REPORT_ETC,COMMENT_NO,COMMENT_ID,REPORT_DATE,REPORT_STATUS,COMMENT_CONTENT,ENROLL_DATE) values (209,'amthomas',3,'나는 나를신고한다',235,'amthomas','2021-12-25',3,'응애쓰밥버거','2021/12/28 10:20:51');
Insert into MINT.REPORT (REPORT_NO,REPORTER_ID,REPORT_REASON,REPORT_ETC,COMMENT_NO,COMMENT_ID,REPORT_DATE,REPORT_STATUS,COMMENT_CONTENT,ENROLL_DATE) values (221,'testda',6,null,381,'testda','2021-12-26',3,'수정~!!','2021/12/28 10:20:46');
Insert into MINT.REPORT (REPORT_NO,REPORTER_ID,REPORT_REASON,REPORT_ETC,COMMENT_NO,COMMENT_ID,REPORT_DATE,REPORT_STATUS,COMMENT_CONTENT,ENROLL_DATE) values (222,'testda',2,null,266,'testda4','2021-12-26',2,'asdas','2021/12/28 10:20:40');
Insert into MINT.REPORT (REPORT_NO,REPORTER_ID,REPORT_REASON,REPORT_ETC,COMMENT_NO,COMMENT_ID,REPORT_DATE,REPORT_STATUS,COMMENT_CONTENT,ENROLL_DATE) values (223,'testda',5,null,266,'testda4','2021-12-26',2,'asdas','2021/12/28 10:20:35');
Insert into MINT.REPORT (REPORT_NO,REPORTER_ID,REPORT_REASON,REPORT_ETC,COMMENT_NO,COMMENT_ID,REPORT_DATE,REPORT_STATUS,COMMENT_CONTENT,ENROLL_DATE) values (224,'user01',5,null,408,'user209','2021-12-28',1,'이딴걸 누가해',null);
Insert into MINT.REPORT (REPORT_NO,REPORTER_ID,REPORT_REASON,REPORT_ETC,COMMENT_NO,COMMENT_ID,REPORT_DATE,REPORT_STATUS,COMMENT_CONTENT,ENROLL_DATE) values (225,'user68',5,null,408,'user209','2021-12-28',1,'이딴걸 누가해',null);
Insert into MINT.REPORT (REPORT_NO,REPORTER_ID,REPORT_REASON,REPORT_ETC,COMMENT_NO,COMMENT_ID,REPORT_DATE,REPORT_STATUS,COMMENT_CONTENT,ENROLL_DATE) values (226,'gosu1',5,null,408,'user209','2021-12-28',1,'이딴걸 누가해',null);
Insert into MINT.REPORT (REPORT_NO,REPORTER_ID,REPORT_REASON,REPORT_ETC,COMMENT_NO,COMMENT_ID,REPORT_DATE,REPORT_STATUS,COMMENT_CONTENT,ENROLL_DATE) values (227,'testda3',1,null,408,'user209','2021-12-28',2,'이딴걸 누가해','2021/12/28 14:04:58');
Insert into MINT.REPORT (REPORT_NO,REPORTER_ID,REPORT_REASON,REPORT_ETC,COMMENT_NO,COMMENT_ID,REPORT_DATE,REPORT_STATUS,COMMENT_CONTENT,ENROLL_DATE) values (228,'admin',5,null,105,'user63','2021-12-28',1,'바보',null);
Insert into MINT.REPORT (REPORT_NO,REPORTER_ID,REPORT_REASON,REPORT_ETC,COMMENT_NO,COMMENT_ID,REPORT_DATE,REPORT_STATUS,COMMENT_CONTENT,ENROLL_DATE) values (229,'user209',4,null,351,'seulgi','2021-12-28',1,'ㅎㅇㅎㅇ ㅋㅋ',null);
Insert into MINT.REPORT (REPORT_NO,REPORTER_ID,REPORT_REASON,REPORT_ETC,COMMENT_NO,COMMENT_ID,REPORT_DATE,REPORT_STATUS,COMMENT_CONTENT,ENROLL_DATE) values (230,'user209',3,null,248,'admin','2021-12-28',1,'동구짱귀여웡',null);
Insert into MINT.REPORT (REPORT_NO,REPORTER_ID,REPORT_REASON,REPORT_ETC,COMMENT_NO,COMMENT_ID,REPORT_DATE,REPORT_STATUS,COMMENT_CONTENT,ENROLL_DATE) values (231,'user209',3,null,349,'user01','2021-12-28',1,'ddddddddddddd',null);
Insert into MINT.REPORT (REPORT_NO,REPORTER_ID,REPORT_REASON,REPORT_ETC,COMMENT_NO,COMMENT_ID,REPORT_DATE,REPORT_STATUS,COMMENT_CONTENT,ENROLL_DATE) values (232,'user226',4,null,406,'user226','2021-12-28',1,'편하게 지원해주세용',null);
Insert into MINT.REPORT (REPORT_NO,REPORTER_ID,REPORT_REASON,REPORT_ETC,COMMENT_NO,COMMENT_ID,REPORT_DATE,REPORT_STATUS,COMMENT_CONTENT,ENROLL_DATE) values (233,'user222',3,null,424,'user226','2021-12-28',1,'안녕하세요!',null);
Insert into MINT.REPORT (REPORT_NO,REPORTER_ID,REPORT_REASON,REPORT_ETC,COMMENT_NO,COMMENT_ID,REPORT_DATE,REPORT_STATUS,COMMENT_CONTENT,ENROLL_DATE) values (234,'user223',2,null,426,'user223','2021-12-28',1,'ghghghg',null);
Insert into MINT.REPORT (REPORT_NO,REPORTER_ID,REPORT_REASON,REPORT_ETC,COMMENT_NO,COMMENT_ID,REPORT_DATE,REPORT_STATUS,COMMENT_CONTENT,ENROLL_DATE) values (235,'user223',5,null,426,'user223','2021-12-28',1,'ghghghg',null);
Insert into MINT.REPORT (REPORT_NO,REPORTER_ID,REPORT_REASON,REPORT_ETC,COMMENT_NO,COMMENT_ID,REPORT_DATE,REPORT_STATUS,COMMENT_CONTENT,ENROLL_DATE) values (236,'user185',5,null,423,'amthomas','2021-12-28',1,'내회사는 쓰레기야',null);
Insert into MINT.REPORT (REPORT_NO,REPORTER_ID,REPORT_REASON,REPORT_ETC,COMMENT_NO,COMMENT_ID,REPORT_DATE,REPORT_STATUS,COMMENT_CONTENT,ENROLL_DATE) values (237,'user185',7,'허위신고 ㅋ-ㅋ',431,'user185','2021-12-28',1,'gdgdaaaa',null);
Insert into MINT.REPORT (REPORT_NO,REPORTER_ID,REPORT_REASON,REPORT_ETC,COMMENT_NO,COMMENT_ID,REPORT_DATE,REPORT_STATUS,COMMENT_CONTENT,ENROLL_DATE) values (238,'user226',2,null,435,'user226','2021-12-28',1,'안녕하세요',null);
Insert into MINT.REPORT (REPORT_NO,REPORTER_ID,REPORT_REASON,REPORT_ETC,COMMENT_NO,COMMENT_ID,REPORT_DATE,REPORT_STATUS,COMMENT_CONTENT,ENROLL_DATE) values (239,'seulgi',7,'신고야 제발 돼주세용 ㅜ_ㅜ',423,'amthomas','2021-12-28',1,'내회사는 쓰레기야',null);
Insert into MINT.REPORT (REPORT_NO,REPORTER_ID,REPORT_REASON,REPORT_ETC,COMMENT_NO,COMMENT_ID,REPORT_DATE,REPORT_STATUS,COMMENT_CONTENT,ENROLL_DATE) values (240,'seulgi',4,null,402,'user185','2021-12-28',1,'인증된 회원만 작성가능',null);
Insert into MINT.REPORT (REPORT_NO,REPORTER_ID,REPORT_REASON,REPORT_ETC,COMMENT_NO,COMMENT_ID,REPORT_DATE,REPORT_STATUS,COMMENT_CONTENT,ENROLL_DATE) values (241,'seulgi',1,null,431,'user185','2021-12-28',1,'gdgdaaaa',null);
Insert into MINT.REPORT (REPORT_NO,REPORTER_ID,REPORT_REASON,REPORT_ETC,COMMENT_NO,COMMENT_ID,REPORT_DATE,REPORT_STATUS,COMMENT_CONTENT,ENROLL_DATE) values (242,'admin',3,null,435,'user226','2021-12-28',1,'안녕하세요',null);
Insert into MINT.REPORT (REPORT_NO,REPORTER_ID,REPORT_REASON,REPORT_ETC,COMMENT_NO,COMMENT_ID,REPORT_DATE,REPORT_STATUS,COMMENT_CONTENT,ENROLL_DATE) values (243,'admin',5,null,423,'amthomas','2021-12-28',1,'내회사는 쓰레기야',null);
Insert into MINT.REPORT (REPORT_NO,REPORTER_ID,REPORT_REASON,REPORT_ETC,COMMENT_NO,COMMENT_ID,REPORT_DATE,REPORT_STATUS,COMMENT_CONTENT,ENROLL_DATE) values (261,'amthomas',5,null,442,'amthomas','2021-12-29',1,'굿굿',null);
REM INSERTING into MINT.RESUME
SET DEFINE OFF;
Insert into MINT.RESUME (RESUME_NO,MEMBER_NO,RESUME_TITLE,ADUCATION,SCHOOL_NAME,SCHOOL_LOCAL,SCHOOL_START,SCHOOL_END,MAJOR,CAREER,ACTIVITY,ACTIVITY_PLACE,ACTIVITY_START,ACTIVITY_END,ACTIVITY_CONTENT,CERTI_NAME,CERTI_ISSUE,CERTI_PASS,CERTI_DATE,MY_TECH,VETERANS,MILITARY,SELFINTRO_NAME,SELFINTRO_CONTENT,WORK_FORM,MONEY,WORK_PLACE,WRITE_DATE,CEO_RESUME) values (1,1,'열심히 하겠슴니다.',4,'KH대학교','영등포','2021   ','2022   ','2',1,null,null,null,null,null,'밥먹기자격증','광명',3,'2021   ','oracle',1,4,'안녕하세요 잘부탁드려요','광명에 사는 24살 이슬기',1,1,'광명','2021-12-03',0);
Insert into MINT.RESUME (RESUME_NO,MEMBER_NO,RESUME_TITLE,ADUCATION,SCHOOL_NAME,SCHOOL_LOCAL,SCHOOL_START,SCHOOL_END,MAJOR,CAREER,ACTIVITY,ACTIVITY_PLACE,ACTIVITY_START,ACTIVITY_END,ACTIVITY_CONTENT,CERTI_NAME,CERTI_ISSUE,CERTI_PASS,CERTI_DATE,MY_TECH,VETERANS,MILITARY,SELFINTRO_NAME,SELFINTRO_CONTENT,WORK_FORM,MONEY,WORK_PLACE,WRITE_DATE,CEO_RESUME) values (2,1,'이력서 제목입니다. 테스트테스트',4,'슬기대학교','경기도 광명시','2021-01','2021-02','1',2,1,'KH정보교육원','2021-01','2021-02','공부','정보처리기사','서울',3,'2021-12',null,1,3,'안녕제목','123',4,3,'서울','2021-12-03',0);
Insert into MINT.RESUME (RESUME_NO,MEMBER_NO,RESUME_TITLE,ADUCATION,SCHOOL_NAME,SCHOOL_LOCAL,SCHOOL_START,SCHOOL_END,MAJOR,CAREER,ACTIVITY,ACTIVITY_PLACE,ACTIVITY_START,ACTIVITY_END,ACTIVITY_CONTENT,CERTI_NAME,CERTI_ISSUE,CERTI_PASS,CERTI_DATE,MY_TECH,VETERANS,MILITARY,SELFINTRO_NAME,SELFINTRO_CONTENT,WORK_FORM,MONEY,WORK_PLACE,WRITE_DATE,CEO_RESUME) values (16,1,'이력서 제목수정 테스트',4,'KH대학교','부산','2020-01','2020-06','1',1,1,'이마트','2021-01','2021-02','카트라이더','밥먹기','우리집',3,'2021-02','java',1,4,'1234','1234',1,7,'광명','2021-12-04',0);
Insert into MINT.RESUME (RESUME_NO,MEMBER_NO,RESUME_TITLE,ADUCATION,SCHOOL_NAME,SCHOOL_LOCAL,SCHOOL_START,SCHOOL_END,MAJOR,CAREER,ACTIVITY,ACTIVITY_PLACE,ACTIVITY_START,ACTIVITY_END,ACTIVITY_CONTENT,CERTI_NAME,CERTI_ISSUE,CERTI_PASS,CERTI_DATE,MY_TECH,VETERANS,MILITARY,SELFINTRO_NAME,SELFINTRO_CONTENT,WORK_FORM,MONEY,WORK_PLACE,WRITE_DATE,CEO_RESUME) values (102,1,'이력서관리페이지 reqPage=2 테스트',1,'gdgd초등학교','경기도 광명시','2021-01','2021-02','0',1,0,null,null,null,null,null,null,0,null,null,1,1,null,null,5,6,'충북','2021-12-22',1);
Insert into MINT.RESUME (RESUME_NO,MEMBER_NO,RESUME_TITLE,ADUCATION,SCHOOL_NAME,SCHOOL_LOCAL,SCHOOL_START,SCHOOL_END,MAJOR,CAREER,ACTIVITY,ACTIVITY_PLACE,ACTIVITY_START,ACTIVITY_END,ACTIVITY_CONTENT,CERTI_NAME,CERTI_ISSUE,CERTI_PASS,CERTI_DATE,MY_TECH,VETERANS,MILITARY,SELFINTRO_NAME,SELFINTRO_CONTENT,WORK_FORM,MONEY,WORK_PLACE,WRITE_DATE,CEO_RESUME) values (45,1,'안녕하세요 이력서 제목입니다.',2,'KH중학교','서울','2021-01','2021-06','0',2,0,null,null,null,null,null,null,0,null,null,1,1,null,null,1,3,'서울','2021-12-10',0);
Insert into MINT.RESUME (RESUME_NO,MEMBER_NO,RESUME_TITLE,ADUCATION,SCHOOL_NAME,SCHOOL_LOCAL,SCHOOL_START,SCHOOL_END,MAJOR,CAREER,ACTIVITY,ACTIVITY_PLACE,ACTIVITY_START,ACTIVITY_END,ACTIVITY_CONTENT,CERTI_NAME,CERTI_ISSUE,CERTI_PASS,CERTI_DATE,MY_TECH,VETERANS,MILITARY,SELFINTRO_NAME,SELFINTRO_CONTENT,WORK_FORM,MONEY,WORK_PLACE,WRITE_DATE,CEO_RESUME) values (101,5,'안녕하세요 화이팅@',4,'KH대학교','서울','2021-01','2021-02','2',1,0,null,null,null,null,null,null,0,null,null,1,1,null,null,1,1,'가산디지털단지','2021-12-21',1);
Insert into MINT.RESUME (RESUME_NO,MEMBER_NO,RESUME_TITLE,ADUCATION,SCHOOL_NAME,SCHOOL_LOCAL,SCHOOL_START,SCHOOL_END,MAJOR,CAREER,ACTIVITY,ACTIVITY_PLACE,ACTIVITY_START,ACTIVITY_END,ACTIVITY_CONTENT,CERTI_NAME,CERTI_ISSUE,CERTI_PASS,CERTI_DATE,MY_TECH,VETERANS,MILITARY,SELFINTRO_NAME,SELFINTRO_CONTENT,WORK_FORM,MONEY,WORK_PLACE,WRITE_DATE,CEO_RESUME) values (104,67,'이력서!!!!!!!',1,'용현초등학교','인천','2016-03','2021-02','0',1,0,null,null,null,null,null,null,0,null,null,1,1,'이력서','안녕하세요?
뽑아주세요.',1,7,'서울','2021-12-23',1);
Insert into MINT.RESUME (RESUME_NO,MEMBER_NO,RESUME_TITLE,ADUCATION,SCHOOL_NAME,SCHOOL_LOCAL,SCHOOL_START,SCHOOL_END,MAJOR,CAREER,ACTIVITY,ACTIVITY_PLACE,ACTIVITY_START,ACTIVITY_END,ACTIVITY_CONTENT,CERTI_NAME,CERTI_ISSUE,CERTI_PASS,CERTI_DATE,MY_TECH,VETERANS,MILITARY,SELFINTRO_NAME,SELFINTRO_CONTENT,WORK_FORM,MONEY,WORK_PLACE,WRITE_DATE,CEO_RESUME) values (125,6,'testda 이력서 제목 ㅎㅇㅎㅇ',4,'java대학교','충남','2016-02','2019-03','2',1,0,null,null,null,null,null,null,0,null,null,1,1,null,null,1,1,'충남','2021-12-27',1);
Insert into MINT.RESUME (RESUME_NO,MEMBER_NO,RESUME_TITLE,ADUCATION,SCHOOL_NAME,SCHOOL_LOCAL,SCHOOL_START,SCHOOL_END,MAJOR,CAREER,ACTIVITY,ACTIVITY_PLACE,ACTIVITY_START,ACTIVITY_END,ACTIVITY_CONTENT,CERTI_NAME,CERTI_ISSUE,CERTI_PASS,CERTI_DATE,MY_TECH,VETERANS,MILITARY,SELFINTRO_NAME,SELFINTRO_CONTENT,WORK_FORM,MONEY,WORK_PLACE,WRITE_DATE,CEO_RESUME) values (126,206,'성실한 개발자 김부캐입니다.',4,'명지전문대학교','서울','2014-03','2020-02','0',1,0,null,null,null,null,null,null,0,null,null,1,1,'열심히 하는 개발자 입니다.',null,1,1,'서울','2021-12-28',1);
Insert into MINT.RESUME (RESUME_NO,MEMBER_NO,RESUME_TITLE,ADUCATION,SCHOOL_NAME,SCHOOL_LOCAL,SCHOOL_START,SCHOOL_END,MAJOR,CAREER,ACTIVITY,ACTIVITY_PLACE,ACTIVITY_START,ACTIVITY_END,ACTIVITY_CONTENT,CERTI_NAME,CERTI_ISSUE,CERTI_PASS,CERTI_DATE,MY_TECH,VETERANS,MILITARY,SELFINTRO_NAME,SELFINTRO_CONTENT,WORK_FORM,MONEY,WORK_PLACE,WRITE_DATE,CEO_RESUME) values (127,209,'user209의 이력서입니다.',3,'인성여고','인천','2018-03','2021-02','0',1,0,null,null,null,null,null,null,0,null,null,1,1,'안녕하세요','안녕하세요 뽑아주세요 ',1,7,'인천','2021-12-28',1);
Insert into MINT.RESUME (RESUME_NO,MEMBER_NO,RESUME_TITLE,ADUCATION,SCHOOL_NAME,SCHOOL_LOCAL,SCHOOL_START,SCHOOL_END,MAJOR,CAREER,ACTIVITY,ACTIVITY_PLACE,ACTIVITY_START,ACTIVITY_END,ACTIVITY_CONTENT,CERTI_NAME,CERTI_ISSUE,CERTI_PASS,CERTI_DATE,MY_TECH,VETERANS,MILITARY,SELFINTRO_NAME,SELFINTRO_CONTENT,WORK_FORM,MONEY,WORK_PLACE,WRITE_DATE,CEO_RESUME) values (29,1,'이력서 제목 테스트용',4,'KH대학교','부산','2021-01','2021-02','1',1,4,'KH','2021-01','2021-02','웹개발','2종보통','서울',3,'2021-03',null,1,4,'안녕하세요 테스트','테스트테스트',1,4,'광명','2021-12-07',0);
Insert into MINT.RESUME (RESUME_NO,MEMBER_NO,RESUME_TITLE,ADUCATION,SCHOOL_NAME,SCHOOL_LOCAL,SCHOOL_START,SCHOOL_END,MAJOR,CAREER,ACTIVITY,ACTIVITY_PLACE,ACTIVITY_START,ACTIVITY_END,ACTIVITY_CONTENT,CERTI_NAME,CERTI_ISSUE,CERTI_PASS,CERTI_DATE,MY_TECH,VETERANS,MILITARY,SELFINTRO_NAME,SELFINTRO_CONTENT,WORK_FORM,MONEY,WORK_PLACE,WRITE_DATE,CEO_RESUME) values (128,109,'김진호님의 이력서 입니다.',4,'월정초등학교','서울','2021-02','2021-07','0',0,0,null,null,null,null,null,null,0,null,null,1,1,'하하','호호
노래도 가능합니다.',1,1,'서울','2021-12-28',1);
Insert into MINT.RESUME (RESUME_NO,MEMBER_NO,RESUME_TITLE,ADUCATION,SCHOOL_NAME,SCHOOL_LOCAL,SCHOOL_START,SCHOOL_END,MAJOR,CAREER,ACTIVITY,ACTIVITY_PLACE,ACTIVITY_START,ACTIVITY_END,ACTIVITY_CONTENT,CERTI_NAME,CERTI_ISSUE,CERTI_PASS,CERTI_DATE,MY_TECH,VETERANS,MILITARY,SELFINTRO_NAME,SELFINTRO_CONTENT,WORK_FORM,MONEY,WORK_PLACE,WRITE_DATE,CEO_RESUME) values (131,231,'협업을 중시하는 개발자가 되겠습니다.',4,'성결대학교','경기도 안양','2017-03','2022-02','1',1,3,null,'2020-03','2020-06','봉사활동','2종보통','서울지방경찰청',0,'2021-03','#java #oracle #Ajax',1,1,'안녕하십니까. 영업 직무 지원자 이슬기입니다.','안녕하십니까. 영업 직무 지원자 이슬기입니다. 저는 긍정적인 성격과 도전정신으로 소개하고자 합니다. 지난해, 한 학기를 남겨놓고 해외에서 일해보고 싶다는 목표가 생겼습니다. 이에 이력서 한 장과 한 달치 생활비만 가지고 아일랜드로 떠났습니다. 긍정적인 성격으로 외국인들과 금방 친해질 수 있었고, 직접 발로 뛰며 열정을 보여드렸습니다.그 결과 현지의 무역 사무소에서 6개월간 근무할 수 있었습니다. 문화와 업무방식이 우리와 달라 힘든 면도 있었지만, 저의 긍정적인 성격과 커뮤니케이션 정신을 발휘하여 극복할 수 있었습니다.',1,1,'서울','2021-12-28',1);
Insert into MINT.RESUME (RESUME_NO,MEMBER_NO,RESUME_TITLE,ADUCATION,SCHOOL_NAME,SCHOOL_LOCAL,SCHOOL_START,SCHOOL_END,MAJOR,CAREER,ACTIVITY,ACTIVITY_PLACE,ACTIVITY_START,ACTIVITY_END,ACTIVITY_CONTENT,CERTI_NAME,CERTI_ISSUE,CERTI_PASS,CERTI_DATE,MY_TECH,VETERANS,MILITARY,SELFINTRO_NAME,SELFINTRO_CONTENT,WORK_FORM,MONEY,WORK_PLACE,WRITE_DATE,CEO_RESUME) values (132,32,'안녕하세오 동구에오 전 뭐든지할수있어오',4,'동구고등학교','서울','2021-11','2021-12','2',1,3,null,null,null,null,null,null,0,null,null,1,1,'안녕하세오 동구에오 전 뭐든할수있어오','안녕하세오 동구에오 전 뭐든할수있어오',1,5,'서울','2021-12-29',1);
Insert into MINT.RESUME (RESUME_NO,MEMBER_NO,RESUME_TITLE,ADUCATION,SCHOOL_NAME,SCHOOL_LOCAL,SCHOOL_START,SCHOOL_END,MAJOR,CAREER,ACTIVITY,ACTIVITY_PLACE,ACTIVITY_START,ACTIVITY_END,ACTIVITY_CONTENT,CERTI_NAME,CERTI_ISSUE,CERTI_PASS,CERTI_DATE,MY_TECH,VETERANS,MILITARY,SELFINTRO_NAME,SELFINTRO_CONTENT,WORK_FORM,MONEY,WORK_PLACE,WRITE_DATE,CEO_RESUME) values (133,241,'이력서 작성',4,'대학교','서울','2021-06','2021-12','3',2,5,'ABCD','2021-07','2021-12','믹스커피 제작',null,null,0,null,null,1,1,null,null,1,7,'울릉도','2021-12-29',1);
Insert into MINT.RESUME (RESUME_NO,MEMBER_NO,RESUME_TITLE,ADUCATION,SCHOOL_NAME,SCHOOL_LOCAL,SCHOOL_START,SCHOOL_END,MAJOR,CAREER,ACTIVITY,ACTIVITY_PLACE,ACTIVITY_START,ACTIVITY_END,ACTIVITY_CONTENT,CERTI_NAME,CERTI_ISSUE,CERTI_PASS,CERTI_DATE,MY_TECH,VETERANS,MILITARY,SELFINTRO_NAME,SELFINTRO_CONTENT,WORK_FORM,MONEY,WORK_PLACE,WRITE_DATE,CEO_RESUME) values (134,212,'이력서',4,'서울에있는대학교','서울','2022-07','2021-11','0',1,1,null,null,null,null,null,null,0,null,null,1,1,null,null,2,2,'서울','2021-12-29',0);
REM INSERTING into MINT.SHARE_BOARD
SET DEFINE OFF;
Insert into MINT.SHARE_BOARD (BOARD_NO,MEMBER_NO,BOARD_TITLE,BOARD_CONTENT,BOARD_TYPE,REG_DATE,FILENAME,FILEPATH,READ_COUNT) values (21,109,'빙빙돌아갈까?zz','<p>회전목마처럼<img style="width: 600px;" src="/resources/upload/share/KakaoTalk_20211202_165923990.jpg">~~~~~~</p>',4,'2021-12-19 12:49:32','KakaoTalk_20211202_165923990.jpg','KakaoTalk_20211202_165923990_3.jpg',49);
Insert into MINT.SHARE_BOARD (BOARD_NO,MEMBER_NO,BOARD_TITLE,BOARD_CONTENT,BOARD_TYPE,REG_DATE,FILENAME,FILEPATH,READ_COUNT) values (23,32,'있잖아요 오늘 많이 힘들어요 저는 오늘 할수있을까요','<p><img src="/resources/upload/share/KakaoTalk_20211204_194940240.jpg" style="width: 50%;"></p><p><br></p><p>사진이나 봐버렷</p>',1,'2021-12-20 17:11:30',null,null,100);
Insert into MINT.SHARE_BOARD (BOARD_NO,MEMBER_NO,BOARD_TITLE,BOARD_CONTENT,BOARD_TYPE,REG_DATE,FILENAME,FILEPATH,READ_COUNT) values (6,109,'사랑이란..','<p>헌신하는것..</p>',3,'2021-12-15 17:46:06',null,null,385);
Insert into MINT.SHARE_BOARD (BOARD_NO,MEMBER_NO,BOARD_TITLE,BOARD_CONTENT,BOARD_TYPE,REG_DATE,FILENAME,FILEPATH,READ_COUNT) values (22,109,'zaaa','<p>zzzz</p>',3,'2021-12-19 21:25:27','KakaoTalk_20211202_165923990.jpg','KakaoTalk_20211202_165923990_2.jpg',33);
Insert into MINT.SHARE_BOARD (BOARD_NO,MEMBER_NO,BOARD_TITLE,BOARD_CONTENT,BOARD_TYPE,REG_DATE,FILENAME,FILEPATH,READ_COUNT) values (12,109,'반가워요','<p>소통해요</p>',3,'2021-12-16 17:45:56',null,null,57);
Insert into MINT.SHARE_BOARD (BOARD_NO,MEMBER_NO,BOARD_TITLE,BOARD_CONTENT,BOARD_TYPE,REG_DATE,FILENAME,FILEPATH,READ_COUNT) values (49,1,'삶이 힘드네요','<p>안녕</p>',1,'2021-12-28 13:52:12',null,null,15);
Insert into MINT.SHARE_BOARD (BOARD_NO,MEMBER_NO,BOARD_TITLE,BOARD_CONTENT,BOARD_TYPE,REG_DATE,FILENAME,FILEPATH,READ_COUNT) values (52,35,'비둘기공원에서 코딩해도 되나요?','<p>듣다가 귀를 잃었는데 보험청구는 어떻게 해야하나요<br></p>',1,'2021-12-28 18:14:56',null,null,18);
Insert into MINT.SHARE_BOARD (BOARD_NO,MEMBER_NO,BOARD_TITLE,BOARD_CONTENT,BOARD_TYPE,REG_DATE,FILENAME,FILEPATH,READ_COUNT) values (62,241,'글작성','글작성함',2,'2021-12-29 18:05:15',null,null,0);
REM INSERTING into MINT.SHORTCUTS
SET DEFINE OFF;
REM INSERTING into MINT.TASK
SET DEFINE OFF;
REM INSERTING into MINT.TASK_SHORTCUTS
SET DEFINE OFF;
REM INSERTING into MINT.USE_DEVELOP_LANGUAGE
SET DEFINE OFF;
REM INSERTING into MINT.USE_PROJECT_LANGUAGE
SET DEFINE OFF;
Insert into MINT.USE_PROJECT_LANGUAGE (USE_PROJECT_LANG_NO,PROJECT_NO,LANGUAGE_NO) values (1,5,23);
Insert into MINT.USE_PROJECT_LANGUAGE (USE_PROJECT_LANG_NO,PROJECT_NO,LANGUAGE_NO) values (2,5,22);
Insert into MINT.USE_PROJECT_LANGUAGE (USE_PROJECT_LANG_NO,PROJECT_NO,LANGUAGE_NO) values (3,5,16);
Insert into MINT.USE_PROJECT_LANGUAGE (USE_PROJECT_LANG_NO,PROJECT_NO,LANGUAGE_NO) values (4,6,17);
Insert into MINT.USE_PROJECT_LANGUAGE (USE_PROJECT_LANG_NO,PROJECT_NO,LANGUAGE_NO) values (5,6,18);
Insert into MINT.USE_PROJECT_LANGUAGE (USE_PROJECT_LANG_NO,PROJECT_NO,LANGUAGE_NO) values (6,6,23);
Insert into MINT.USE_PROJECT_LANGUAGE (USE_PROJECT_LANG_NO,PROJECT_NO,LANGUAGE_NO) values (7,16,16);
Insert into MINT.USE_PROJECT_LANGUAGE (USE_PROJECT_LANG_NO,PROJECT_NO,LANGUAGE_NO) values (8,16,23);
Insert into MINT.USE_PROJECT_LANGUAGE (USE_PROJECT_LANG_NO,PROJECT_NO,LANGUAGE_NO) values (9,16,22);
Insert into MINT.USE_PROJECT_LANGUAGE (USE_PROJECT_LANG_NO,PROJECT_NO,LANGUAGE_NO) values (10,17,16);
Insert into MINT.USE_PROJECT_LANGUAGE (USE_PROJECT_LANG_NO,PROJECT_NO,LANGUAGE_NO) values (11,17,23);
Insert into MINT.USE_PROJECT_LANGUAGE (USE_PROJECT_LANG_NO,PROJECT_NO,LANGUAGE_NO) values (12,17,22);
Insert into MINT.USE_PROJECT_LANGUAGE (USE_PROJECT_LANG_NO,PROJECT_NO,LANGUAGE_NO) values (13,18,16);
Insert into MINT.USE_PROJECT_LANGUAGE (USE_PROJECT_LANG_NO,PROJECT_NO,LANGUAGE_NO) values (14,18,23);
Insert into MINT.USE_PROJECT_LANGUAGE (USE_PROJECT_LANG_NO,PROJECT_NO,LANGUAGE_NO) values (15,18,22);
Insert into MINT.USE_PROJECT_LANGUAGE (USE_PROJECT_LANG_NO,PROJECT_NO,LANGUAGE_NO) values (16,19,25);
Insert into MINT.USE_PROJECT_LANGUAGE (USE_PROJECT_LANG_NO,PROJECT_NO,LANGUAGE_NO) values (17,19,28);
Insert into MINT.USE_PROJECT_LANGUAGE (USE_PROJECT_LANG_NO,PROJECT_NO,LANGUAGE_NO) values (18,19,26);
Insert into MINT.USE_PROJECT_LANGUAGE (USE_PROJECT_LANG_NO,PROJECT_NO,LANGUAGE_NO) values (84,82,20);
Insert into MINT.USE_PROJECT_LANGUAGE (USE_PROJECT_LANG_NO,PROJECT_NO,LANGUAGE_NO) values (85,82,25);
Insert into MINT.USE_PROJECT_LANGUAGE (USE_PROJECT_LANG_NO,PROJECT_NO,LANGUAGE_NO) values (86,82,26);
Insert into MINT.USE_PROJECT_LANGUAGE (USE_PROJECT_LANG_NO,PROJECT_NO,LANGUAGE_NO) values (22,21,16);
Insert into MINT.USE_PROJECT_LANGUAGE (USE_PROJECT_LANG_NO,PROJECT_NO,LANGUAGE_NO) values (23,21,23);
Insert into MINT.USE_PROJECT_LANGUAGE (USE_PROJECT_LANG_NO,PROJECT_NO,LANGUAGE_NO) values (24,21,22);
Insert into MINT.USE_PROJECT_LANGUAGE (USE_PROJECT_LANG_NO,PROJECT_NO,LANGUAGE_NO) values (59,20,19);
Insert into MINT.USE_PROJECT_LANGUAGE (USE_PROJECT_LANG_NO,PROJECT_NO,LANGUAGE_NO) values (60,20,25);
Insert into MINT.USE_PROJECT_LANGUAGE (USE_PROJECT_LANG_NO,PROJECT_NO,LANGUAGE_NO) values (61,20,27);
Insert into MINT.USE_PROJECT_LANGUAGE (USE_PROJECT_LANG_NO,PROJECT_NO,LANGUAGE_NO) values (81,81,18);
Insert into MINT.USE_PROJECT_LANGUAGE (USE_PROJECT_LANG_NO,PROJECT_NO,LANGUAGE_NO) values (82,81,20);
Insert into MINT.USE_PROJECT_LANGUAGE (USE_PROJECT_LANG_NO,PROJECT_NO,LANGUAGE_NO) values (83,81,25);
Insert into MINT.USE_PROJECT_LANGUAGE (USE_PROJECT_LANG_NO,PROJECT_NO,LANGUAGE_NO) values (31,24,16);
Insert into MINT.USE_PROJECT_LANGUAGE (USE_PROJECT_LANG_NO,PROJECT_NO,LANGUAGE_NO) values (32,24,23);
Insert into MINT.USE_PROJECT_LANGUAGE (USE_PROJECT_LANG_NO,PROJECT_NO,LANGUAGE_NO) values (33,24,22);
Insert into MINT.USE_PROJECT_LANGUAGE (USE_PROJECT_LANG_NO,PROJECT_NO,LANGUAGE_NO) values (41,48,null);
Insert into MINT.USE_PROJECT_LANGUAGE (USE_PROJECT_LANG_NO,PROJECT_NO,LANGUAGE_NO) values (42,48,null);
Insert into MINT.USE_PROJECT_LANGUAGE (USE_PROJECT_LANG_NO,PROJECT_NO,LANGUAGE_NO) values (43,48,null);
Insert into MINT.USE_PROJECT_LANGUAGE (USE_PROJECT_LANG_NO,PROJECT_NO,LANGUAGE_NO) values (44,49,null);
Insert into MINT.USE_PROJECT_LANGUAGE (USE_PROJECT_LANG_NO,PROJECT_NO,LANGUAGE_NO) values (45,49,null);
Insert into MINT.USE_PROJECT_LANGUAGE (USE_PROJECT_LANG_NO,PROJECT_NO,LANGUAGE_NO) values (46,49,null);
Insert into MINT.USE_PROJECT_LANGUAGE (USE_PROJECT_LANG_NO,PROJECT_NO,LANGUAGE_NO) values (47,50,null);
Insert into MINT.USE_PROJECT_LANGUAGE (USE_PROJECT_LANG_NO,PROJECT_NO,LANGUAGE_NO) values (48,50,null);
Insert into MINT.USE_PROJECT_LANGUAGE (USE_PROJECT_LANG_NO,PROJECT_NO,LANGUAGE_NO) values (49,50,null);
Insert into MINT.USE_PROJECT_LANGUAGE (USE_PROJECT_LANG_NO,PROJECT_NO,LANGUAGE_NO) values (50,51,16);
Insert into MINT.USE_PROJECT_LANGUAGE (USE_PROJECT_LANG_NO,PROJECT_NO,LANGUAGE_NO) values (51,51,17);
Insert into MINT.USE_PROJECT_LANGUAGE (USE_PROJECT_LANG_NO,PROJECT_NO,LANGUAGE_NO) values (52,51,20);
Insert into MINT.USE_PROJECT_LANGUAGE (USE_PROJECT_LANG_NO,PROJECT_NO,LANGUAGE_NO) values (53,52,18);
Insert into MINT.USE_PROJECT_LANGUAGE (USE_PROJECT_LANG_NO,PROJECT_NO,LANGUAGE_NO) values (54,52,26);
Insert into MINT.USE_PROJECT_LANGUAGE (USE_PROJECT_LANG_NO,PROJECT_NO,LANGUAGE_NO) values (55,52,27);
Insert into MINT.USE_PROJECT_LANGUAGE (USE_PROJECT_LANG_NO,PROJECT_NO,LANGUAGE_NO) values (56,23,16);
Insert into MINT.USE_PROJECT_LANGUAGE (USE_PROJECT_LANG_NO,PROJECT_NO,LANGUAGE_NO) values (57,23,23);
Insert into MINT.USE_PROJECT_LANGUAGE (USE_PROJECT_LANG_NO,PROJECT_NO,LANGUAGE_NO) values (58,23,25);
Insert into MINT.USE_PROJECT_LANGUAGE (USE_PROJECT_LANG_NO,PROJECT_NO,LANGUAGE_NO) values (87,83,18);
Insert into MINT.USE_PROJECT_LANGUAGE (USE_PROJECT_LANG_NO,PROJECT_NO,LANGUAGE_NO) values (88,83,20);
Insert into MINT.USE_PROJECT_LANGUAGE (USE_PROJECT_LANG_NO,PROJECT_NO,LANGUAGE_NO) values (89,83,25);
Insert into MINT.USE_PROJECT_LANGUAGE (USE_PROJECT_LANG_NO,PROJECT_NO,LANGUAGE_NO) values (99,85,17);
Insert into MINT.USE_PROJECT_LANGUAGE (USE_PROJECT_LANG_NO,PROJECT_NO,LANGUAGE_NO) values (100,85,24);
Insert into MINT.USE_PROJECT_LANGUAGE (USE_PROJECT_LANG_NO,PROJECT_NO,LANGUAGE_NO) values (101,85,25);
Insert into MINT.USE_PROJECT_LANGUAGE (USE_PROJECT_LANG_NO,PROJECT_NO,LANGUAGE_NO) values (93,84,17);
Insert into MINT.USE_PROJECT_LANGUAGE (USE_PROJECT_LANG_NO,PROJECT_NO,LANGUAGE_NO) values (94,84,19);
Insert into MINT.USE_PROJECT_LANGUAGE (USE_PROJECT_LANG_NO,PROJECT_NO,LANGUAGE_NO) values (95,84,20);
Insert into MINT.USE_PROJECT_LANGUAGE (USE_PROJECT_LANG_NO,PROJECT_NO,LANGUAGE_NO) values (141,121,20);
Insert into MINT.USE_PROJECT_LANGUAGE (USE_PROJECT_LANG_NO,PROJECT_NO,LANGUAGE_NO) values (142,121,25);
Insert into MINT.USE_PROJECT_LANGUAGE (USE_PROJECT_LANG_NO,PROJECT_NO,LANGUAGE_NO) values (143,121,26);
Insert into MINT.USE_PROJECT_LANGUAGE (USE_PROJECT_LANG_NO,PROJECT_NO,LANGUAGE_NO) values (121,101,16);
Insert into MINT.USE_PROJECT_LANGUAGE (USE_PROJECT_LANG_NO,PROJECT_NO,LANGUAGE_NO) values (122,101,23);
Insert into MINT.USE_PROJECT_LANGUAGE (USE_PROJECT_LANG_NO,PROJECT_NO,LANGUAGE_NO) values (123,101,25);
Insert into MINT.USE_PROJECT_LANGUAGE (USE_PROJECT_LANG_NO,PROJECT_NO,LANGUAGE_NO) values (159,126,18);
Insert into MINT.USE_PROJECT_LANGUAGE (USE_PROJECT_LANG_NO,PROJECT_NO,LANGUAGE_NO) values (160,126,25);
Insert into MINT.USE_PROJECT_LANGUAGE (USE_PROJECT_LANG_NO,PROJECT_NO,LANGUAGE_NO) values (161,126,27);
Insert into MINT.USE_PROJECT_LANGUAGE (USE_PROJECT_LANG_NO,PROJECT_NO,LANGUAGE_NO) values (147,123,16);
Insert into MINT.USE_PROJECT_LANGUAGE (USE_PROJECT_LANG_NO,PROJECT_NO,LANGUAGE_NO) values (148,123,24);
Insert into MINT.USE_PROJECT_LANGUAGE (USE_PROJECT_LANG_NO,PROJECT_NO,LANGUAGE_NO) values (149,123,25);
Insert into MINT.USE_PROJECT_LANGUAGE (USE_PROJECT_LANG_NO,PROJECT_NO,LANGUAGE_NO) values (150,124,17);
Insert into MINT.USE_PROJECT_LANGUAGE (USE_PROJECT_LANG_NO,PROJECT_NO,LANGUAGE_NO) values (151,124,24);
Insert into MINT.USE_PROJECT_LANGUAGE (USE_PROJECT_LANG_NO,PROJECT_NO,LANGUAGE_NO) values (152,124,25);
Insert into MINT.USE_PROJECT_LANGUAGE (USE_PROJECT_LANG_NO,PROJECT_NO,LANGUAGE_NO) values (153,122,16);
Insert into MINT.USE_PROJECT_LANGUAGE (USE_PROJECT_LANG_NO,PROJECT_NO,LANGUAGE_NO) values (154,122,22);
Insert into MINT.USE_PROJECT_LANGUAGE (USE_PROJECT_LANG_NO,PROJECT_NO,LANGUAGE_NO) values (155,122,23);
Insert into MINT.USE_PROJECT_LANGUAGE (USE_PROJECT_LANG_NO,PROJECT_NO,LANGUAGE_NO) values (156,125,17);
Insert into MINT.USE_PROJECT_LANGUAGE (USE_PROJECT_LANG_NO,PROJECT_NO,LANGUAGE_NO) values (157,125,24);
Insert into MINT.USE_PROJECT_LANGUAGE (USE_PROJECT_LANG_NO,PROJECT_NO,LANGUAGE_NO) values (158,125,26);
Insert into MINT.USE_PROJECT_LANGUAGE (USE_PROJECT_LANG_NO,PROJECT_NO,LANGUAGE_NO) values (162,127,20);
Insert into MINT.USE_PROJECT_LANGUAGE (USE_PROJECT_LANG_NO,PROJECT_NO,LANGUAGE_NO) values (163,127,25);
Insert into MINT.USE_PROJECT_LANGUAGE (USE_PROJECT_LANG_NO,PROJECT_NO,LANGUAGE_NO) values (164,127,26);
Insert into MINT.USE_PROJECT_LANGUAGE (USE_PROJECT_LANG_NO,PROJECT_NO,LANGUAGE_NO) values (165,128,18);
Insert into MINT.USE_PROJECT_LANGUAGE (USE_PROJECT_LANG_NO,PROJECT_NO,LANGUAGE_NO) values (166,128,24);
Insert into MINT.USE_PROJECT_LANGUAGE (USE_PROJECT_LANG_NO,PROJECT_NO,LANGUAGE_NO) values (167,128,26);
Insert into MINT.USE_PROJECT_LANGUAGE (USE_PROJECT_LANG_NO,PROJECT_NO,LANGUAGE_NO) values (168,129,17);
Insert into MINT.USE_PROJECT_LANGUAGE (USE_PROJECT_LANG_NO,PROJECT_NO,LANGUAGE_NO) values (169,129,20);
Insert into MINT.USE_PROJECT_LANGUAGE (USE_PROJECT_LANG_NO,PROJECT_NO,LANGUAGE_NO) values (170,129,26);
Insert into MINT.USE_PROJECT_LANGUAGE (USE_PROJECT_LANG_NO,PROJECT_NO,LANGUAGE_NO) values (171,130,17);
Insert into MINT.USE_PROJECT_LANGUAGE (USE_PROJECT_LANG_NO,PROJECT_NO,LANGUAGE_NO) values (172,130,24);
Insert into MINT.USE_PROJECT_LANGUAGE (USE_PROJECT_LANG_NO,PROJECT_NO,LANGUAGE_NO) values (173,130,27);
Insert into MINT.USE_PROJECT_LANGUAGE (USE_PROJECT_LANG_NO,PROJECT_NO,LANGUAGE_NO) values (174,131,19);
Insert into MINT.USE_PROJECT_LANGUAGE (USE_PROJECT_LANG_NO,PROJECT_NO,LANGUAGE_NO) values (175,131,26);
Insert into MINT.USE_PROJECT_LANGUAGE (USE_PROJECT_LANG_NO,PROJECT_NO,LANGUAGE_NO) values (176,131,27);
Insert into MINT.USE_PROJECT_LANGUAGE (USE_PROJECT_LANG_NO,PROJECT_NO,LANGUAGE_NO) values (177,132,18);
Insert into MINT.USE_PROJECT_LANGUAGE (USE_PROJECT_LANG_NO,PROJECT_NO,LANGUAGE_NO) values (178,132,21);
Insert into MINT.USE_PROJECT_LANGUAGE (USE_PROJECT_LANG_NO,PROJECT_NO,LANGUAGE_NO) values (179,132,25);
Insert into MINT.USE_PROJECT_LANGUAGE (USE_PROJECT_LANG_NO,PROJECT_NO,LANGUAGE_NO) values (180,133,19);
Insert into MINT.USE_PROJECT_LANGUAGE (USE_PROJECT_LANG_NO,PROJECT_NO,LANGUAGE_NO) values (181,133,25);
Insert into MINT.USE_PROJECT_LANGUAGE (USE_PROJECT_LANG_NO,PROJECT_NO,LANGUAGE_NO) values (182,133,26);
Insert into MINT.USE_PROJECT_LANGUAGE (USE_PROJECT_LANG_NO,PROJECT_NO,LANGUAGE_NO) values (183,134,19);
Insert into MINT.USE_PROJECT_LANGUAGE (USE_PROJECT_LANG_NO,PROJECT_NO,LANGUAGE_NO) values (184,134,25);
Insert into MINT.USE_PROJECT_LANGUAGE (USE_PROJECT_LANG_NO,PROJECT_NO,LANGUAGE_NO) values (185,134,28);
Insert into MINT.USE_PROJECT_LANGUAGE (USE_PROJECT_LANG_NO,PROJECT_NO,LANGUAGE_NO) values (186,135,19);
Insert into MINT.USE_PROJECT_LANGUAGE (USE_PROJECT_LANG_NO,PROJECT_NO,LANGUAGE_NO) values (187,135,25);
Insert into MINT.USE_PROJECT_LANGUAGE (USE_PROJECT_LANG_NO,PROJECT_NO,LANGUAGE_NO) values (188,135,27);
Insert into MINT.USE_PROJECT_LANGUAGE (USE_PROJECT_LANG_NO,PROJECT_NO,LANGUAGE_NO) values (201,141,17);
Insert into MINT.USE_PROJECT_LANGUAGE (USE_PROJECT_LANG_NO,PROJECT_NO,LANGUAGE_NO) values (202,141,24);
Insert into MINT.USE_PROJECT_LANGUAGE (USE_PROJECT_LANG_NO,PROJECT_NO,LANGUAGE_NO) values (203,141,26);
Insert into MINT.USE_PROJECT_LANGUAGE (USE_PROJECT_LANG_NO,PROJECT_NO,LANGUAGE_NO) values (285,169,17);
Insert into MINT.USE_PROJECT_LANGUAGE (USE_PROJECT_LANG_NO,PROJECT_NO,LANGUAGE_NO) values (286,169,24);
Insert into MINT.USE_PROJECT_LANGUAGE (USE_PROJECT_LANG_NO,PROJECT_NO,LANGUAGE_NO) values (287,169,25);
Insert into MINT.USE_PROJECT_LANGUAGE (USE_PROJECT_LANG_NO,PROJECT_NO,LANGUAGE_NO) values (207,143,20);
Insert into MINT.USE_PROJECT_LANGUAGE (USE_PROJECT_LANG_NO,PROJECT_NO,LANGUAGE_NO) values (208,143,25);
Insert into MINT.USE_PROJECT_LANGUAGE (USE_PROJECT_LANG_NO,PROJECT_NO,LANGUAGE_NO) values (209,143,27);
Insert into MINT.USE_PROJECT_LANGUAGE (USE_PROJECT_LANG_NO,PROJECT_NO,LANGUAGE_NO) values (222,147,20);
Insert into MINT.USE_PROJECT_LANGUAGE (USE_PROJECT_LANG_NO,PROJECT_NO,LANGUAGE_NO) values (223,147,23);
Insert into MINT.USE_PROJECT_LANGUAGE (USE_PROJECT_LANG_NO,PROJECT_NO,LANGUAGE_NO) values (224,147,24);
Insert into MINT.USE_PROJECT_LANGUAGE (USE_PROJECT_LANG_NO,PROJECT_NO,LANGUAGE_NO) values (213,144,20);
Insert into MINT.USE_PROJECT_LANGUAGE (USE_PROJECT_LANG_NO,PROJECT_NO,LANGUAGE_NO) values (214,144,23);
Insert into MINT.USE_PROJECT_LANGUAGE (USE_PROJECT_LANG_NO,PROJECT_NO,LANGUAGE_NO) values (215,144,27);
Insert into MINT.USE_PROJECT_LANGUAGE (USE_PROJECT_LANG_NO,PROJECT_NO,LANGUAGE_NO) values (216,145,20);
Insert into MINT.USE_PROJECT_LANGUAGE (USE_PROJECT_LANG_NO,PROJECT_NO,LANGUAGE_NO) values (217,145,23);
Insert into MINT.USE_PROJECT_LANGUAGE (USE_PROJECT_LANG_NO,PROJECT_NO,LANGUAGE_NO) values (218,145,27);
Insert into MINT.USE_PROJECT_LANGUAGE (USE_PROJECT_LANG_NO,PROJECT_NO,LANGUAGE_NO) values (219,146,20);
Insert into MINT.USE_PROJECT_LANGUAGE (USE_PROJECT_LANG_NO,PROJECT_NO,LANGUAGE_NO) values (220,146,24);
Insert into MINT.USE_PROJECT_LANGUAGE (USE_PROJECT_LANG_NO,PROJECT_NO,LANGUAGE_NO) values (221,146,25);
Insert into MINT.USE_PROJECT_LANGUAGE (USE_PROJECT_LANG_NO,PROJECT_NO,LANGUAGE_NO) values (225,148,15);
Insert into MINT.USE_PROJECT_LANGUAGE (USE_PROJECT_LANG_NO,PROJECT_NO,LANGUAGE_NO) values (226,148,18);
Insert into MINT.USE_PROJECT_LANGUAGE (USE_PROJECT_LANG_NO,PROJECT_NO,LANGUAGE_NO) values (227,148,23);
Insert into MINT.USE_PROJECT_LANGUAGE (USE_PROJECT_LANG_NO,PROJECT_NO,LANGUAGE_NO) values (228,149,24);
Insert into MINT.USE_PROJECT_LANGUAGE (USE_PROJECT_LANG_NO,PROJECT_NO,LANGUAGE_NO) values (229,149,25);
Insert into MINT.USE_PROJECT_LANGUAGE (USE_PROJECT_LANG_NO,PROJECT_NO,LANGUAGE_NO) values (230,150,24);
Insert into MINT.USE_PROJECT_LANGUAGE (USE_PROJECT_LANG_NO,PROJECT_NO,LANGUAGE_NO) values (231,150,25);
Insert into MINT.USE_PROJECT_LANGUAGE (USE_PROJECT_LANG_NO,PROJECT_NO,LANGUAGE_NO) values (232,150,28);
Insert into MINT.USE_PROJECT_LANGUAGE (USE_PROJECT_LANG_NO,PROJECT_NO,LANGUAGE_NO) values (288,170,19);
Insert into MINT.USE_PROJECT_LANGUAGE (USE_PROJECT_LANG_NO,PROJECT_NO,LANGUAGE_NO) values (289,170,25);
Insert into MINT.USE_PROJECT_LANGUAGE (USE_PROJECT_LANG_NO,PROJECT_NO,LANGUAGE_NO) values (236,152,19);
Insert into MINT.USE_PROJECT_LANGUAGE (USE_PROJECT_LANG_NO,PROJECT_NO,LANGUAGE_NO) values (237,152,24);
Insert into MINT.USE_PROJECT_LANGUAGE (USE_PROJECT_LANG_NO,PROJECT_NO,LANGUAGE_NO) values (238,152,25);
Insert into MINT.USE_PROJECT_LANGUAGE (USE_PROJECT_LANG_NO,PROJECT_NO,LANGUAGE_NO) values (252,162,16);
Insert into MINT.USE_PROJECT_LANGUAGE (USE_PROJECT_LANG_NO,PROJECT_NO,LANGUAGE_NO) values (253,162,17);
Insert into MINT.USE_PROJECT_LANGUAGE (USE_PROJECT_LANG_NO,PROJECT_NO,LANGUAGE_NO) values (254,162,24);
Insert into MINT.USE_PROJECT_LANGUAGE (USE_PROJECT_LANG_NO,PROJECT_NO,LANGUAGE_NO) values (270,166,18);
Insert into MINT.USE_PROJECT_LANGUAGE (USE_PROJECT_LANG_NO,PROJECT_NO,LANGUAGE_NO) values (271,166,20);
Insert into MINT.USE_PROJECT_LANGUAGE (USE_PROJECT_LANG_NO,PROJECT_NO,LANGUAGE_NO) values (272,166,25);
Insert into MINT.USE_PROJECT_LANGUAGE (USE_PROJECT_LANG_NO,PROJECT_NO,LANGUAGE_NO) values (273,167,19);
Insert into MINT.USE_PROJECT_LANGUAGE (USE_PROJECT_LANG_NO,PROJECT_NO,LANGUAGE_NO) values (274,167,25);
Insert into MINT.USE_PROJECT_LANGUAGE (USE_PROJECT_LANG_NO,PROJECT_NO,LANGUAGE_NO) values (247,159,16);
Insert into MINT.USE_PROJECT_LANGUAGE (USE_PROJECT_LANG_NO,PROJECT_NO,LANGUAGE_NO) values (248,159,23);
Insert into MINT.USE_PROJECT_LANGUAGE (USE_PROJECT_LANG_NO,PROJECT_NO,LANGUAGE_NO) values (249,160,15);
Insert into MINT.USE_PROJECT_LANGUAGE (USE_PROJECT_LANG_NO,PROJECT_NO,LANGUAGE_NO) values (250,160,16);
Insert into MINT.USE_PROJECT_LANGUAGE (USE_PROJECT_LANG_NO,PROJECT_NO,LANGUAGE_NO) values (251,160,17);
Insert into MINT.USE_PROJECT_LANGUAGE (USE_PROJECT_LANG_NO,PROJECT_NO,LANGUAGE_NO) values (255,163,16);
Insert into MINT.USE_PROJECT_LANGUAGE (USE_PROJECT_LANG_NO,PROJECT_NO,LANGUAGE_NO) values (256,163,23);
Insert into MINT.USE_PROJECT_LANGUAGE (USE_PROJECT_LANG_NO,PROJECT_NO,LANGUAGE_NO) values (257,163,26);
Insert into MINT.USE_PROJECT_LANGUAGE (USE_PROJECT_LANG_NO,PROJECT_NO,LANGUAGE_NO) values (258,164,16);
Insert into MINT.USE_PROJECT_LANGUAGE (USE_PROJECT_LANG_NO,PROJECT_NO,LANGUAGE_NO) values (259,164,23);
Insert into MINT.USE_PROJECT_LANGUAGE (USE_PROJECT_LANG_NO,PROJECT_NO,LANGUAGE_NO) values (260,164,26);
Insert into MINT.USE_PROJECT_LANGUAGE (USE_PROJECT_LANG_NO,PROJECT_NO,LANGUAGE_NO) values (261,153,18);
Insert into MINT.USE_PROJECT_LANGUAGE (USE_PROJECT_LANG_NO,PROJECT_NO,LANGUAGE_NO) values (262,153,24);
Insert into MINT.USE_PROJECT_LANGUAGE (USE_PROJECT_LANG_NO,PROJECT_NO,LANGUAGE_NO) values (263,153,25);
Insert into MINT.USE_PROJECT_LANGUAGE (USE_PROJECT_LANG_NO,PROJECT_NO,LANGUAGE_NO) values (264,165,16);
Insert into MINT.USE_PROJECT_LANGUAGE (USE_PROJECT_LANG_NO,PROJECT_NO,LANGUAGE_NO) values (265,165,23);
Insert into MINT.USE_PROJECT_LANGUAGE (USE_PROJECT_LANG_NO,PROJECT_NO,LANGUAGE_NO) values (266,165,26);
Insert into MINT.USE_PROJECT_LANGUAGE (USE_PROJECT_LANG_NO,PROJECT_NO,LANGUAGE_NO) values (276,151,17);
Insert into MINT.USE_PROJECT_LANGUAGE (USE_PROJECT_LANG_NO,PROJECT_NO,LANGUAGE_NO) values (277,151,19);
Insert into MINT.USE_PROJECT_LANGUAGE (USE_PROJECT_LANG_NO,PROJECT_NO,LANGUAGE_NO) values (278,151,25);
Insert into MINT.USE_PROJECT_LANGUAGE (USE_PROJECT_LANG_NO,PROJECT_NO,LANGUAGE_NO) values (275,167,27);
Insert into MINT.USE_PROJECT_LANGUAGE (USE_PROJECT_LANG_NO,PROJECT_NO,LANGUAGE_NO) values (279,142,16);
Insert into MINT.USE_PROJECT_LANGUAGE (USE_PROJECT_LANG_NO,PROJECT_NO,LANGUAGE_NO) values (280,142,23);
Insert into MINT.USE_PROJECT_LANGUAGE (USE_PROJECT_LANG_NO,PROJECT_NO,LANGUAGE_NO) values (281,142,26);
Insert into MINT.USE_PROJECT_LANGUAGE (USE_PROJECT_LANG_NO,PROJECT_NO,LANGUAGE_NO) values (282,168,19);
Insert into MINT.USE_PROJECT_LANGUAGE (USE_PROJECT_LANG_NO,PROJECT_NO,LANGUAGE_NO) values (283,168,20);
Insert into MINT.USE_PROJECT_LANGUAGE (USE_PROJECT_LANG_NO,PROJECT_NO,LANGUAGE_NO) values (284,168,25);
--------------------------------------------------------
--  Constraints for Table ANNOUNCEMENT
--------------------------------------------------------

  ALTER TABLE "MINT"."ANNOUNCEMENT" ADD PRIMARY KEY ("ANNOUNCE_NO")
  USING INDEX PCTFREE 10 INITRANS 2 MAXTRANS 255 COMPUTE STATISTICS 
  STORAGE(INITIAL 65536 NEXT 1048576 MINEXTENTS 1 MAXEXTENTS 2147483645
  PCTINCREASE 0 FREELISTS 1 FREELIST GROUPS 1 BUFFER_POOL DEFAULT FLASH_CACHE DEFAULT CELL_FLASH_CACHE DEFAULT)
  TABLESPACE "SYSTEM"  ENABLE;
  ALTER TABLE "MINT"."ANNOUNCEMENT" MODIFY ("MILITARY" NOT NULL ENABLE);
  ALTER TABLE "MINT"."ANNOUNCEMENT" MODIFY ("VETERANS" NOT NULL ENABLE);
  ALTER TABLE "MINT"."ANNOUNCEMENT" MODIFY ("END_DATE" NOT NULL ENABLE);
  ALTER TABLE "MINT"."ANNOUNCEMENT" MODIFY ("WORK_PLACE" NOT NULL ENABLE);
  ALTER TABLE "MINT"."ANNOUNCEMENT" MODIFY ("MONEY" NOT NULL ENABLE);
  ALTER TABLE "MINT"."ANNOUNCEMENT" MODIFY ("SKILLS" NOT NULL ENABLE);
  ALTER TABLE "MINT"."ANNOUNCEMENT" MODIFY ("ANNOUNCE_CONTENT" NOT NULL ENABLE);
  ALTER TABLE "MINT"."ANNOUNCEMENT" MODIFY ("ANNOUNCE_TITLE" NOT NULL ENABLE);
  ALTER TABLE "MINT"."ANNOUNCEMENT" MODIFY ("WORK_FORM" NOT NULL ENABLE);
  ALTER TABLE "MINT"."ANNOUNCEMENT" MODIFY ("SCHOOL" NOT NULL ENABLE);
  ALTER TABLE "MINT"."ANNOUNCEMENT" MODIFY ("FIELDS" NOT NULL ENABLE);
  ALTER TABLE "MINT"."ANNOUNCEMENT" MODIFY ("CATEGORY" NOT NULL ENABLE);
--------------------------------------------------------
--  Constraints for Table PROJECT_TEAM_MEMBER
--------------------------------------------------------

  ALTER TABLE "MINT"."PROJECT_TEAM_MEMBER" ADD PRIMARY KEY ("TEAM_MEMBER_NO")
  USING INDEX PCTFREE 10 INITRANS 2 MAXTRANS 255 COMPUTE STATISTICS 
  STORAGE(INITIAL 65536 NEXT 1048576 MINEXTENTS 1 MAXEXTENTS 2147483645
  PCTINCREASE 0 FREELISTS 1 FREELIST GROUPS 1 BUFFER_POOL DEFAULT FLASH_CACHE DEFAULT CELL_FLASH_CACHE DEFAULT)
  TABLESPACE "SYSTEM"  ENABLE;
--------------------------------------------------------
--  Constraints for Table FAQ
--------------------------------------------------------

  ALTER TABLE "MINT"."FAQ" ADD PRIMARY KEY ("FAQ_NO")
  USING INDEX PCTFREE 10 INITRANS 2 MAXTRANS 255 COMPUTE STATISTICS 
  STORAGE(INITIAL 65536 NEXT 1048576 MINEXTENTS 1 MAXEXTENTS 2147483645
  PCTINCREASE 0 FREELISTS 1 FREELIST GROUPS 1 BUFFER_POOL DEFAULT FLASH_CACHE DEFAULT CELL_FLASH_CACHE DEFAULT)
  TABLESPACE "SYSTEM"  ENABLE;
  ALTER TABLE "MINT"."FAQ" MODIFY ("CATEGORY" NOT NULL ENABLE);
  ALTER TABLE "MINT"."FAQ" MODIFY ("FAQ_A" NOT NULL ENABLE);
  ALTER TABLE "MINT"."FAQ" MODIFY ("FAQ_Q" NOT NULL ENABLE);
--------------------------------------------------------
--  Constraints for Table GOSU_REQUEST_PROJECT
--------------------------------------------------------

  ALTER TABLE "MINT"."GOSU_REQUEST_PROJECT" MODIFY ("REQUEST_PROJECT_SUB_NO" NOT NULL ENABLE);
  ALTER TABLE "MINT"."GOSU_REQUEST_PROJECT" ADD PRIMARY KEY ("REQUEST_PROJECT_NO")
  USING INDEX PCTFREE 10 INITRANS 2 MAXTRANS 255 COMPUTE STATISTICS 
  STORAGE(INITIAL 65536 NEXT 1048576 MINEXTENTS 1 MAXEXTENTS 2147483645
  PCTINCREASE 0 FREELISTS 1 FREELIST GROUPS 1 BUFFER_POOL DEFAULT FLASH_CACHE DEFAULT CELL_FLASH_CACHE DEFAULT)
  TABLESPACE "SYSTEM"  ENABLE;
  ALTER TABLE "MINT"."GOSU_REQUEST_PROJECT" MODIFY ("REQUEST_PROJECT_DATE" NOT NULL ENABLE);
--------------------------------------------------------
--  Constraints for Table MEMBER
--------------------------------------------------------

  ALTER TABLE "MINT"."MEMBER" ADD UNIQUE ("EMAIL")
  USING INDEX PCTFREE 10 INITRANS 2 MAXTRANS 255 COMPUTE STATISTICS 
  STORAGE(INITIAL 65536 NEXT 1048576 MINEXTENTS 1 MAXEXTENTS 2147483645
  PCTINCREASE 0 FREELISTS 1 FREELIST GROUPS 1 BUFFER_POOL DEFAULT FLASH_CACHE DEFAULT CELL_FLASH_CACHE DEFAULT)
  TABLESPACE "SYSTEM"  ENABLE;
  ALTER TABLE "MINT"."MEMBER" ADD UNIQUE ("MEMBER_ID")
  USING INDEX PCTFREE 10 INITRANS 2 MAXTRANS 255 COMPUTE STATISTICS 
  STORAGE(INITIAL 65536 NEXT 1048576 MINEXTENTS 1 MAXEXTENTS 2147483645
  PCTINCREASE 0 FREELISTS 1 FREELIST GROUPS 1 BUFFER_POOL DEFAULT FLASH_CACHE DEFAULT CELL_FLASH_CACHE DEFAULT)
  TABLESPACE "SYSTEM"  ENABLE;
  ALTER TABLE "MINT"."MEMBER" ADD UNIQUE ("PHONE")
  USING INDEX PCTFREE 10 INITRANS 2 MAXTRANS 255 COMPUTE STATISTICS 
  STORAGE(INITIAL 65536 NEXT 1048576 MINEXTENTS 1 MAXEXTENTS 2147483645
  PCTINCREASE 0 FREELISTS 1 FREELIST GROUPS 1 BUFFER_POOL DEFAULT FLASH_CACHE DEFAULT CELL_FLASH_CACHE DEFAULT)
  TABLESPACE "SYSTEM"  ENABLE;
  ALTER TABLE "MINT"."MEMBER" ADD PRIMARY KEY ("MEMBER_NO")
  USING INDEX PCTFREE 10 INITRANS 2 MAXTRANS 255 COMPUTE STATISTICS 
  STORAGE(INITIAL 65536 NEXT 1048576 MINEXTENTS 1 MAXEXTENTS 2147483645
  PCTINCREASE 0 FREELISTS 1 FREELIST GROUPS 1 BUFFER_POOL DEFAULT FLASH_CACHE DEFAULT CELL_FLASH_CACHE DEFAULT)
  TABLESPACE "SYSTEM"  ENABLE;
  ALTER TABLE "MINT"."MEMBER" MODIFY ("MEMBER_GRADE" NOT NULL ENABLE);
  ALTER TABLE "MINT"."MEMBER" MODIFY ("ENROLL_DATE" NOT NULL ENABLE);
  ALTER TABLE "MINT"."MEMBER" MODIFY ("MEMBER_TYPE" NOT NULL ENABLE);
  ALTER TABLE "MINT"."MEMBER" MODIFY ("EMAIL" NOT NULL ENABLE);
  ALTER TABLE "MINT"."MEMBER" MODIFY ("MEMBER_PW" NOT NULL ENABLE);
  ALTER TABLE "MINT"."MEMBER" MODIFY ("MEMBER_ID" NOT NULL ENABLE);
  ALTER TABLE "MINT"."MEMBER" MODIFY ("PHONE" NOT NULL ENABLE);
  ALTER TABLE "MINT"."MEMBER" MODIFY ("MEMBER_NAME" NOT NULL ENABLE);
  ALTER TABLE "MINT"."MEMBER" MODIFY ("MEMBER_NO" NOT NULL ENABLE);
--------------------------------------------------------
--  Constraints for Table GOSU_REQUEST_REVIEW
--------------------------------------------------------

  ALTER TABLE "MINT"."GOSU_REQUEST_REVIEW" ADD PRIMARY KEY ("REQUEST_REVIEW_NO")
  USING INDEX PCTFREE 10 INITRANS 2 MAXTRANS 255 COMPUTE STATISTICS 
  STORAGE(INITIAL 65536 NEXT 1048576 MINEXTENTS 1 MAXEXTENTS 2147483645
  PCTINCREASE 0 FREELISTS 1 FREELIST GROUPS 1 BUFFER_POOL DEFAULT FLASH_CACHE DEFAULT CELL_FLASH_CACHE DEFAULT)
  TABLESPACE "SYSTEM"  ENABLE;
  ALTER TABLE "MINT"."GOSU_REQUEST_REVIEW" MODIFY ("REQUEST_REVIEW_DATE" NOT NULL ENABLE);
  ALTER TABLE "MINT"."GOSU_REQUEST_REVIEW" MODIFY ("REQUEST_REVIEW_CONTENT" NOT NULL ENABLE);
  ALTER TABLE "MINT"."GOSU_REQUEST_REVIEW" MODIFY ("REQUEST_MEMBER_ID" NOT NULL ENABLE);
  ALTER TABLE "MINT"."GOSU_REQUEST_REVIEW" MODIFY ("REQUEST_PROJECT_SUB_NO" NOT NULL ENABLE);
--------------------------------------------------------
--  Constraints for Table APPLICATION
--------------------------------------------------------

  ALTER TABLE "MINT"."APPLICATION" MODIFY ("MEMBER_NO" NOT NULL ENABLE);
  ALTER TABLE "MINT"."APPLICATION" MODIFY ("RESUME_NO" NOT NULL ENABLE);
  ALTER TABLE "MINT"."APPLICATION" MODIFY ("ANNOUNCE_NO" NOT NULL ENABLE);
  ALTER TABLE "MINT"."APPLICATION" MODIFY ("APP_NO" NOT NULL ENABLE);
--------------------------------------------------------
--  Constraints for Table CONTEST
--------------------------------------------------------

  ALTER TABLE "MINT"."CONTEST" ADD PRIMARY KEY ("CONTEST_NO")
  USING INDEX PCTFREE 10 INITRANS 2 MAXTRANS 255 COMPUTE STATISTICS 
  STORAGE(INITIAL 65536 NEXT 1048576 MINEXTENTS 1 MAXEXTENTS 2147483645
  PCTINCREASE 0 FREELISTS 1 FREELIST GROUPS 1 BUFFER_POOL DEFAULT FLASH_CACHE DEFAULT CELL_FLASH_CACHE DEFAULT)
  TABLESPACE "SYSTEM"  ENABLE;
  ALTER TABLE "MINT"."CONTEST" MODIFY ("CONTEST_COUNT" NOT NULL ENABLE);
  ALTER TABLE "MINT"."CONTEST" MODIFY ("CONTEST_STATUS" NOT NULL ENABLE);
  ALTER TABLE "MINT"."CONTEST" MODIFY ("CONTEST_IMG" NOT NULL ENABLE);
  ALTER TABLE "MINT"."CONTEST" MODIFY ("CONTEST_CONTENT" NOT NULL ENABLE);
  ALTER TABLE "MINT"."CONTEST" MODIFY ("CONTEST_TITLE" NOT NULL ENABLE);
  ALTER TABLE "MINT"."CONTEST" MODIFY ("EMAIL" NOT NULL ENABLE);
  ALTER TABLE "MINT"."CONTEST" MODIFY ("PHONE" NOT NULL ENABLE);
  ALTER TABLE "MINT"."CONTEST" MODIFY ("CONTEST_PRIZE" NOT NULL ENABLE);
  ALTER TABLE "MINT"."CONTEST" MODIFY ("CONTEST_DEADLINE" NOT NULL ENABLE);
  ALTER TABLE "MINT"."CONTEST" MODIFY ("CONTEST_DATE" NOT NULL ENABLE);
  ALTER TABLE "MINT"."CONTEST" MODIFY ("CONTEST_QUALIFY" NOT NULL ENABLE);
  ALTER TABLE "MINT"."CONTEST" MODIFY ("CONTEST_TYPE" NOT NULL ENABLE);
  ALTER TABLE "MINT"."CONTEST" MODIFY ("MEMBER_ID" NOT NULL ENABLE);
  ALTER TABLE "MINT"."CONTEST" MODIFY ("CONTEST_HOST" NOT NULL ENABLE);
--------------------------------------------------------
--  Constraints for Table GOSU
--------------------------------------------------------

  ALTER TABLE "MINT"."GOSU" ADD PRIMARY KEY ("GGOSU_NO")
  USING INDEX PCTFREE 10 INITRANS 2 MAXTRANS 255 COMPUTE STATISTICS 
  STORAGE(INITIAL 65536 NEXT 1048576 MINEXTENTS 1 MAXEXTENTS 2147483645
  PCTINCREASE 0 FREELISTS 1 FREELIST GROUPS 1 BUFFER_POOL DEFAULT FLASH_CACHE DEFAULT CELL_FLASH_CACHE DEFAULT)
  TABLESPACE "SYSTEM"  ENABLE;
  ALTER TABLE "MINT"."GOSU" MODIFY ("GOSU_DATE" NOT NULL ENABLE);
  ALTER TABLE "MINT"."GOSU" MODIFY ("GOSU_COST" NOT NULL ENABLE);
  ALTER TABLE "MINT"."GOSU" MODIFY ("GOSU_SELF" NOT NULL ENABLE);
  ALTER TABLE "MINT"."GOSU" MODIFY ("GOSU_TITLE" NOT NULL ENABLE);
--------------------------------------------------------
--  Constraints for Table CONTEST_MEMBER
--------------------------------------------------------

  ALTER TABLE "MINT"."CONTEST_MEMBER" MODIFY ("CM_STATUS" NOT NULL ENABLE);
  ALTER TABLE "MINT"."CONTEST_MEMBER" MODIFY ("MEMBER_ID" NOT NULL ENABLE);
  ALTER TABLE "MINT"."CONTEST_MEMBER" MODIFY ("CONTEST_NO" NOT NULL ENABLE);
  ALTER TABLE "MINT"."CONTEST_MEMBER" MODIFY ("CM_NO" NOT NULL ENABLE);
--------------------------------------------------------
--  Constraints for Table TASK_SHORTCUTS
--------------------------------------------------------

  ALTER TABLE "MINT"."TASK_SHORTCUTS" ADD PRIMARY KEY ("TASK_SHORTCUT_NO")
  USING INDEX PCTFREE 10 INITRANS 2 MAXTRANS 255 COMPUTE STATISTICS 
  STORAGE(INITIAL 65536 NEXT 1048576 MINEXTENTS 1 MAXEXTENTS 2147483645
  PCTINCREASE 0 FREELISTS 1 FREELIST GROUPS 1 BUFFER_POOL DEFAULT FLASH_CACHE DEFAULT CELL_FLASH_CACHE DEFAULT)
  TABLESPACE "SYSTEM"  ENABLE;
  ALTER TABLE "MINT"."TASK_SHORTCUTS" MODIFY ("TS_LINK_NAME" NOT NULL ENABLE);
  ALTER TABLE "MINT"."TASK_SHORTCUTS" MODIFY ("TS_LINK_ADDR" NOT NULL ENABLE);
--------------------------------------------------------
--  Constraints for Table CERTIFICATION
--------------------------------------------------------

  ALTER TABLE "MINT"."CERTIFICATION" ADD PRIMARY KEY ("CER_NO")
  USING INDEX PCTFREE 10 INITRANS 2 MAXTRANS 255 COMPUTE STATISTICS 
  STORAGE(INITIAL 65536 NEXT 1048576 MINEXTENTS 1 MAXEXTENTS 2147483645
  PCTINCREASE 0 FREELISTS 1 FREELIST GROUPS 1 BUFFER_POOL DEFAULT FLASH_CACHE DEFAULT CELL_FLASH_CACHE DEFAULT)
  TABLESPACE "SYSTEM"  ENABLE;
--------------------------------------------------------
--  Constraints for Table USE_DEVELOP_LANGUAGE
--------------------------------------------------------

  ALTER TABLE "MINT"."USE_DEVELOP_LANGUAGE" ADD PRIMARY KEY ("USE_LANG_NO")
  USING INDEX PCTFREE 10 INITRANS 2 MAXTRANS 255 COMPUTE STATISTICS 
  STORAGE(INITIAL 65536 NEXT 1048576 MINEXTENTS 1 MAXEXTENTS 2147483645
  PCTINCREASE 0 FREELISTS 1 FREELIST GROUPS 1 BUFFER_POOL DEFAULT FLASH_CACHE DEFAULT CELL_FLASH_CACHE DEFAULT)
  TABLESPACE "SYSTEM"  ENABLE;
  ALTER TABLE "MINT"."USE_DEVELOP_LANGUAGE" MODIFY ("USECASE" NOT NULL ENABLE);
--------------------------------------------------------
--  Constraints for Table GOSU_FEEDBACK
--------------------------------------------------------

  ALTER TABLE "MINT"."GOSU_FEEDBACK" ADD PRIMARY KEY ("FEEDBACK_NO")
  USING INDEX PCTFREE 10 INITRANS 2 MAXTRANS 255 COMPUTE STATISTICS 
  STORAGE(INITIAL 65536 NEXT 1048576 MINEXTENTS 1 MAXEXTENTS 2147483645
  PCTINCREASE 0 FREELISTS 1 FREELIST GROUPS 1 BUFFER_POOL DEFAULT FLASH_CACHE DEFAULT CELL_FLASH_CACHE DEFAULT)
  TABLESPACE "SYSTEM"  ENABLE;
  ALTER TABLE "MINT"."GOSU_FEEDBACK" MODIFY ("FEEDBACK_NUM" NOT NULL ENABLE);
  ALTER TABLE "MINT"."GOSU_FEEDBACK" MODIFY ("FEEDBACK_DATE" NOT NULL ENABLE);
  ALTER TABLE "MINT"."GOSU_FEEDBACK" MODIFY ("FEEDBACK_TITLE" NOT NULL ENABLE);
  ALTER TABLE "MINT"."GOSU_FEEDBACK" MODIFY ("FEEDBACK_CONTENT" NOT NULL ENABLE);
  ALTER TABLE "MINT"."GOSU_FEEDBACK" MODIFY ("MEMBER_ID" NOT NULL ENABLE);
--------------------------------------------------------
--  Constraints for Table COMPANY
--------------------------------------------------------

  ALTER TABLE "MINT"."COMPANY" ADD UNIQUE ("COMPANY_NAME")
  USING INDEX PCTFREE 10 INITRANS 2 MAXTRANS 255 COMPUTE STATISTICS 
  STORAGE(INITIAL 65536 NEXT 1048576 MINEXTENTS 1 MAXEXTENTS 2147483645
  PCTINCREASE 0 FREELISTS 1 FREELIST GROUPS 1 BUFFER_POOL DEFAULT FLASH_CACHE DEFAULT CELL_FLASH_CACHE DEFAULT)
  TABLESPACE "SYSTEM"  ENABLE;
  ALTER TABLE "MINT"."COMPANY" ADD PRIMARY KEY ("COMPANY_NO")
  USING INDEX PCTFREE 10 INITRANS 2 MAXTRANS 255 COMPUTE STATISTICS 
  STORAGE(INITIAL 65536 NEXT 1048576 MINEXTENTS 1 MAXEXTENTS 2147483645
  PCTINCREASE 0 FREELISTS 1 FREELIST GROUPS 1 BUFFER_POOL DEFAULT FLASH_CACHE DEFAULT CELL_FLASH_CACHE DEFAULT)
  TABLESPACE "SYSTEM"  ENABLE;
  ALTER TABLE "MINT"."COMPANY" MODIFY ("CONTENT" NOT NULL ENABLE);
  ALTER TABLE "MINT"."COMPANY" MODIFY ("ADDRESS" NOT NULL ENABLE);
  ALTER TABLE "MINT"."COMPANY" MODIFY ("CEO" NOT NULL ENABLE);
  ALTER TABLE "MINT"."COMPANY" MODIFY ("CATEGORY" NOT NULL ENABLE);
  ALTER TABLE "MINT"."COMPANY" MODIFY ("EMPLOYEE" NOT NULL ENABLE);
  ALTER TABLE "MINT"."COMPANY" MODIFY ("OPEN_DATE" NOT NULL ENABLE);
  ALTER TABLE "MINT"."COMPANY" MODIFY ("COMPANY_NAME" NOT NULL ENABLE);
  ALTER TABLE "MINT"."COMPANY" MODIFY ("BUSINESS_NO" NOT NULL ENABLE);
--------------------------------------------------------
--  Constraints for Table NOTICE
--------------------------------------------------------

  ALTER TABLE "MINT"."NOTICE" ADD PRIMARY KEY ("notice_no")
  USING INDEX PCTFREE 10 INITRANS 2 MAXTRANS 255 COMPUTE STATISTICS 
  STORAGE(INITIAL 65536 NEXT 1048576 MINEXTENTS 1 MAXEXTENTS 2147483645
  PCTINCREASE 0 FREELISTS 1 FREELIST GROUPS 1 BUFFER_POOL DEFAULT FLASH_CACHE DEFAULT CELL_FLASH_CACHE DEFAULT)
  TABLESPACE "SYSTEM"  ENABLE;
  ALTER TABLE "MINT"."NOTICE" MODIFY ("notice_writer" NOT NULL ENABLE);
  ALTER TABLE "MINT"."NOTICE" MODIFY ("pin" NOT NULL ENABLE);
  ALTER TABLE "MINT"."NOTICE" MODIFY ("reg_date" NOT NULL ENABLE);
  ALTER TABLE "MINT"."NOTICE" MODIFY ("notice_title" NOT NULL ENABLE);
--------------------------------------------------------
--  Constraints for Table GOSU_REQUEST
--------------------------------------------------------

  ALTER TABLE "MINT"."GOSU_REQUEST" ADD PRIMARY KEY ("REQUEST_NO")
  USING INDEX PCTFREE 10 INITRANS 2 MAXTRANS 255 COMPUTE STATISTICS 
  STORAGE(INITIAL 65536 NEXT 1048576 MINEXTENTS 1 MAXEXTENTS 2147483645
  PCTINCREASE 0 FREELISTS 1 FREELIST GROUPS 1 BUFFER_POOL DEFAULT FLASH_CACHE DEFAULT CELL_FLASH_CACHE DEFAULT)
  TABLESPACE "SYSTEM"  ENABLE;
  ALTER TABLE "MINT"."GOSU_REQUEST" MODIFY ("REQUEST_DATE" NOT NULL ENABLE);
  ALTER TABLE "MINT"."GOSU_REQUEST" MODIFY ("REQUEST_CONTENT7" NOT NULL ENABLE);
  ALTER TABLE "MINT"."GOSU_REQUEST" MODIFY ("REQUEST_CONTENT6" NOT NULL ENABLE);
  ALTER TABLE "MINT"."GOSU_REQUEST" MODIFY ("REQUEST_CONTENT5" NOT NULL ENABLE);
  ALTER TABLE "MINT"."GOSU_REQUEST" MODIFY ("REQUEST_CONTENT4" NOT NULL ENABLE);
  ALTER TABLE "MINT"."GOSU_REQUEST" MODIFY ("REQUEST_CONTENT3" NOT NULL ENABLE);
  ALTER TABLE "MINT"."GOSU_REQUEST" MODIFY ("REQUEST_CONTENT2" NOT NULL ENABLE);
  ALTER TABLE "MINT"."GOSU_REQUEST" MODIFY ("REQUEST_CONTENT1" NOT NULL ENABLE);
--------------------------------------------------------
--  Constraints for Table SHARE_BOARD
--------------------------------------------------------

  ALTER TABLE "MINT"."SHARE_BOARD" ADD PRIMARY KEY ("BOARD_NO")
  USING INDEX PCTFREE 10 INITRANS 2 MAXTRANS 255 COMPUTE STATISTICS 
  STORAGE(INITIAL 65536 NEXT 1048576 MINEXTENTS 1 MAXEXTENTS 2147483645
  PCTINCREASE 0 FREELISTS 1 FREELIST GROUPS 1 BUFFER_POOL DEFAULT FLASH_CACHE DEFAULT CELL_FLASH_CACHE DEFAULT)
  TABLESPACE "SYSTEM"  ENABLE;
  ALTER TABLE "MINT"."SHARE_BOARD" MODIFY ("READ_COUNT" NOT NULL ENABLE);
  ALTER TABLE "MINT"."SHARE_BOARD" MODIFY ("REG_DATE" NOT NULL ENABLE);
  ALTER TABLE "MINT"."SHARE_BOARD" MODIFY ("BOARD_TYPE" NOT NULL ENABLE);
  ALTER TABLE "MINT"."SHARE_BOARD" MODIFY ("BOARD_TITLE" NOT NULL ENABLE);
--------------------------------------------------------
--  Constraints for Table COMMENTS
--------------------------------------------------------

  ALTER TABLE "MINT"."COMMENTS" ADD PRIMARY KEY ("COMMENT_NO")
  USING INDEX PCTFREE 10 INITRANS 2 MAXTRANS 255 COMPUTE STATISTICS 
  STORAGE(INITIAL 65536 NEXT 1048576 MINEXTENTS 1 MAXEXTENTS 2147483645
  PCTINCREASE 0 FREELISTS 1 FREELIST GROUPS 1 BUFFER_POOL DEFAULT FLASH_CACHE DEFAULT CELL_FLASH_CACHE DEFAULT)
  TABLESPACE "SYSTEM"  ENABLE;
  ALTER TABLE "MINT"."COMMENTS" MODIFY ("COMMENT_TYPE" NOT NULL ENABLE);
  ALTER TABLE "MINT"."COMMENTS" MODIFY ("BOARD_TYPE" NOT NULL ENABLE);
  ALTER TABLE "MINT"."COMMENTS" MODIFY ("BOARD_NO" NOT NULL ENABLE);
  ALTER TABLE "MINT"."COMMENTS" MODIFY ("REG_DATE" NOT NULL ENABLE);
  ALTER TABLE "MINT"."COMMENTS" MODIFY ("COMMENT_CONTENT" NOT NULL ENABLE);
  ALTER TABLE "MINT"."COMMENTS" MODIFY ("COMMENT_NO" NOT NULL ENABLE);
--------------------------------------------------------
--  Constraints for Table GOSU_REQUEST_COST
--------------------------------------------------------

  ALTER TABLE "MINT"."GOSU_REQUEST_COST" MODIFY ("MEMBER_ID" NOT NULL ENABLE);
  ALTER TABLE "MINT"."GOSU_REQUEST_COST" ADD PRIMARY KEY ("COST_NO")
  USING INDEX PCTFREE 10 INITRANS 2 MAXTRANS 255 COMPUTE STATISTICS 
  STORAGE(INITIAL 65536 NEXT 1048576 MINEXTENTS 1 MAXEXTENTS 2147483645
  PCTINCREASE 0 FREELISTS 1 FREELIST GROUPS 1 BUFFER_POOL DEFAULT FLASH_CACHE DEFAULT CELL_FLASH_CACHE DEFAULT)
  TABLESPACE "SYSTEM"  ENABLE;
  ALTER TABLE "MINT"."GOSU_REQUEST_COST" MODIFY ("COST_DATE" NOT NULL ENABLE);
  ALTER TABLE "MINT"."GOSU_REQUEST_COST" MODIFY ("COST" NOT NULL ENABLE);
  ALTER TABLE "MINT"."GOSU_REQUEST_COST" MODIFY ("COST_CONTENT" NOT NULL ENABLE);
--------------------------------------------------------
--  Constraints for Table REPORT
--------------------------------------------------------

  ALTER TABLE "MINT"."REPORT" MODIFY ("COMMENT_CONTENT" NOT NULL ENABLE);
  ALTER TABLE "MINT"."REPORT" MODIFY ("REPORT_STATUS" NOT NULL ENABLE);
  ALTER TABLE "MINT"."REPORT" MODIFY ("REPORT_DATE" NOT NULL ENABLE);
  ALTER TABLE "MINT"."REPORT" MODIFY ("COMMENT_ID" NOT NULL ENABLE);
  ALTER TABLE "MINT"."REPORT" MODIFY ("COMMENT_NO" NOT NULL ENABLE);
  ALTER TABLE "MINT"."REPORT" MODIFY ("REPORT_REASON" NOT NULL ENABLE);
  ALTER TABLE "MINT"."REPORT" MODIFY ("REPORTER_ID" NOT NULL ENABLE);
  ALTER TABLE "MINT"."REPORT" MODIFY ("REPORT_NO" NOT NULL ENABLE);
--------------------------------------------------------
--  Constraints for Table GOSU_REVIEW
--------------------------------------------------------

  ALTER TABLE "MINT"."GOSU_REVIEW" MODIFY ("REVIEW_DATE" NOT NULL ENABLE);
  ALTER TABLE "MINT"."GOSU_REVIEW" MODIFY ("REVIEW_NUM" NOT NULL ENABLE);
  ALTER TABLE "MINT"."GOSU_REVIEW" MODIFY ("REVIEW_CONTENT" NOT NULL ENABLE);
  ALTER TABLE "MINT"."GOSU_REVIEW" ADD PRIMARY KEY ("REVIEW_NO")
  USING INDEX PCTFREE 10 INITRANS 2 MAXTRANS 255 COMPUTE STATISTICS 
  STORAGE(INITIAL 65536 NEXT 1048576 MINEXTENTS 1 MAXEXTENTS 2147483645
  PCTINCREASE 0 FREELISTS 1 FREELIST GROUPS 1 BUFFER_POOL DEFAULT FLASH_CACHE DEFAULT CELL_FLASH_CACHE DEFAULT)
  TABLESPACE "SYSTEM"  ENABLE;
--------------------------------------------------------
--  Constraints for Table GOSU_PHOTO
--------------------------------------------------------

  ALTER TABLE "MINT"."GOSU_PHOTO" ADD PRIMARY KEY ("FILE_NO")
  USING INDEX PCTFREE 10 INITRANS 2 MAXTRANS 255 COMPUTE STATISTICS 
  STORAGE(INITIAL 65536 NEXT 1048576 MINEXTENTS 1 MAXEXTENTS 2147483645
  PCTINCREASE 0 FREELISTS 1 FREELIST GROUPS 1 BUFFER_POOL DEFAULT FLASH_CACHE DEFAULT CELL_FLASH_CACHE DEFAULT)
  TABLESPACE "SYSTEM"  ENABLE;
  ALTER TABLE "MINT"."GOSU_PHOTO" MODIFY ("FILEPATH" NOT NULL ENABLE);
--------------------------------------------------------
--  Constraints for Table REFERENCE_LINK
--------------------------------------------------------

  ALTER TABLE "MINT"."REFERENCE_LINK" ADD PRIMARY KEY ("LINK_NO")
  USING INDEX PCTFREE 10 INITRANS 2 MAXTRANS 255 COMPUTE STATISTICS 
  STORAGE(INITIAL 65536 NEXT 1048576 MINEXTENTS 1 MAXEXTENTS 2147483645
  PCTINCREASE 0 FREELISTS 1 FREELIST GROUPS 1 BUFFER_POOL DEFAULT FLASH_CACHE DEFAULT CELL_FLASH_CACHE DEFAULT)
  TABLESPACE "SYSTEM"  ENABLE;
  ALTER TABLE "MINT"."REFERENCE_LINK" MODIFY ("LINK_ADDR" NOT NULL ENABLE);
--------------------------------------------------------
--  Constraints for Table PROJECT_DIBS
--------------------------------------------------------

  ALTER TABLE "MINT"."PROJECT_DIBS" ADD PRIMARY KEY ("PROJECT_DIB_NO")
  USING INDEX PCTFREE 10 INITRANS 2 MAXTRANS 255 COMPUTE STATISTICS 
  STORAGE(INITIAL 65536 NEXT 1048576 MINEXTENTS 1 MAXEXTENTS 2147483645
  PCTINCREASE 0 FREELISTS 1 FREELIST GROUPS 1 BUFFER_POOL DEFAULT FLASH_CACHE DEFAULT CELL_FLASH_CACHE DEFAULT)
  TABLESPACE "SYSTEM"  ENABLE;
--------------------------------------------------------
--  Constraints for Table GOSU_REQUEST_PROJECT_SUB
--------------------------------------------------------

  ALTER TABLE "MINT"."GOSU_REQUEST_PROJECT_SUB" ADD PRIMARY KEY ("REQUEST_PROJECT_SUB_NO")
  USING INDEX PCTFREE 10 INITRANS 2 MAXTRANS 255 COMPUTE STATISTICS 
  STORAGE(INITIAL 65536 NEXT 1048576 MINEXTENTS 1 MAXEXTENTS 2147483645
  PCTINCREASE 0 FREELISTS 1 FREELIST GROUPS 1 BUFFER_POOL DEFAULT FLASH_CACHE DEFAULT CELL_FLASH_CACHE DEFAULT)
  TABLESPACE "SYSTEM"  ENABLE;
  ALTER TABLE "MINT"."GOSU_REQUEST_PROJECT_SUB" MODIFY ("REQUEST_PROJECT_SUB_DATE" NOT NULL ENABLE);
  ALTER TABLE "MINT"."GOSU_REQUEST_PROJECT_SUB" MODIFY ("REQUEST_PROJECT_SUB_NUM" NOT NULL ENABLE);
  ALTER TABLE "MINT"."GOSU_REQUEST_PROJECT_SUB" MODIFY ("COST_NO" NOT NULL ENABLE);
  ALTER TABLE "MINT"."GOSU_REQUEST_PROJECT_SUB" MODIFY ("REQUEST_NO" NOT NULL ENABLE);
--------------------------------------------------------
--  Constraints for Table ATTACHMENT
--------------------------------------------------------

  ALTER TABLE "MINT"."ATTACHMENT" ADD PRIMARY KEY ("FILE_NO")
  USING INDEX PCTFREE 10 INITRANS 2 MAXTRANS 255 COMPUTE STATISTICS 
  STORAGE(INITIAL 65536 NEXT 1048576 MINEXTENTS 1 MAXEXTENTS 2147483645
  PCTINCREASE 0 FREELISTS 1 FREELIST GROUPS 1 BUFFER_POOL DEFAULT FLASH_CACHE DEFAULT CELL_FLASH_CACHE DEFAULT)
  TABLESPACE "SYSTEM"  ENABLE;
  ALTER TABLE "MINT"."ATTACHMENT" MODIFY ("FILE_PATH" NOT NULL ENABLE);
  ALTER TABLE "MINT"."ATTACHMENT" MODIFY ("FILE_NAME" NOT NULL ENABLE);
  ALTER TABLE "MINT"."ATTACHMENT" MODIFY ("BOARD_NO" NOT NULL ENABLE);
  ALTER TABLE "MINT"."ATTACHMENT" MODIFY ("BOARD_TYPE" NOT NULL ENABLE);
--------------------------------------------------------
--  Constraints for Table GOSU_TALK
--------------------------------------------------------

  ALTER TABLE "MINT"."GOSU_TALK" ADD PRIMARY KEY ("TALK_NO")
  USING INDEX PCTFREE 10 INITRANS 2 MAXTRANS 255 COMPUTE STATISTICS 
  STORAGE(INITIAL 65536 NEXT 1048576 MINEXTENTS 1 MAXEXTENTS 2147483645
  PCTINCREASE 0 FREELISTS 1 FREELIST GROUPS 1 BUFFER_POOL DEFAULT FLASH_CACHE DEFAULT CELL_FLASH_CACHE DEFAULT)
  TABLESPACE "SYSTEM"  ENABLE;
  ALTER TABLE "MINT"."GOSU_TALK" MODIFY ("TALK_DATE" NOT NULL ENABLE);
  ALTER TABLE "MINT"."GOSU_TALK" MODIFY ("WRITER" NOT NULL ENABLE);
  ALTER TABLE "MINT"."GOSU_TALK" MODIFY ("FEEDBACK_NO" NOT NULL ENABLE);
--------------------------------------------------------
--  Constraints for Table TASK
--------------------------------------------------------

  ALTER TABLE "MINT"."TASK" ADD PRIMARY KEY ("TASK_NO")
  USING INDEX PCTFREE 10 INITRANS 2 MAXTRANS 255 COMPUTE STATISTICS 
  STORAGE(INITIAL 65536 NEXT 1048576 MINEXTENTS 1 MAXEXTENTS 2147483645
  PCTINCREASE 0 FREELISTS 1 FREELIST GROUPS 1 BUFFER_POOL DEFAULT FLASH_CACHE DEFAULT CELL_FLASH_CACHE DEFAULT)
  TABLESPACE "SYSTEM"  ENABLE;
  ALTER TABLE "MINT"."TASK" MODIFY ("PROCESS_SORT" NOT NULL ENABLE);
  ALTER TABLE "MINT"."TASK" MODIFY ("START_DATE" NOT NULL ENABLE);
  ALTER TABLE "MINT"."TASK" MODIFY ("PRIORITY" NOT NULL ENABLE);
  ALTER TABLE "MINT"."TASK" MODIFY ("TASK_TITLE" NOT NULL ENABLE);
  ALTER TABLE "MINT"."TASK" MODIFY ("TASK_SORT" NOT NULL ENABLE);
--------------------------------------------------------
--  Constraints for Table LIKES
--------------------------------------------------------

  ALTER TABLE "MINT"."LIKES" ADD PRIMARY KEY ("LIKE_NO")
  USING INDEX PCTFREE 10 INITRANS 2 MAXTRANS 255 COMPUTE STATISTICS 
  STORAGE(INITIAL 65536 NEXT 1048576 MINEXTENTS 1 MAXEXTENTS 2147483645
  PCTINCREASE 0 FREELISTS 1 FREELIST GROUPS 1 BUFFER_POOL DEFAULT FLASH_CACHE DEFAULT CELL_FLASH_CACHE DEFAULT)
  TABLESPACE "SYSTEM"  ENABLE;
--------------------------------------------------------
--  Constraints for Table POST
--------------------------------------------------------

  ALTER TABLE "MINT"."POST" ADD PRIMARY KEY ("DM_NO")
  USING INDEX PCTFREE 10 INITRANS 2 MAXTRANS 255 COMPUTE STATISTICS 
  STORAGE(INITIAL 65536 NEXT 1048576 MINEXTENTS 1 MAXEXTENTS 2147483645
  PCTINCREASE 0 FREELISTS 1 FREELIST GROUPS 1 BUFFER_POOL DEFAULT FLASH_CACHE DEFAULT CELL_FLASH_CACHE DEFAULT)
  TABLESPACE "SYSTEM"  ENABLE;
--------------------------------------------------------
--  Constraints for Table QNA
--------------------------------------------------------

  ALTER TABLE "MINT"."QNA" ADD PRIMARY KEY ("qna_no")
  USING INDEX PCTFREE 10 INITRANS 2 MAXTRANS 255 COMPUTE STATISTICS 
  STORAGE(INITIAL 65536 NEXT 1048576 MINEXTENTS 1 MAXEXTENTS 2147483645
  PCTINCREASE 0 FREELISTS 1 FREELIST GROUPS 1 BUFFER_POOL DEFAULT FLASH_CACHE DEFAULT CELL_FLASH_CACHE DEFAULT)
  TABLESPACE "SYSTEM"  ENABLE;
  ALTER TABLE "MINT"."QNA" MODIFY ("reg_date" NOT NULL ENABLE);
  ALTER TABLE "MINT"."QNA" MODIFY ("qna_content" NOT NULL ENABLE);
  ALTER TABLE "MINT"."QNA" MODIFY ("qna_title" NOT NULL ENABLE);
  ALTER TABLE "MINT"."QNA" MODIFY ("category" NOT NULL ENABLE);
  ALTER TABLE "MINT"."QNA" MODIFY ("member_id" NOT NULL ENABLE);
--------------------------------------------------------
--  Constraints for Table PROJECT
--------------------------------------------------------

  ALTER TABLE "MINT"."PROJECT" ADD PRIMARY KEY ("PROJECT_NO")
  USING INDEX PCTFREE 10 INITRANS 2 MAXTRANS 255 COMPUTE STATISTICS 
  STORAGE(INITIAL 65536 NEXT 1048576 MINEXTENTS 1 MAXEXTENTS 2147483645
  PCTINCREASE 0 FREELISTS 1 FREELIST GROUPS 1 BUFFER_POOL DEFAULT FLASH_CACHE DEFAULT CELL_FLASH_CACHE DEFAULT)
  TABLESPACE "SYSTEM"  ENABLE;
  ALTER TABLE "MINT"."PROJECT" MODIFY ("RECRUIT_TITLE" NOT NULL ENABLE);
  ALTER TABLE "MINT"."PROJECT" MODIFY ("VIEW_COUNT" NOT NULL ENABLE);
  ALTER TABLE "MINT"."PROJECT" MODIFY ("RECRUIT_END_DATE" NOT NULL ENABLE);
  ALTER TABLE "MINT"."PROJECT" MODIFY ("RECRUIT_START_DATE" NOT NULL ENABLE);
--------------------------------------------------------
--  Constraints for Table DELETE_MEMBER
--------------------------------------------------------

  ALTER TABLE "MINT"."DELETE_MEMBER" MODIFY ("DM_DATE" NOT NULL ENABLE);
  ALTER TABLE "MINT"."DELETE_MEMBER" MODIFY ("DM_ID" NOT NULL ENABLE);
  ALTER TABLE "MINT"."DELETE_MEMBER" MODIFY ("DM_NO" NOT NULL ENABLE);
--------------------------------------------------------
--  Constraints for Table GOSU_PROJECT
--------------------------------------------------------

  ALTER TABLE "MINT"."GOSU_PROJECT" ADD PRIMARY KEY ("GPROJECT_NO")
  USING INDEX PCTFREE 10 INITRANS 2 MAXTRANS 255 COMPUTE STATISTICS 
  STORAGE(INITIAL 65536 NEXT 1048576 MINEXTENTS 1 MAXEXTENTS 2147483645
  PCTINCREASE 0 FREELISTS 1 FREELIST GROUPS 1 BUFFER_POOL DEFAULT FLASH_CACHE DEFAULT CELL_FLASH_CACHE DEFAULT)
  TABLESPACE "SYSTEM"  ENABLE;
  ALTER TABLE "MINT"."GOSU_PROJECT" MODIFY ("FILEPATH" NOT NULL ENABLE);
  ALTER TABLE "MINT"."GOSU_PROJECT" MODIFY ("GPROJECT_CONTENT" NOT NULL ENABLE);
  ALTER TABLE "MINT"."GOSU_PROJECT" MODIFY ("GPROJECT_TITLE" NOT NULL ENABLE);
--------------------------------------------------------
--  Constraints for Table RESUME
--------------------------------------------------------

  ALTER TABLE "MINT"."RESUME" ADD PRIMARY KEY ("RESUME_NO")
  USING INDEX PCTFREE 10 INITRANS 2 MAXTRANS 255 COMPUTE STATISTICS 
  STORAGE(INITIAL 65536 NEXT 1048576 MINEXTENTS 1 MAXEXTENTS 2147483645
  PCTINCREASE 0 FREELISTS 1 FREELIST GROUPS 1 BUFFER_POOL DEFAULT FLASH_CACHE DEFAULT CELL_FLASH_CACHE DEFAULT)
  TABLESPACE "SYSTEM"  ENABLE;
  ALTER TABLE "MINT"."RESUME" MODIFY ("WRITE_DATE" NOT NULL ENABLE);
  ALTER TABLE "MINT"."RESUME" MODIFY ("WORK_PLACE" NOT NULL ENABLE);
  ALTER TABLE "MINT"."RESUME" MODIFY ("MONEY" NOT NULL ENABLE);
  ALTER TABLE "MINT"."RESUME" MODIFY ("WORK_FORM" NOT NULL ENABLE);
  ALTER TABLE "MINT"."RESUME" MODIFY ("CAREER" NOT NULL ENABLE);
  ALTER TABLE "MINT"."RESUME" MODIFY ("SCHOOL_END" NOT NULL ENABLE);
  ALTER TABLE "MINT"."RESUME" MODIFY ("SCHOOL_START" NOT NULL ENABLE);
  ALTER TABLE "MINT"."RESUME" MODIFY ("SCHOOL_LOCAL" NOT NULL ENABLE);
  ALTER TABLE "MINT"."RESUME" MODIFY ("SCHOOL_NAME" NOT NULL ENABLE);
  ALTER TABLE "MINT"."RESUME" MODIFY ("ADUCATION" NOT NULL ENABLE);
  ALTER TABLE "MINT"."RESUME" MODIFY ("RESUME_TITLE" NOT NULL ENABLE);
  ALTER TABLE "MINT"."RESUME" MODIFY ("MEMBER_NO" NOT NULL ENABLE);
--------------------------------------------------------
--  Constraints for Table PROJECT_REVIEW
--------------------------------------------------------

  ALTER TABLE "MINT"."PROJECT_REVIEW" ADD PRIMARY KEY ("REVIEW_NO")
  USING INDEX PCTFREE 10 INITRANS 2 MAXTRANS 255 COMPUTE STATISTICS 
  STORAGE(INITIAL 65536 NEXT 1048576 MINEXTENTS 1 MAXEXTENTS 2147483645
  PCTINCREASE 0 FREELISTS 1 FREELIST GROUPS 1 BUFFER_POOL DEFAULT FLASH_CACHE DEFAULT CELL_FLASH_CACHE DEFAULT)
  TABLESPACE "SYSTEM"  ENABLE;
  ALTER TABLE "MINT"."PROJECT_REVIEW" MODIFY ("ENROLL_DATE" NOT NULL ENABLE);
  ALTER TABLE "MINT"."PROJECT_REVIEW" MODIFY ("REVIEW_POINT" NOT NULL ENABLE);
--------------------------------------------------------
--  Constraints for Table USE_PROJECT_LANGUAGE
--------------------------------------------------------

  ALTER TABLE "MINT"."USE_PROJECT_LANGUAGE" ADD PRIMARY KEY ("USE_PROJECT_LANG_NO")
  USING INDEX PCTFREE 10 INITRANS 2 MAXTRANS 255 COMPUTE STATISTICS 
  STORAGE(INITIAL 65536 NEXT 1048576 MINEXTENTS 1 MAXEXTENTS 2147483645
  PCTINCREASE 0 FREELISTS 1 FREELIST GROUPS 1 BUFFER_POOL DEFAULT FLASH_CACHE DEFAULT CELL_FLASH_CACHE DEFAULT)
  TABLESPACE "SYSTEM"  ENABLE;
--------------------------------------------------------
--  Constraints for Table GOSU_NOTICE
--------------------------------------------------------

  ALTER TABLE "MINT"."GOSU_NOTICE" ADD PRIMARY KEY ("GNOTICE_NO")
  USING INDEX PCTFREE 10 INITRANS 2 MAXTRANS 255 COMPUTE STATISTICS 
  STORAGE(INITIAL 65536 NEXT 1048576 MINEXTENTS 1 MAXEXTENTS 2147483645
  PCTINCREASE 0 FREELISTS 1 FREELIST GROUPS 1 BUFFER_POOL DEFAULT FLASH_CACHE DEFAULT CELL_FLASH_CACHE DEFAULT)
  TABLESPACE "SYSTEM"  ENABLE;
  ALTER TABLE "MINT"."GOSU_NOTICE" MODIFY ("GNOTICE_DATE" NOT NULL ENABLE);
  ALTER TABLE "MINT"."GOSU_NOTICE" MODIFY ("GNOTICE_PHOTO" NOT NULL ENABLE);
  ALTER TABLE "MINT"."GOSU_NOTICE" MODIFY ("GNOTICE_TITLE" NOT NULL ENABLE);
--------------------------------------------------------
--  Constraints for Table SHORTCUTS
--------------------------------------------------------

  ALTER TABLE "MINT"."SHORTCUTS" ADD PRIMARY KEY ("SHORTCUT_NO")
  USING INDEX PCTFREE 10 INITRANS 2 MAXTRANS 255 COMPUTE STATISTICS 
  STORAGE(INITIAL 65536 NEXT 1048576 MINEXTENTS 1 MAXEXTENTS 2147483645
  PCTINCREASE 0 FREELISTS 1 FREELIST GROUPS 1 BUFFER_POOL DEFAULT FLASH_CACHE DEFAULT CELL_FLASH_CACHE DEFAULT)
  TABLESPACE "SYSTEM"  ENABLE;
  ALTER TABLE "MINT"."SHORTCUTS" MODIFY ("S_LINK_ADDR" NOT NULL ENABLE);
--------------------------------------------------------
--  Constraints for Table PROJECT_ENTRY
--------------------------------------------------------

  ALTER TABLE "MINT"."PROJECT_ENTRY" ADD PRIMARY KEY ("ENTRY_NO")
  USING INDEX PCTFREE 10 INITRANS 2 MAXTRANS 255 COMPUTE STATISTICS 
  STORAGE(INITIAL 65536 NEXT 1048576 MINEXTENTS 1 MAXEXTENTS 2147483645
  PCTINCREASE 0 FREELISTS 1 FREELIST GROUPS 1 BUFFER_POOL DEFAULT FLASH_CACHE DEFAULT CELL_FLASH_CACHE DEFAULT)
  TABLESPACE "SYSTEM"  ENABLE;
  ALTER TABLE "MINT"."PROJECT_ENTRY" MODIFY ("ENTRY_STATUS" NOT NULL ENABLE);
  ALTER TABLE "MINT"."PROJECT_ENTRY" MODIFY ("APPLY_DATE" NOT NULL ENABLE);
  ALTER TABLE "MINT"."PROJECT_ENTRY" MODIFY ("AMBITION" NOT NULL ENABLE);
--------------------------------------------------------
--  Constraints for Table NON_MEMBER_QNA
--------------------------------------------------------

  ALTER TABLE "MINT"."NON_MEMBER_QNA" ADD PRIMARY KEY ("non_qna_no")
  USING INDEX PCTFREE 10 INITRANS 2 MAXTRANS 255 COMPUTE STATISTICS 
  STORAGE(INITIAL 65536 NEXT 1048576 MINEXTENTS 1 MAXEXTENTS 2147483645
  PCTINCREASE 0 FREELISTS 1 FREELIST GROUPS 1 BUFFER_POOL DEFAULT FLASH_CACHE DEFAULT CELL_FLASH_CACHE DEFAULT)
  TABLESPACE "SYSTEM"  ENABLE;
  ALTER TABLE "MINT"."NON_MEMBER_QNA" MODIFY ("reg_date" NOT NULL ENABLE);
  ALTER TABLE "MINT"."NON_MEMBER_QNA" MODIFY ("qna_content" NOT NULL ENABLE);
  ALTER TABLE "MINT"."NON_MEMBER_QNA" MODIFY ("qna_title" NOT NULL ENABLE);
  ALTER TABLE "MINT"."NON_MEMBER_QNA" MODIFY ("qna_pw" NOT NULL ENABLE);
  ALTER TABLE "MINT"."NON_MEMBER_QNA" MODIFY ("email" NOT NULL ENABLE);
  ALTER TABLE "MINT"."NON_MEMBER_QNA" MODIFY ("category" NOT NULL ENABLE);
--------------------------------------------------------
--  Constraints for Table DEVELOP_LANGUAGE
--------------------------------------------------------

  ALTER TABLE "MINT"."DEVELOP_LANGUAGE" ADD PRIMARY KEY ("LANGUAGE_NO")
  USING INDEX PCTFREE 10 INITRANS 2 MAXTRANS 255 COMPUTE STATISTICS 
  STORAGE(INITIAL 65536 NEXT 1048576 MINEXTENTS 1 MAXEXTENTS 2147483645
  PCTINCREASE 0 FREELISTS 1 FREELIST GROUPS 1 BUFFER_POOL DEFAULT FLASH_CACHE DEFAULT CELL_FLASH_CACHE DEFAULT)
  TABLESPACE "SYSTEM"  ENABLE;
  ALTER TABLE "MINT"."DEVELOP_LANGUAGE" MODIFY ("LANGUAGE_IMG" NOT NULL ENABLE);
  ALTER TABLE "MINT"."DEVELOP_LANGUAGE" MODIFY ("LANGUAGE_NAME" NOT NULL ENABLE);
--------------------------------------------------------
--  Ref Constraints for Table ANNOUNCEMENT
--------------------------------------------------------

  ALTER TABLE "MINT"."ANNOUNCEMENT" ADD FOREIGN KEY ("MEMBER_NO")
	  REFERENCES "MINT"."MEMBER" ("MEMBER_NO") ON DELETE CASCADE ENABLE;
  ALTER TABLE "MINT"."ANNOUNCEMENT" ADD FOREIGN KEY ("COMPANY_NAME")
	  REFERENCES "MINT"."COMPANY" ("COMPANY_NAME") ON DELETE CASCADE ENABLE;
--------------------------------------------------------
--  Ref Constraints for Table APPLICATION
--------------------------------------------------------

  ALTER TABLE "MINT"."APPLICATION" ADD FOREIGN KEY ("ANNOUNCE_NO")
	  REFERENCES "MINT"."ANNOUNCEMENT" ("ANNOUNCE_NO") ENABLE;
  ALTER TABLE "MINT"."APPLICATION" ADD FOREIGN KEY ("RESUME_NO")
	  REFERENCES "MINT"."RESUME" ("RESUME_NO") ENABLE;
--------------------------------------------------------
--  Ref Constraints for Table ATTACHMENT
--------------------------------------------------------

  ALTER TABLE "MINT"."ATTACHMENT" ADD FOREIGN KEY ("MEMBER_NO")
	  REFERENCES "MINT"."MEMBER" ("MEMBER_NO") ON DELETE CASCADE ENABLE;
--------------------------------------------------------
--  Ref Constraints for Table CERTIFICATION
--------------------------------------------------------

  ALTER TABLE "MINT"."CERTIFICATION" ADD FOREIGN KEY ("MEMBER_NO")
	  REFERENCES "MINT"."MEMBER" ("MEMBER_NO") ON DELETE CASCADE ENABLE;
--------------------------------------------------------
--  Ref Constraints for Table COMMENTS
--------------------------------------------------------

  ALTER TABLE "MINT"."COMMENTS" ADD FOREIGN KEY ("MEMBER_ID")
	  REFERENCES "MINT"."MEMBER" ("MEMBER_ID") ON DELETE CASCADE ENABLE;
  ALTER TABLE "MINT"."COMMENTS" ADD FOREIGN KEY ("COMMENT_REF")
	  REFERENCES "MINT"."COMMENTS" ("COMMENT_NO") ON DELETE CASCADE ENABLE;
--------------------------------------------------------
--  Ref Constraints for Table CONTEST
--------------------------------------------------------

  ALTER TABLE "MINT"."CONTEST" ADD FOREIGN KEY ("MEMBER_ID")
	  REFERENCES "MINT"."MEMBER" ("MEMBER_ID") ON DELETE CASCADE ENABLE;
--------------------------------------------------------
--  Ref Constraints for Table CONTEST_MEMBER
--------------------------------------------------------

  ALTER TABLE "MINT"."CONTEST_MEMBER" ADD FOREIGN KEY ("CONTEST_NO")
	  REFERENCES "MINT"."CONTEST" ("CONTEST_NO") ON DELETE CASCADE ENABLE;
  ALTER TABLE "MINT"."CONTEST_MEMBER" ADD FOREIGN KEY ("MEMBER_ID")
	  REFERENCES "MINT"."MEMBER" ("MEMBER_ID") ON DELETE CASCADE ENABLE;
--------------------------------------------------------
--  Ref Constraints for Table GOSU
--------------------------------------------------------

  ALTER TABLE "MINT"."GOSU" ADD FOREIGN KEY ("GOSU_NO")
	  REFERENCES "MINT"."MEMBER" ("MEMBER_NO") ENABLE;
--------------------------------------------------------
--  Ref Constraints for Table GOSU_FEEDBACK
--------------------------------------------------------

  ALTER TABLE "MINT"."GOSU_FEEDBACK" ADD FOREIGN KEY ("GGOSU_NO")
	  REFERENCES "MINT"."GOSU" ("GGOSU_NO") ENABLE;
  ALTER TABLE "MINT"."GOSU_FEEDBACK" ADD FOREIGN KEY ("MEMBER_ID")
	  REFERENCES "MINT"."MEMBER" ("MEMBER_ID") ENABLE;
--------------------------------------------------------
--  Ref Constraints for Table GOSU_NOTICE
--------------------------------------------------------

  ALTER TABLE "MINT"."GOSU_NOTICE" ADD FOREIGN KEY ("MEMBER_ID")
	  REFERENCES "MINT"."MEMBER" ("MEMBER_ID") ENABLE;
--------------------------------------------------------
--  Ref Constraints for Table GOSU_PHOTO
--------------------------------------------------------

  ALTER TABLE "MINT"."GOSU_PHOTO" ADD FOREIGN KEY ("GGOSU_NO")
	  REFERENCES "MINT"."GOSU" ("GGOSU_NO") ENABLE;
--------------------------------------------------------
--  Ref Constraints for Table GOSU_PROJECT
--------------------------------------------------------

  ALTER TABLE "MINT"."GOSU_PROJECT" ADD FOREIGN KEY ("GGOSU_NO")
	  REFERENCES "MINT"."GOSU" ("GGOSU_NO") ENABLE;
--------------------------------------------------------
--  Ref Constraints for Table GOSU_REQUEST
--------------------------------------------------------

  ALTER TABLE "MINT"."GOSU_REQUEST" ADD FOREIGN KEY ("REQUEST_WRITER_NO")
	  REFERENCES "MINT"."MEMBER" ("MEMBER_NO") ENABLE;
--------------------------------------------------------
--  Ref Constraints for Table GOSU_REQUEST_COST
--------------------------------------------------------

  ALTER TABLE "MINT"."GOSU_REQUEST_COST" ADD FOREIGN KEY ("GOSU_NO")
	  REFERENCES "MINT"."MEMBER" ("MEMBER_NO") ENABLE;
  ALTER TABLE "MINT"."GOSU_REQUEST_COST" ADD FOREIGN KEY ("REQUEST_NO")
	  REFERENCES "MINT"."GOSU_REQUEST" ("REQUEST_NO") ENABLE;
  ALTER TABLE "MINT"."GOSU_REQUEST_COST" ADD FOREIGN KEY ("MEMBER_ID")
	  REFERENCES "MINT"."MEMBER" ("MEMBER_ID") ENABLE;
--------------------------------------------------------
--  Ref Constraints for Table GOSU_REQUEST_PROJECT
--------------------------------------------------------

  ALTER TABLE "MINT"."GOSU_REQUEST_PROJECT" ADD FOREIGN KEY ("MEMBER_NO")
	  REFERENCES "MINT"."MEMBER" ("MEMBER_NO") ENABLE;
  ALTER TABLE "MINT"."GOSU_REQUEST_PROJECT" ADD FOREIGN KEY ("REQUEST_PROJECT_SUB_NO")
	  REFERENCES "MINT"."GOSU_REQUEST_PROJECT_SUB" ("REQUEST_PROJECT_SUB_NO") ENABLE;
--------------------------------------------------------
--  Ref Constraints for Table GOSU_REQUEST_PROJECT_SUB
--------------------------------------------------------

  ALTER TABLE "MINT"."GOSU_REQUEST_PROJECT_SUB" ADD FOREIGN KEY ("REQUEST_NO")
	  REFERENCES "MINT"."GOSU_REQUEST" ("REQUEST_NO") ENABLE;
  ALTER TABLE "MINT"."GOSU_REQUEST_PROJECT_SUB" ADD FOREIGN KEY ("COST_NO")
	  REFERENCES "MINT"."GOSU_REQUEST_COST" ("COST_NO") ENABLE;
--------------------------------------------------------
--  Ref Constraints for Table GOSU_REQUEST_REVIEW
--------------------------------------------------------

  ALTER TABLE "MINT"."GOSU_REQUEST_REVIEW" ADD FOREIGN KEY ("REQUEST_PROJECT_SUB_NO")
	  REFERENCES "MINT"."GOSU_REQUEST_PROJECT_SUB" ("REQUEST_PROJECT_SUB_NO") ENABLE;
  ALTER TABLE "MINT"."GOSU_REQUEST_REVIEW" ADD FOREIGN KEY ("REQUEST_MEMBER_ID")
	  REFERENCES "MINT"."MEMBER" ("MEMBER_ID") ENABLE;
--------------------------------------------------------
--  Ref Constraints for Table GOSU_REVIEW
--------------------------------------------------------

  ALTER TABLE "MINT"."GOSU_REVIEW" ADD FOREIGN KEY ("GGOSU_NO")
	  REFERENCES "MINT"."GOSU" ("GGOSU_NO") ENABLE;
  ALTER TABLE "MINT"."GOSU_REVIEW" ADD FOREIGN KEY ("WRITER")
	  REFERENCES "MINT"."MEMBER" ("MEMBER_ID") ENABLE;
--------------------------------------------------------
--  Ref Constraints for Table GOSU_TALK
--------------------------------------------------------

  ALTER TABLE "MINT"."GOSU_TALK" ADD FOREIGN KEY ("FEEDBACK_NO")
	  REFERENCES "MINT"."GOSU_FEEDBACK" ("FEEDBACK_NO") ENABLE;
  ALTER TABLE "MINT"."GOSU_TALK" ADD FOREIGN KEY ("WRITER")
	  REFERENCES "MINT"."MEMBER" ("MEMBER_ID") ENABLE;
--------------------------------------------------------
--  Ref Constraints for Table LIKES
--------------------------------------------------------

  ALTER TABLE "MINT"."LIKES" ADD FOREIGN KEY ("BOARD_NO")
	  REFERENCES "MINT"."SHARE_BOARD" ("BOARD_NO") ON DELETE CASCADE ENABLE;
  ALTER TABLE "MINT"."LIKES" ADD FOREIGN KEY ("MEMBER_NO")
	  REFERENCES "MINT"."MEMBER" ("MEMBER_NO") ON DELETE CASCADE ENABLE;
--------------------------------------------------------
--  Ref Constraints for Table NOTICE
--------------------------------------------------------

  ALTER TABLE "MINT"."NOTICE" ADD FOREIGN KEY ("notice_writer")
	  REFERENCES "MINT"."MEMBER" ("MEMBER_ID") ENABLE;
--------------------------------------------------------
--  Ref Constraints for Table PROJECT
--------------------------------------------------------

  ALTER TABLE "MINT"."PROJECT" ADD FOREIGN KEY ("MEMBER_NO")
	  REFERENCES "MINT"."MEMBER" ("MEMBER_NO") ON DELETE CASCADE ENABLE;
--------------------------------------------------------
--  Ref Constraints for Table PROJECT_DIBS
--------------------------------------------------------

  ALTER TABLE "MINT"."PROJECT_DIBS" ADD FOREIGN KEY ("PROJECT_NO")
	  REFERENCES "MINT"."PROJECT" ("PROJECT_NO") ON DELETE CASCADE ENABLE;
  ALTER TABLE "MINT"."PROJECT_DIBS" ADD FOREIGN KEY ("MEMBER_NO")
	  REFERENCES "MINT"."MEMBER" ("MEMBER_NO") ON DELETE CASCADE ENABLE;
--------------------------------------------------------
--  Ref Constraints for Table PROJECT_ENTRY
--------------------------------------------------------

  ALTER TABLE "MINT"."PROJECT_ENTRY" ADD FOREIGN KEY ("MEMBER_NO")
	  REFERENCES "MINT"."MEMBER" ("MEMBER_NO") ON DELETE CASCADE ENABLE;
  ALTER TABLE "MINT"."PROJECT_ENTRY" ADD FOREIGN KEY ("PROJECT_NO")
	  REFERENCES "MINT"."PROJECT" ("PROJECT_NO") ON DELETE CASCADE ENABLE;
--------------------------------------------------------
--  Ref Constraints for Table PROJECT_REVIEW
--------------------------------------------------------

  ALTER TABLE "MINT"."PROJECT_REVIEW" ADD FOREIGN KEY ("TEAM_MEMBER_NO")
	  REFERENCES "MINT"."PROJECT_TEAM_MEMBER" ("TEAM_MEMBER_NO") ON DELETE CASCADE ENABLE;
  ALTER TABLE "MINT"."PROJECT_REVIEW" ADD FOREIGN KEY ("PROJECT_NO")
	  REFERENCES "MINT"."PROJECT" ("PROJECT_NO") ON DELETE CASCADE ENABLE;
  ALTER TABLE "MINT"."PROJECT_REVIEW" ADD FOREIGN KEY ("REVIEW_WRITER")
	  REFERENCES "MINT"."MEMBER" ("MEMBER_NO") ON DELETE CASCADE ENABLE;
--------------------------------------------------------
--  Ref Constraints for Table PROJECT_TEAM_MEMBER
--------------------------------------------------------

  ALTER TABLE "MINT"."PROJECT_TEAM_MEMBER" ADD FOREIGN KEY ("PROJECT_NO")
	  REFERENCES "MINT"."PROJECT" ("PROJECT_NO") ON DELETE CASCADE ENABLE;
  ALTER TABLE "MINT"."PROJECT_TEAM_MEMBER" ADD FOREIGN KEY ("MEMBER_NO")
	  REFERENCES "MINT"."MEMBER" ("MEMBER_NO") ON DELETE CASCADE ENABLE;
--------------------------------------------------------
--  Ref Constraints for Table QNA
--------------------------------------------------------

  ALTER TABLE "MINT"."QNA" ADD FOREIGN KEY ("member_id")
	  REFERENCES "MINT"."MEMBER" ("MEMBER_ID") ENABLE;
--------------------------------------------------------
--  Ref Constraints for Table REFERENCE_LINK
--------------------------------------------------------

  ALTER TABLE "MINT"."REFERENCE_LINK" ADD FOREIGN KEY ("TASK_NO")
	  REFERENCES "MINT"."TASK" ("TASK_NO") ON DELETE CASCADE ENABLE;
--------------------------------------------------------
--  Ref Constraints for Table REPORT
--------------------------------------------------------

  ALTER TABLE "MINT"."REPORT" ADD FOREIGN KEY ("REPORTER_ID")
	  REFERENCES "MINT"."MEMBER" ("MEMBER_ID") ON DELETE CASCADE ENABLE;
--------------------------------------------------------
--  Ref Constraints for Table RESUME
--------------------------------------------------------

  ALTER TABLE "MINT"."RESUME" ADD FOREIGN KEY ("MEMBER_NO")
	  REFERENCES "MINT"."MEMBER" ("MEMBER_NO") ENABLE;
--------------------------------------------------------
--  Ref Constraints for Table SHARE_BOARD
--------------------------------------------------------

  ALTER TABLE "MINT"."SHARE_BOARD" ADD FOREIGN KEY ("MEMBER_NO")
	  REFERENCES "MINT"."MEMBER" ("MEMBER_NO") ON DELETE CASCADE ENABLE;
--------------------------------------------------------
--  Ref Constraints for Table SHORTCUTS
--------------------------------------------------------

  ALTER TABLE "MINT"."SHORTCUTS" ADD FOREIGN KEY ("PROJECT_NO")
	  REFERENCES "MINT"."PROJECT" ("PROJECT_NO") ON DELETE CASCADE ENABLE;
--------------------------------------------------------
--  Ref Constraints for Table TASK
--------------------------------------------------------

  ALTER TABLE "MINT"."TASK" ADD FOREIGN KEY ("PROJECT_NO")
	  REFERENCES "MINT"."PROJECT" ("PROJECT_NO") ON DELETE CASCADE ENABLE;
  ALTER TABLE "MINT"."TASK" ADD FOREIGN KEY ("TEAM_MEMBER_NO")
	  REFERENCES "MINT"."PROJECT_TEAM_MEMBER" ("TEAM_MEMBER_NO") ENABLE;
--------------------------------------------------------
--  Ref Constraints for Table TASK_SHORTCUTS
--------------------------------------------------------

  ALTER TABLE "MINT"."TASK_SHORTCUTS" ADD FOREIGN KEY ("PROJECT_NO")
	  REFERENCES "MINT"."PROJECT" ("PROJECT_NO") ON DELETE CASCADE ENABLE;
  ALTER TABLE "MINT"."TASK_SHORTCUTS" ADD FOREIGN KEY ("TASK_NO")
	  REFERENCES "MINT"."TASK" ("TASK_NO") ON DELETE CASCADE ENABLE;
--------------------------------------------------------
--  Ref Constraints for Table USE_DEVELOP_LANGUAGE
--------------------------------------------------------

  ALTER TABLE "MINT"."USE_DEVELOP_LANGUAGE" ADD FOREIGN KEY ("MEMBER_NO")
	  REFERENCES "MINT"."MEMBER" ("MEMBER_NO") ON DELETE CASCADE ENABLE;
  ALTER TABLE "MINT"."USE_DEVELOP_LANGUAGE" ADD FOREIGN KEY ("LANGUAGE_NO")
	  REFERENCES "MINT"."DEVELOP_LANGUAGE" ("LANGUAGE_NO") ON DELETE CASCADE ENABLE;
  ALTER TABLE "MINT"."USE_DEVELOP_LANGUAGE" ADD FOREIGN KEY ("PROJECT_NO")
	  REFERENCES "MINT"."PROJECT" ("PROJECT_NO") ON DELETE CASCADE ENABLE;
